grid_id,brand,brand_name,system,cut,label,alpha,measure,low_cm,high_cm
zara-eu-womens,zara,Zara,EU,womens,38,,bust,82,86
zara-eu-womens,zara,Zara,EU,womens,38,,waist,62,66
zara-eu-womens,zara,Zara,EU,womens,38,,hip,90,94
zara-eu-womens,zara,Zara,EU,womens,40,,bust,86,90
zara-eu-womens,zara,Zara,EU,womens,40,,waist,66,70
zara-eu-womens,zara,Zara,EU,womens,40,,hip,94,98
zara-eu-womens,zara,Zara,EU,womens,42,,bust,90,94
zara-eu-womens,zara,Zara,EU,womens,42,,waist,70,74
zara-eu-womens,zara,Zara,EU,womens,42,,hip,98,102
zara-eu-womens,zara,Zara,EU,womens,44,,bust,94,98
zara-eu-womens,zara,Zara,EU,womens,44,,waist,74,78
zara-eu-womens,zara,Zara,EU,womens,44,,hip,102,106
zara-eu-womens,zara,Zara,EU,womens,46,,bust,98,102
zara-eu-womens,zara,Zara,EU,womens,46,,waist,78,82
zara-eu-womens,zara,Zara,EU,womens,46,,hip,106,110
zara-eu-womens,zara,Zara,EU,womens,48,,bust,102,107
zara-eu-womens,zara,Zara,EU,womens,48,,waist,82,86
zara-eu-womens,zara,Zara,EU,womens,48,,hip,110,115
zara-eu-womens,zara,Zara,EU,womens,50,,bust,107,113
zara-eu-womens,zara,Zara,EU,womens,50,,waist,86,91
zara-eu-womens,zara,Zara,EU,womens,50,,hip,115,120
zara-eu-womens,zara,Zara,EU,womens,52,,bust,113,119
zara-eu-womens,zara,Zara,EU,womens,52,,waist,91,97
zara-eu-womens,zara,Zara,EU,womens,52,,hip,120,125
zara-int-womens,zara,Zara,INT,womens,XXS,,bust,82,86
zara-int-womens,zara,Zara,INT,womens,XXS,,waist,62,66
zara-int-womens,zara,Zara,INT,womens,XXS,,hip,90,94
zara-int-womens,zara,Zara,INT,womens,XS,,bust,86,90
zara-int-womens,zara,Zara,INT,womens,XS,,waist,66,70
zara-int-womens,zara,Zara,INT,womens,XS,,hip,94,98
zara-int-womens,zara,Zara,INT,womens,S,,bust,90,94
zara-int-womens,zara,Zara,INT,womens,S,,waist,70,74
zara-int-womens,zara,Zara,INT,womens,S,,hip,98,102
zara-int-womens,zara,Zara,INT,womens,M,,bust,94,98
zara-int-womens,zara,Zara,INT,womens,M,,waist,74,78
zara-int-womens,zara,Zara,INT,womens,M,,hip,102,106
zara-int-womens,zara,Zara,INT,womens,L,,bust,98,102
zara-int-womens,zara,Zara,INT,womens,L,,waist,78,82
zara-int-womens,zara,Zara,INT,womens,L,,hip,106,110
zara-int-womens,zara,Zara,INT,womens,XL,,bust,102,107
zara-int-womens,zara,Zara,INT,womens,XL,,waist,82,86
zara-int-womens,zara,Zara,INT,womens,XL,,hip,110,115
zara-int-womens,zara,Zara,INT,womens,XXL,,bust,107,113
zara-int-womens,zara,Zara,INT,womens,XXL,,waist,86,91
zara-int-womens,zara,Zara,INT,womens,XXL,,hip,115,120
zara-int-womens,zara,Zara,INT,womens,3XL,,bust,113,119
zara-int-womens,zara,Zara,INT,womens,3XL,,waist,91,97
zara-int-womens,zara,Zara,INT,womens,3XL,,hip,120,125
zara-fr-womens,zara,Zara,FR,womens,34,,bust,82,86
zara-fr-womens,zara,Zara,FR,womens,34,,waist,62,66
zara-fr-womens,zara,Zara,FR,womens,34,,hip,90,94
zara-fr-womens,zara,Zara,FR,womens,36,,bust,86,90
zara-fr-womens,zara,Zara,FR,womens,36,,waist,66,70
zara-fr-womens,zara,Zara,FR,womens,36,,hip,94,98
zara-fr-womens,zara,Zara,FR,womens,38,,bust,90,94
zara-fr-womens,zara,Zara,FR,womens,38,,waist,70,74
zara-fr-womens,zara,Zara,FR,womens,38,,hip,98,102
zara-fr-womens,zara,Zara,FR,womens,40,,bust,94,98
zara-fr-womens,zara,Zara,FR,womens,40,,waist,74,78
zara-fr-womens,zara,Zara,FR,womens,40,,hip,102,106
zara-fr-womens,zara,Zara,FR,womens,42,,bust,98,102
zara-fr-womens,zara,Zara,FR,womens,42,,waist,78,82
zara-fr-womens,zara,Zara,FR,womens,42,,hip,106,110
zara-fr-womens,zara,Zara,FR,womens,44,,bust,102,107
zara-fr-womens,zara,Zara,FR,womens,44,,waist,82,86
zara-fr-womens,zara,Zara,FR,womens,44,,hip,110,115
zara-fr-womens,zara,Zara,FR,womens,46,,bust,107,113
zara-fr-womens,zara,Zara,FR,womens,46,,waist,86,91
zara-fr-womens,zara,Zara,FR,womens,46,,hip,115,120
zara-fr-womens,zara,Zara,FR,womens,48,,bust,113,119
zara-fr-womens,zara,Zara,FR,womens,48,,waist,91,97
zara-fr-womens,zara,Zara,FR,womens,48,,hip,120,125
bershka-int-womens-g0,bershka,Bershka,INT,womens,XXS,,bust,74,78
bershka-int-womens-g0,bershka,Bershka,INT,womens,XXS,,waist,56,60
bershka-int-womens-g0,bershka,Bershka,INT,womens,XXS,,hip,82,86
bershka-int-womens-g0,bershka,Bershka,INT,womens,XS,,bust,78,83
bershka-int-womens-g0,bershka,Bershka,INT,womens,XS,,waist,60,65
bershka-int-womens-g0,bershka,Bershka,INT,womens,XS,,hip,86,91
bershka-int-womens-g0,bershka,Bershka,INT,womens,S,,bust,83,89
bershka-int-womens-g0,bershka,Bershka,INT,womens,S,,waist,65,71
bershka-int-womens-g0,bershka,Bershka,INT,womens,S,,hip,91,97
bershka-int-womens-g0,bershka,Bershka,INT,womens,M,,bust,89,95
bershka-int-womens-g0,bershka,Bershka,INT,womens,M,,waist,71,77
bershka-int-womens-g0,bershka,Bershka,INT,womens,M,,hip,97,103
bershka-int-womens-g0,bershka,Bershka,INT,womens,L,,bust,95,101
bershka-int-womens-g0,bershka,Bershka,INT,womens,L,,waist,77,83
bershka-int-womens-g0,bershka,Bershka,INT,womens,L,,hip,103,109
bershka-int-womens-g0,bershka,Bershka,INT,womens,XL,,bust,101,109
bershka-int-womens-g0,bershka,Bershka,INT,womens,XL,,waist,83,88.5
bershka-int-womens-g0,bershka,Bershka,INT,womens,XL,,hip,109,116
bershka-int-womens-g0,bershka,Bershka,INT,womens,XXL,,bust,109,119
bershka-int-womens-g0,bershka,Bershka,INT,womens,XXL,,waist,88.5,93.5
bershka-int-womens-g0,bershka,Bershka,INT,womens,XXL,,hip,116,124
bershka-int-mens-g0,bershka,Bershka,INT,mens,XXS,,bust,78,84
bershka-int-mens-g0,bershka,Bershka,INT,mens,XS,,bust,84,90
bershka-int-mens-g0,bershka,Bershka,INT,mens,XS,,waist,67,73
bershka-int-mens-g0,bershka,Bershka,INT,mens,S,,bust,90,96
bershka-int-mens-g0,bershka,Bershka,INT,mens,S,,waist,73,79
bershka-int-mens-g0,bershka,Bershka,INT,mens,M,,bust,96,102
bershka-int-mens-g0,bershka,Bershka,INT,mens,M,,waist,79,85
bershka-int-mens-g0,bershka,Bershka,INT,mens,L,,bust,102,108
bershka-int-mens-g0,bershka,Bershka,INT,mens,L,,waist,85,91
bershka-int-mens-g0,bershka,Bershka,INT,mens,XL,,bust,108,114
bershka-int-mens-g0,bershka,Bershka,INT,mens,XL,,waist,91,97
bershka-int-mens-g0,bershka,Bershka,INT,mens,XXL,,bust,114,120
bershka-int-mens-g0,bershka,Bershka,INT,mens,XXL,,waist,97,103
bershka-eu-womens-g0,bershka,Bershka,EU,womens,32,,waist,58,62
bershka-eu-womens-g0,bershka,Bershka,EU,womens,32,,hip,84,88
bershka-eu-womens-g0,bershka,Bershka,EU,womens,34,,waist,62,66
bershka-eu-womens-g0,bershka,Bershka,EU,womens,34,,hip,88,92
bershka-eu-womens-g0,bershka,Bershka,EU,womens,36,,waist,66,70
bershka-eu-womens-g0,bershka,Bershka,EU,womens,36,,hip,92,96
bershka-eu-womens-g0,bershka,Bershka,EU,womens,38,,waist,70,74
bershka-eu-womens-g0,bershka,Bershka,EU,womens,38,,hip,96,100
bershka-eu-womens-g0,bershka,Bershka,EU,womens,40,,waist,74,78
bershka-eu-womens-g0,bershka,Bershka,EU,womens,40,,hip,100,104
bershka-eu-womens-g0,bershka,Bershka,EU,womens,42,,waist,78,82
bershka-eu-womens-g0,bershka,Bershka,EU,womens,42,,hip,104,108
bershka-eu-womens-g0,bershka,Bershka,EU,womens,44,,waist,82,87.5
bershka-eu-womens-g0,bershka,Bershka,EU,womens,44,,hip,108,115
bershka-eu-womens-g0,bershka,Bershka,EU,womens,46,,waist,87.5,94.5
bershka-eu-womens-g0,bershka,Bershka,EU,womens,46,,hip,115,125
bershka-eu-mens-g0,bershka,Bershka,EU,mens,34,,waist,68,72
bershka-eu-mens-g0,bershka,Bershka,EU,mens,34,,hip,85,89
bershka-eu-mens-g0,bershka,Bershka,EU,mens,36,,waist,72,76
bershka-eu-mens-g0,bershka,Bershka,EU,mens,36,,hip,89,93
bershka-eu-mens-g0,bershka,Bershka,EU,mens,38,,waist,76,80
bershka-eu-mens-g0,bershka,Bershka,EU,mens,38,,hip,93,97
bershka-eu-mens-g0,bershka,Bershka,EU,mens,40,,waist,80,84
bershka-eu-mens-g0,bershka,Bershka,EU,mens,40,,hip,97,101
bershka-eu-mens-g0,bershka,Bershka,EU,mens,42,,waist,84,88
bershka-eu-mens-g0,bershka,Bershka,EU,mens,42,,hip,101,105
bershka-eu-mens-g0,bershka,Bershka,EU,mens,44,,waist,88,92
bershka-eu-mens-g0,bershka,Bershka,EU,mens,44,,hip,105,109
bershka-eu-mens-g0,bershka,Bershka,EU,mens,46,,waist,92,96
bershka-eu-mens-g0,bershka,Bershka,EU,mens,46,,hip,109,113
bershka-eu-mens-g0,bershka,Bershka,EU,mens,48,,waist,96,100
bershka-eu-mens-g0,bershka,Bershka,EU,mens,48,,hip,113,117
stradivarius-eu-womens-g0,stradivarius,Stradivarius,EU,womens,32,,waist,56,60
stradivarius-eu-womens-g0,stradivarius,Stradivarius,EU,womens,32,,hip,85,89
stradivarius-eu-womens-g0,stradivarius,Stradivarius,EU,womens,34,,waist,60,64
stradivarius-eu-womens-g0,stradivarius,Stradivarius,EU,womens,34,,hip,89,93
stradivarius-eu-womens-g0,stradivarius,Stradivarius,EU,womens,36,,waist,64,68
stradivarius-eu-womens-g0,stradivarius,Stradivarius,EU,womens,36,,hip,93,97
stradivarius-eu-womens-g0,stradivarius,Stradivarius,EU,womens,38,,waist,68,73
stradivarius-eu-womens-g0,stradivarius,Stradivarius,EU,womens,38,,hip,97,102
stradivarius-eu-womens-g0,stradivarius,Stradivarius,EU,womens,40,,waist,73,79
stradivarius-eu-womens-g0,stradivarius,Stradivarius,EU,womens,40,,hip,102,108
stradivarius-eu-womens-g0,stradivarius,Stradivarius,EU,womens,42,,waist,79,85
stradivarius-eu-womens-g0,stradivarius,Stradivarius,EU,womens,42,,hip,108,114
stradivarius-eu-womens-g0,stradivarius,Stradivarius,EU,womens,44,,waist,85,91
stradivarius-eu-womens-g0,stradivarius,Stradivarius,EU,womens,44,,hip,114,120
stradivarius-eu-mens-g3,stradivarius,Stradivarius,EU,mens,36,,waist,80,80
stradivarius-eu-mens-g3,stradivarius,Stradivarius,EU,mens,36,,hip,90,92
stradivarius-eu-mens-g3,stradivarius,Stradivarius,EU,mens,38,,waist,82,82
stradivarius-eu-mens-g3,stradivarius,Stradivarius,EU,mens,38,,hip,94,96
stradivarius-eu-mens-g3,stradivarius,Stradivarius,EU,mens,40,,waist,84,84
stradivarius-eu-mens-g3,stradivarius,Stradivarius,EU,mens,40,,hip,98,100
stradivarius-eu-mens-g3,stradivarius,Stradivarius,EU,mens,42,,waist,86,86
stradivarius-eu-mens-g3,stradivarius,Stradivarius,EU,mens,42,,hip,102,104
stradivarius-eu-mens-g3,stradivarius,Stradivarius,EU,mens,44,,waist,88,88
stradivarius-eu-mens-g3,stradivarius,Stradivarius,EU,mens,44,,hip,106,108
stradivarius-eu-mens-g3,stradivarius,Stradivarius,EU,mens,46,,waist,90,90
stradivarius-eu-mens-g3,stradivarius,Stradivarius,EU,mens,46,,hip,110,112
stradivarius-eu-mens-g3,stradivarius,Stradivarius,EU,mens,48,,waist,92,92
stradivarius-eu-mens-g3,stradivarius,Stradivarius,EU,mens,48,,hip,114,116
stradivarius-eu-mens-g6,stradivarius,Stradivarius,EU,mens,46,,bust,94,96
stradivarius-eu-mens-g6,stradivarius,Stradivarius,EU,mens,48,,bust,98,100
stradivarius-eu-mens-g6,stradivarius,Stradivarius,EU,mens,50,,bust,102,104
stradivarius-eu-mens-g6,stradivarius,Stradivarius,EU,mens,52,,bust,106,108
stradivarius-eu-mens-g6,stradivarius,Stradivarius,EU,mens,54,,bust,110,112
stradivarius-int-womens-g2,stradivarius,Stradivarius,INT,womens,XS,,bust,79,83
stradivarius-int-womens-g2,stradivarius,Stradivarius,INT,womens,XS,,waist,60,64
stradivarius-int-womens-g2,stradivarius,Stradivarius,INT,womens,XS,,hip,89,93
stradivarius-int-womens-g2,stradivarius,Stradivarius,INT,womens,S,,bust,83,87
stradivarius-int-womens-g2,stradivarius,Stradivarius,INT,womens,S,,waist,64,68
stradivarius-int-womens-g2,stradivarius,Stradivarius,INT,womens,S,,hip,93,97
stradivarius-int-womens-g2,stradivarius,Stradivarius,INT,womens,M,,bust,87,92
stradivarius-int-womens-g2,stradivarius,Stradivarius,INT,womens,M,,waist,68,73
stradivarius-int-womens-g2,stradivarius,Stradivarius,INT,womens,M,,hip,97,102
stradivarius-int-womens-g2,stradivarius,Stradivarius,INT,womens,L,,bust,92,98
stradivarius-int-womens-g2,stradivarius,Stradivarius,INT,womens,L,,waist,73,79
stradivarius-int-womens-g2,stradivarius,Stradivarius,INT,womens,L,,hip,102,108
stradivarius-int-womens-g2,stradivarius,Stradivarius,INT,womens,XL,,bust,98,104
stradivarius-int-womens-g2,stradivarius,Stradivarius,INT,womens,XL,,waist,79,85
stradivarius-int-womens-g2,stradivarius,Stradivarius,INT,womens,XL,,hip,108,114
stradivarius-int-mens-g5,stradivarius,Stradivarius,INT,mens,S,,waist,74,80
stradivarius-int-mens-g5,stradivarius,Stradivarius,INT,mens,M,,waist,80,86
stradivarius-int-mens-g5,stradivarius,Stradivarius,INT,mens,L,,waist,86,92
stradivarius-int-mens-g5,stradivarius,Stradivarius,INT,mens,XL,,waist,92,98
stradivarius-int-mens-g5,stradivarius,Stradivarius,INT,mens,XXL,,waist,98,104
stradivarius-int-mens-g7,stradivarius,Stradivarius,INT,mens,S,,bust,90,96
stradivarius-int-mens-g7,stradivarius,Stradivarius,INT,mens,M,,bust,96,102
stradivarius-int-mens-g7,stradivarius,Stradivarius,INT,mens,L,,bust,102,108
stradivarius-int-mens-g7,stradivarius,Stradivarius,INT,mens,XL,,bust,108,116
stradivarius-int-mens-g7,stradivarius,Stradivarius,INT,mens,XXL,,bust,116,122
stradivarius-us-womens,stradivarius,Stradivarius,US,womens,4,,waist,58,62
stradivarius-us-womens,stradivarius,Stradivarius,US,womens,4,,hip,84,88
stradivarius-us-womens,stradivarius,Stradivarius,US,womens,6,,waist,62,65
stradivarius-us-womens,stradivarius,Stradivarius,US,womens,6,,hip,88,92
stradivarius-us-womens,stradivarius,Stradivarius,US,womens,8,,waist,65,68
stradivarius-us-womens,stradivarius,Stradivarius,US,womens,8,,hip,92,96
stradivarius-us-womens,stradivarius,Stradivarius,US,womens,10,,waist,68,72
stradivarius-us-womens,stradivarius,Stradivarius,US,womens,10,,hip,96,100
stradivarius-us-womens,stradivarius,Stradivarius,US,womens,12,,waist,72,76
stradivarius-us-womens,stradivarius,Stradivarius,US,womens,12,,hip,100,104
stradivarius-us-womens,stradivarius,Stradivarius,US,womens,14,,waist,76,80
stradivarius-us-womens,stradivarius,Stradivarius,US,womens,14,,hip,104,108
stradivarius-us-womens,stradivarius,Stradivarius,US,womens,16,,waist,80,84
stradivarius-us-womens,stradivarius,Stradivarius,US,womens,16,,hip,108,112
stradivarius-uk-mens,stradivarius,Stradivarius,UK,mens,29,,waist,80,80
stradivarius-uk-mens,stradivarius,Stradivarius,UK,mens,29,,hip,90,92
stradivarius-uk-mens,stradivarius,Stradivarius,UK,mens,30,,waist,82,82
stradivarius-uk-mens,stradivarius,Stradivarius,UK,mens,30,,hip,94,96
stradivarius-uk-mens,stradivarius,Stradivarius,UK,mens,31,,waist,84,84
stradivarius-uk-mens,stradivarius,Stradivarius,UK,mens,31,,hip,98,100
stradivarius-uk-mens,stradivarius,Stradivarius,UK,mens,32,,waist,86,86
stradivarius-uk-mens,stradivarius,Stradivarius,UK,mens,32,,hip,102,104
stradivarius-uk-mens,stradivarius,Stradivarius,UK,mens,34,,waist,88,88
stradivarius-uk-mens,stradivarius,Stradivarius,UK,mens,34,,hip,106,108
stradivarius-uk-mens,stradivarius,Stradivarius,UK,mens,36,,waist,90,90
stradivarius-uk-mens,stradivarius,Stradivarius,UK,mens,36,,hip,110,112
stradivarius-uk-mens,stradivarius,Stradivarius,UK,mens,38,,waist,92,92
stradivarius-uk-mens,stradivarius,Stradivarius,UK,mens,38,,hip,114,116
massimo-dutti-eu-womens-g0,massimo-dutti,Massimo Dutti,EU,womens,34,XXS,hip,86,88
massimo-dutti-eu-womens-g0,massimo-dutti,Massimo Dutti,EU,womens,36,XS,hip,90,92
massimo-dutti-eu-womens-g0,massimo-dutti,Massimo Dutti,EU,womens,38,S,hip,94,96
massimo-dutti-eu-womens-g0,massimo-dutti,Massimo Dutti,EU,womens,40,M,hip,98,100
massimo-dutti-eu-womens-g0,massimo-dutti,Massimo Dutti,EU,womens,42,L,hip,102,104
massimo-dutti-eu-womens-g0,massimo-dutti,Massimo Dutti,EU,womens,44,XL,hip,106,108
massimo-dutti-eu-womens-g0,massimo-dutti,Massimo Dutti,EU,womens,46,,hip,110,112
massimo-dutti-eu-womens-g1,massimo-dutti,Massimo Dutti,EU,womens,36,,bust,82,84
massimo-dutti-eu-womens-g1,massimo-dutti,Massimo Dutti,EU,womens,36,,hip,90,92
massimo-dutti-eu-womens-g1,massimo-dutti,Massimo Dutti,EU,womens,38,,bust,86,88
massimo-dutti-eu-womens-g1,massimo-dutti,Massimo Dutti,EU,womens,38,,hip,94,96
massimo-dutti-eu-womens-g1,massimo-dutti,Massimo Dutti,EU,womens,40,,bust,90,92
massimo-dutti-eu-womens-g1,massimo-dutti,Massimo Dutti,EU,womens,40,,hip,98,100
massimo-dutti-eu-womens-g1,massimo-dutti,Massimo Dutti,EU,womens,42,,bust,94,96
massimo-dutti-eu-womens-g1,massimo-dutti,Massimo Dutti,EU,womens,42,,hip,102,104
massimo-dutti-eu-womens-g1,massimo-dutti,Massimo Dutti,EU,womens,44,,bust,98,100
massimo-dutti-eu-womens-g1,massimo-dutti,Massimo Dutti,EU,womens,44,,hip,106,108
massimo-dutti-eu-womens-g1,massimo-dutti,Massimo Dutti,EU,womens,46,,bust,102,104
massimo-dutti-eu-womens-g1,massimo-dutti,Massimo Dutti,EU,womens,46,,hip,110,112
massimo-dutti-int-womens,massimo-dutti,Massimo Dutti,INT,womens,XS,,bust,82,84
massimo-dutti-int-womens,massimo-dutti,Massimo Dutti,INT,womens,XS,,hip,90,92
massimo-dutti-int-womens,massimo-dutti,Massimo Dutti,INT,womens,S,,bust,86,88
massimo-dutti-int-womens,massimo-dutti,Massimo Dutti,INT,womens,S,,hip,94,96
massimo-dutti-int-womens,massimo-dutti,Massimo Dutti,INT,womens,M,,bust,90,92
massimo-dutti-int-womens,massimo-dutti,Massimo Dutti,INT,womens,M,,hip,98,100
massimo-dutti-int-womens,massimo-dutti,Massimo Dutti,INT,womens,L,,bust,94,96
massimo-dutti-int-womens,massimo-dutti,Massimo Dutti,INT,womens,L,,hip,102,104
massimo-dutti-int-womens,massimo-dutti,Massimo Dutti,INT,womens,XL,,bust,98,100
massimo-dutti-int-womens,massimo-dutti,Massimo Dutti,INT,womens,XL,,hip,106,108
oysho-int-womens-g0,oysho,Oysho,INT,womens,XXS,,bust,78,81
oysho-int-womens-g0,oysho,Oysho,INT,womens,XXS,,waist,61,64
oysho-int-womens-g0,oysho,Oysho,INT,womens,XXS,,hip,91,94
oysho-int-womens-g0,oysho,Oysho,INT,womens,XS,,bust,81,84
oysho-int-womens-g0,oysho,Oysho,INT,womens,XS,,waist,64,67
oysho-int-womens-g0,oysho,Oysho,INT,womens,XS,,hip,94,97
oysho-int-womens-g0,oysho,Oysho,INT,womens,S,,bust,84,88
oysho-int-womens-g0,oysho,Oysho,INT,womens,S,,waist,67,70
oysho-int-womens-g0,oysho,Oysho,INT,womens,S,,hip,97,100
oysho-int-womens-g0,oysho,Oysho,INT,womens,M,,bust,88,93
oysho-int-womens-g0,oysho,Oysho,INT,womens,M,,waist,70,75
oysho-int-womens-g0,oysho,Oysho,INT,womens,M,,hip,100,105
oysho-int-womens-g0,oysho,Oysho,INT,womens,L,,bust,94,100
oysho-int-womens-g0,oysho,Oysho,INT,womens,L,,waist,76,82
oysho-int-womens-g0,oysho,Oysho,INT,womens,L,,hip,106,112
oysho-int-womens-g0,oysho,Oysho,INT,womens,XL,,bust,100,105
oysho-int-womens-g0,oysho,Oysho,INT,womens,XL,,waist,82,87
oysho-int-womens-g0,oysho,Oysho,INT,womens,XL,,hip,112,117
oysho-int-womens-g0,oysho,Oysho,INT,womens,XXL,,bust,106,112
oysho-int-womens-g0,oysho,Oysho,INT,womens,XXL,,waist,88,94
oysho-int-womens-g0,oysho,Oysho,INT,womens,XXL,,hip,118,124
oysho-eu-womens-g0,oysho,Oysho,EU,womens,32-34,,bust,78,81
oysho-eu-womens-g0,oysho,Oysho,EU,womens,32-34,,waist,61,64
oysho-eu-womens-g0,oysho,Oysho,EU,womens,32-34,,hip,91,94
oysho-eu-womens-g0,oysho,Oysho,EU,womens,34-36,,bust,81,84
oysho-eu-womens-g0,oysho,Oysho,EU,womens,34-36,,waist,64,67
oysho-eu-womens-g0,oysho,Oysho,EU,womens,34-36,,hip,94,97
oysho-eu-womens-g0,oysho,Oysho,EU,womens,36-38,,bust,84,88
oysho-eu-womens-g0,oysho,Oysho,EU,womens,36-38,,waist,67,70
oysho-eu-womens-g0,oysho,Oysho,EU,womens,36-38,,hip,97,100
oysho-eu-womens-g0,oysho,Oysho,EU,womens,38-40,,bust,88,93
oysho-eu-womens-g0,oysho,Oysho,EU,womens,38-40,,waist,70,75
oysho-eu-womens-g0,oysho,Oysho,EU,womens,38-40,,hip,100,105
oysho-eu-womens-g0,oysho,Oysho,EU,womens,42-44,,bust,94,100
oysho-eu-womens-g0,oysho,Oysho,EU,womens,42-44,,waist,76,82
oysho-eu-womens-g0,oysho,Oysho,EU,womens,42-44,,hip,106,112
oysho-eu-womens-g0,oysho,Oysho,EU,womens,44-46,,bust,100,105
oysho-eu-womens-g0,oysho,Oysho,EU,womens,44-46,,waist,82,87
oysho-eu-womens-g0,oysho,Oysho,EU,womens,44-46,,hip,112,117
oysho-eu-womens-g0,oysho,Oysho,EU,womens,48-50,,bust,106,112
oysho-eu-womens-g0,oysho,Oysho,EU,womens,48-50,,waist,88,94
oysho-eu-womens-g0,oysho,Oysho,EU,womens,48-50,,hip,118,124
lefties-eu-womens-g0,lefties,Lefties,EU,womens,32,,bust,76,80
lefties-eu-womens-g0,lefties,Lefties,EU,womens,32,,waist,59,61
lefties-eu-womens-g0,lefties,Lefties,EU,womens,32,,hip,84,88
lefties-eu-womens-g0,lefties,Lefties,EU,womens,34,,bust,80,84
lefties-eu-womens-g0,lefties,Lefties,EU,womens,34,,waist,61,64
lefties-eu-womens-g0,lefties,Lefties,EU,womens,34,,hip,88,92
lefties-eu-womens-g0,lefties,Lefties,EU,womens,36,,bust,84,88
lefties-eu-womens-g0,lefties,Lefties,EU,womens,36,,waist,64,68
lefties-eu-womens-g0,lefties,Lefties,EU,womens,36,,hip,92,96
lefties-eu-womens-g0,lefties,Lefties,EU,womens,38,,bust,88,92
lefties-eu-womens-g0,lefties,Lefties,EU,womens,38,,waist,68,72
lefties-eu-womens-g0,lefties,Lefties,EU,womens,38,,hip,96,100
lefties-eu-womens-g0,lefties,Lefties,EU,womens,40,,bust,92,96
lefties-eu-womens-g0,lefties,Lefties,EU,womens,40,,waist,72,76
lefties-eu-womens-g0,lefties,Lefties,EU,womens,40,,hip,100,104
lefties-eu-womens-g0,lefties,Lefties,EU,womens,42,,bust,96,100
lefties-eu-womens-g0,lefties,Lefties,EU,womens,42,,waist,76,80
lefties-eu-womens-g0,lefties,Lefties,EU,womens,42,,hip,104,108
lefties-eu-womens-g0,lefties,Lefties,EU,womens,44,,bust,100,104
lefties-eu-womens-g0,lefties,Lefties,EU,womens,44,,waist,80,84
lefties-eu-womens-g0,lefties,Lefties,EU,womens,44,,hip,108,112
lefties-eu-womens-g0,lefties,Lefties,EU,womens,46,,bust,104,108
lefties-eu-womens-g0,lefties,Lefties,EU,womens,46,,waist,84,88
lefties-eu-womens-g0,lefties,Lefties,EU,womens,46,,hip,112,116
lefties-eu-mens-g1,lefties,Lefties,EU,mens,34,,bust,86,90
lefties-eu-mens-g1,lefties,Lefties,EU,mens,34,,waist,67,71
lefties-eu-mens-g1,lefties,Lefties,EU,mens,34,,hip,86,90
lefties-eu-mens-g1,lefties,Lefties,EU,mens,36,,bust,90,94
lefties-eu-mens-g1,lefties,Lefties,EU,mens,36,,waist,71,75
lefties-eu-mens-g1,lefties,Lefties,EU,mens,36,,hip,90,94
lefties-eu-mens-g1,lefties,Lefties,EU,mens,38,,bust,94,98
lefties-eu-mens-g1,lefties,Lefties,EU,mens,38,,waist,75,79
lefties-eu-mens-g1,lefties,Lefties,EU,mens,38,,hip,94,98
lefties-eu-mens-g1,lefties,Lefties,EU,mens,40,,bust,98,102
lefties-eu-mens-g1,lefties,Lefties,EU,mens,40,,waist,79,83
lefties-eu-mens-g1,lefties,Lefties,EU,mens,40,,hip,98,102
lefties-eu-mens-g1,lefties,Lefties,EU,mens,42,,bust,102,106
lefties-eu-mens-g1,lefties,Lefties,EU,mens,42,,waist,83,87
lefties-eu-mens-g1,lefties,Lefties,EU,mens,42,,hip,102,106
lefties-eu-mens-g1,lefties,Lefties,EU,mens,44,,bust,106,110
lefties-eu-mens-g1,lefties,Lefties,EU,mens,44,,waist,87,91
lefties-eu-mens-g1,lefties,Lefties,EU,mens,44,,hip,106,110
lefties-eu-mens-g1,lefties,Lefties,EU,mens,46,,bust,110,114
lefties-eu-mens-g1,lefties,Lefties,EU,mens,46,,waist,91,95
lefties-eu-mens-g1,lefties,Lefties,EU,mens,46,,hip,110,114
lefties-eu-mens-g1,lefties,Lefties,EU,mens,48,,bust,114,118
lefties-eu-mens-g1,lefties,Lefties,EU,mens,48,,waist,95,99
lefties-eu-mens-g1,lefties,Lefties,EU,mens,48,,hip,114,118
lefties-int-womens-g2,lefties,Lefties,INT,womens,XXS,,bust,76,80
lefties-int-womens-g2,lefties,Lefties,INT,womens,XXS,,waist,59,61
lefties-int-womens-g2,lefties,Lefties,INT,womens,XXS,,hip,84,88
lefties-int-womens-g2,lefties,Lefties,INT,womens,XS,,bust,80,84
lefties-int-womens-g2,lefties,Lefties,INT,womens,XS,,waist,61,64
lefties-int-womens-g2,lefties,Lefties,INT,womens,XS,,hip,88,92
lefties-int-womens-g2,lefties,Lefties,INT,womens,S,,bust,84,88
lefties-int-womens-g2,lefties,Lefties,INT,womens,S,,waist,64,68
lefties-int-womens-g2,lefties,Lefties,INT,womens,S,,hip,92,96
lefties-int-womens-g2,lefties,Lefties,INT,womens,M,,bust,88,93
lefties-int-womens-g2,lefties,Lefties,INT,womens,M,,waist,68,73
lefties-int-womens-g2,lefties,Lefties,INT,womens,M,,hip,96,101
lefties-int-womens-g2,lefties,Lefties,INT,womens,L,,bust,93,99
lefties-int-womens-g2,lefties,Lefties,INT,womens,L,,waist,73,79
lefties-int-womens-g2,lefties,Lefties,INT,womens,L,,hip,101,107
lefties-int-womens-g2,lefties,Lefties,INT,womens,XL,,bust,99,105
lefties-int-womens-g2,lefties,Lefties,INT,womens,XL,,waist,79,85
lefties-int-womens-g2,lefties,Lefties,INT,womens,XL,,hip,107,113
lefties-int-womens-g2,lefties,Lefties,INT,womens,XXL,,bust,105,111
lefties-int-womens-g2,lefties,Lefties,INT,womens,XXL,,waist,85,91
lefties-int-womens-g2,lefties,Lefties,INT,womens,XXL,,hip,113,119
lefties-int-mens-g3,lefties,Lefties,INT,mens,XS,,bust,88,92
lefties-int-mens-g3,lefties,Lefties,INT,mens,XS,,waist,70,74
lefties-int-mens-g3,lefties,Lefties,INT,mens,XS,,hip,88,92
lefties-int-mens-g3,lefties,Lefties,INT,mens,S,,bust,92,96
lefties-int-mens-g3,lefties,Lefties,INT,mens,S,,waist,74,78
lefties-int-mens-g3,lefties,Lefties,INT,mens,S,,hip,92,96
lefties-int-mens-g3,lefties,Lefties,INT,mens,M,,bust,96,101
lefties-int-mens-g3,lefties,Lefties,INT,mens,M,,waist,78,84
lefties-int-mens-g3,lefties,Lefties,INT,mens,M,,hip,96,101
lefties-int-mens-g3,lefties,Lefties,INT,mens,L,,bust,101,107
lefties-int-mens-g3,lefties,Lefties,INT,mens,L,,waist,84,90
lefties-int-mens-g3,lefties,Lefties,INT,mens,L,,hip,101,107
lefties-int-mens-g3,lefties,Lefties,INT,mens,XL,,bust,107,112
lefties-int-mens-g3,lefties,Lefties,INT,mens,XL,,waist,90,96
lefties-int-mens-g3,lefties,Lefties,INT,mens,XL,,hip,107,112
lefties-int-mens-g3,lefties,Lefties,INT,mens,XXL,,bust,112,117
lefties-int-mens-g3,lefties,Lefties,INT,mens,XXL,,waist,96,102
lefties-int-mens-g3,lefties,Lefties,INT,mens,XXL,,hip,112,117
hm-eu-womens,hm,H&M,EU,womens,32,,bust,74,78
hm-eu-womens,hm,H&M,EU,womens,32,,waist,58,62
hm-eu-womens,hm,H&M,EU,womens,32,,hip,82,86
hm-eu-womens,hm,H&M,EU,womens,34,,bust,78,82
hm-eu-womens,hm,H&M,EU,womens,34,,waist,62,66
hm-eu-womens,hm,H&M,EU,womens,34,,hip,86,90
hm-eu-womens,hm,H&M,EU,womens,36,,bust,82,86
hm-eu-womens,hm,H&M,EU,womens,36,,waist,66,70
hm-eu-womens,hm,H&M,EU,womens,36,,hip,90,94
hm-eu-womens,hm,H&M,EU,womens,38,,bust,86,90
hm-eu-womens,hm,H&M,EU,womens,38,,waist,70,74
hm-eu-womens,hm,H&M,EU,womens,38,,hip,94,98
hm-eu-womens,hm,H&M,EU,womens,40,,bust,90,94
hm-eu-womens,hm,H&M,EU,womens,40,,waist,74,78
hm-eu-womens,hm,H&M,EU,womens,40,,hip,98,102
hm-eu-womens,hm,H&M,EU,womens,42,,bust,94,98
hm-eu-womens,hm,H&M,EU,womens,42,,waist,78,82
hm-eu-womens,hm,H&M,EU,womens,42,,hip,102,106
hm-eu-womens,hm,H&M,EU,womens,44,,bust,98,102
hm-eu-womens,hm,H&M,EU,womens,44,,waist,82,86
hm-eu-womens,hm,H&M,EU,womens,44,,hip,106,110
hm-eu-womens,hm,H&M,EU,womens,46,,bust,102,107
hm-eu-womens,hm,H&M,EU,womens,46,,waist,86,91
hm-eu-womens,hm,H&M,EU,womens,46,,hip,110,114.5
hm-eu-womens,hm,H&M,EU,womens,48,,bust,107,113
hm-eu-womens,hm,H&M,EU,womens,48,,waist,91,97
hm-eu-womens,hm,H&M,EU,womens,48,,hip,114.5,119.5
hm-eu-womens,hm,H&M,EU,womens,50,,bust,113,119
hm-eu-womens,hm,H&M,EU,womens,50,,waist,97,103
hm-eu-womens,hm,H&M,EU,womens,50,,hip,119.5,124.5
hm-eu-womens,hm,H&M,EU,womens,52,,bust,119,125
hm-eu-womens,hm,H&M,EU,womens,52,,waist,103,109
hm-eu-womens,hm,H&M,EU,womens,52,,hip,124.5,129.5
hm-eu-womens,hm,H&M,EU,womens,54,,bust,125,131
hm-eu-womens,hm,H&M,EU,womens,54,,waist,109,115
hm-eu-womens,hm,H&M,EU,womens,54,,hip,129.5,134.5
hm-eu-womens,hm,H&M,EU,womens,56,,bust,131,137
hm-eu-womens,hm,H&M,EU,womens,56,,waist,115,121
hm-eu-womens,hm,H&M,EU,womens,56,,hip,134.5,139.5
hm-eu-womens,hm,H&M,EU,womens,58,,bust,137,143
hm-eu-womens,hm,H&M,EU,womens,58,,waist,121,127
hm-eu-womens,hm,H&M,EU,womens,58,,hip,139.5,144.5
hm-eu-womens,hm,H&M,EU,womens,60,,bust,143,149
hm-eu-womens,hm,H&M,EU,womens,60,,waist,127,133
hm-eu-womens,hm,H&M,EU,womens,60,,hip,144.5,149.5
hm-eu-womens,hm,H&M,EU,womens,62,,bust,149,155
hm-eu-womens,hm,H&M,EU,womens,62,,waist,133,139
hm-eu-womens,hm,H&M,EU,womens,62,,hip,149.5,154.5
hm-int-womens,hm,H&M,INT,womens,XS,,waist,60,68
hm-int-womens,hm,H&M,INT,womens,XS,,hip,77,85
hm-int-womens,hm,H&M,INT,womens,S,,waist,68,76
hm-int-womens,hm,H&M,INT,womens,S,,hip,85,93
hm-int-womens,hm,H&M,INT,womens,M,,waist,76,84
hm-int-womens,hm,H&M,INT,womens,M,,hip,93,101
hm-int-womens,hm,H&M,INT,womens,L,,waist,84,94
hm-int-womens,hm,H&M,INT,womens,L,,hip,101,109
hm-int-womens,hm,H&M,INT,womens,XL,,waist,94,106
hm-int-womens,hm,H&M,INT,womens,XL,,hip,109,117
hm-us-womens,hm,H&M,US,womens,2,,bust,74,78
hm-us-womens,hm,H&M,US,womens,2,,waist,58,62
hm-us-womens,hm,H&M,US,womens,2,,hip,82,86
hm-us-womens,hm,H&M,US,womens,4,,bust,78,82
hm-us-womens,hm,H&M,US,womens,4,,waist,62,66
hm-us-womens,hm,H&M,US,womens,4,,hip,86,90
hm-us-womens,hm,H&M,US,womens,6,,bust,82,86
hm-us-womens,hm,H&M,US,womens,6,,waist,66,70
hm-us-womens,hm,H&M,US,womens,6,,hip,90,94
hm-us-womens,hm,H&M,US,womens,8,,bust,86,90
hm-us-womens,hm,H&M,US,womens,8,,waist,70,74
hm-us-womens,hm,H&M,US,womens,8,,hip,94,98
hm-us-womens,hm,H&M,US,womens,10,,bust,90,94
hm-us-womens,hm,H&M,US,womens,10,,waist,74,78
hm-us-womens,hm,H&M,US,womens,10,,hip,98,102
hm-us-womens,hm,H&M,US,womens,12,,bust,94,98
hm-us-womens,hm,H&M,US,womens,12,,waist,78,82
hm-us-womens,hm,H&M,US,womens,12,,hip,102,106
hm-us-womens,hm,H&M,US,womens,14,,bust,98,102
hm-us-womens,hm,H&M,US,womens,14,,waist,82,86
hm-us-womens,hm,H&M,US,womens,14,,hip,106,110
hm-us-womens,hm,H&M,US,womens,16,,bust,102,107
hm-us-womens,hm,H&M,US,womens,16,,waist,86,91
hm-us-womens,hm,H&M,US,womens,16,,hip,110,114.5
hm-us-womens,hm,H&M,US,womens,18,,bust,107,113
hm-us-womens,hm,H&M,US,womens,18,,waist,91,97
hm-us-womens,hm,H&M,US,womens,18,,hip,114.5,119.5
hm-us-womens,hm,H&M,US,womens,20,,bust,113,119
hm-us-womens,hm,H&M,US,womens,20,,waist,97,103
hm-us-womens,hm,H&M,US,womens,20,,hip,119.5,124.5
hm-us-womens,hm,H&M,US,womens,22,,bust,119,125
hm-us-womens,hm,H&M,US,womens,22,,waist,103,109
hm-us-womens,hm,H&M,US,womens,22,,hip,124.5,129.5
hm-us-womens,hm,H&M,US,womens,24,,bust,125,131
hm-us-womens,hm,H&M,US,womens,24,,waist,109,115
hm-us-womens,hm,H&M,US,womens,24,,hip,129.5,134.5
hm-us-womens,hm,H&M,US,womens,26,,bust,131,137
hm-us-womens,hm,H&M,US,womens,26,,waist,115,121
hm-us-womens,hm,H&M,US,womens,26,,hip,134.5,139.5
hm-us-womens,hm,H&M,US,womens,28,,bust,137,143
hm-us-womens,hm,H&M,US,womens,28,,waist,121,127
hm-us-womens,hm,H&M,US,womens,28,,hip,139.5,144.5
hm-us-womens,hm,H&M,US,womens,30,,bust,143,149
hm-us-womens,hm,H&M,US,womens,30,,waist,127,133
hm-us-womens,hm,H&M,US,womens,30,,hip,144.5,149.5
hm-us-womens,hm,H&M,US,womens,32,,bust,149,155
hm-us-womens,hm,H&M,US,womens,32,,waist,133,139
hm-us-womens,hm,H&M,US,womens,32,,hip,149.5,154.5
hm-uk-womens,hm,H&M,UK,womens,6,,bust,74,78
hm-uk-womens,hm,H&M,UK,womens,6,,waist,58,62
hm-uk-womens,hm,H&M,UK,womens,6,,hip,82,86
hm-uk-womens,hm,H&M,UK,womens,8,,bust,78,82
hm-uk-womens,hm,H&M,UK,womens,8,,waist,62,66
hm-uk-womens,hm,H&M,UK,womens,8,,hip,86,90
hm-uk-womens,hm,H&M,UK,womens,10,,bust,82,86
hm-uk-womens,hm,H&M,UK,womens,10,,waist,66,70
hm-uk-womens,hm,H&M,UK,womens,10,,hip,90,94
hm-uk-womens,hm,H&M,UK,womens,12,,bust,86,90
hm-uk-womens,hm,H&M,UK,womens,12,,waist,70,74
hm-uk-womens,hm,H&M,UK,womens,12,,hip,94,98
hm-uk-womens,hm,H&M,UK,womens,14,,bust,90,94
hm-uk-womens,hm,H&M,UK,womens,14,,waist,74,78
hm-uk-womens,hm,H&M,UK,womens,14,,hip,98,102
hm-uk-womens,hm,H&M,UK,womens,16,,bust,94,98
hm-uk-womens,hm,H&M,UK,womens,16,,waist,78,82
hm-uk-womens,hm,H&M,UK,womens,16,,hip,102,106
hm-uk-womens,hm,H&M,UK,womens,18,,bust,98,102
hm-uk-womens,hm,H&M,UK,womens,18,,waist,82,86
hm-uk-womens,hm,H&M,UK,womens,18,,hip,106,110
hm-uk-womens,hm,H&M,UK,womens,20,,bust,102,107
hm-uk-womens,hm,H&M,UK,womens,20,,waist,86,91
hm-uk-womens,hm,H&M,UK,womens,20,,hip,110,114.5
hm-uk-womens,hm,H&M,UK,womens,22,,bust,107,113
hm-uk-womens,hm,H&M,UK,womens,22,,waist,91,97
hm-uk-womens,hm,H&M,UK,womens,22,,hip,114.5,119.5
hm-uk-womens,hm,H&M,UK,womens,24,,bust,113,119
hm-uk-womens,hm,H&M,UK,womens,24,,waist,97,103
hm-uk-womens,hm,H&M,UK,womens,24,,hip,119.5,124.5
hm-uk-womens,hm,H&M,UK,womens,26,,bust,119,125
hm-uk-womens,hm,H&M,UK,womens,26,,waist,103,109
hm-uk-womens,hm,H&M,UK,womens,26,,hip,124.5,129.5
hm-uk-womens,hm,H&M,UK,womens,28,,bust,125,131
hm-uk-womens,hm,H&M,UK,womens,28,,waist,109,115
hm-uk-womens,hm,H&M,UK,womens,28,,hip,129.5,134.5
hm-uk-womens,hm,H&M,UK,womens,30,,bust,131,137
hm-uk-womens,hm,H&M,UK,womens,30,,waist,115,121
hm-uk-womens,hm,H&M,UK,womens,30,,hip,134.5,139.5
hm-uk-womens,hm,H&M,UK,womens,32,,bust,137,143
hm-uk-womens,hm,H&M,UK,womens,32,,waist,121,127
hm-uk-womens,hm,H&M,UK,womens,32,,hip,139.5,144.5
hm-uk-womens,hm,H&M,UK,womens,34,,bust,143,149
hm-uk-womens,hm,H&M,UK,womens,34,,waist,127,133
hm-uk-womens,hm,H&M,UK,womens,34,,hip,144.5,149.5
hm-uk-womens,hm,H&M,UK,womens,36,,bust,149,155
hm-uk-womens,hm,H&M,UK,womens,36,,waist,133,139
hm-uk-womens,hm,H&M,UK,womens,36,,hip,149.5,154.5
cos-eu-womens,cos,COS,EU,womens,32,,waist,58,62
cos-eu-womens,cos,COS,EU,womens,32,,hip,82,86
cos-eu-womens,cos,COS,EU,womens,34,,waist,62,66
cos-eu-womens,cos,COS,EU,womens,34,,hip,86,90
cos-eu-womens,cos,COS,EU,womens,36,,waist,66,70
cos-eu-womens,cos,COS,EU,womens,36,,hip,90,94
cos-eu-womens,cos,COS,EU,womens,38,,waist,70,74
cos-eu-womens,cos,COS,EU,womens,38,,hip,94,97.5
cos-eu-womens,cos,COS,EU,womens,40,,waist,74,78
cos-eu-womens,cos,COS,EU,womens,40,,hip,97.5,100.5
cos-eu-womens,cos,COS,EU,womens,42,,waist,78,82.5
cos-eu-womens,cos,COS,EU,womens,42,,hip,100.5,103.5
cos-eu-womens,cos,COS,EU,womens,44,,waist,82.5,87.5
cos-eu-womens,cos,COS,EU,womens,44,,hip,103.5,106.5
cos-int-womens,cos,COS,INT,womens,XS,,waist,56,64
cos-int-womens,cos,COS,INT,womens,XS,,hip,80,88
cos-int-womens,cos,COS,INT,womens,S,,waist,64,72
cos-int-womens,cos,COS,INT,womens,S,,hip,88,95.5
cos-int-womens,cos,COS,INT,womens,M,,waist,72,80.5
cos-int-womens,cos,COS,INT,womens,M,,hip,95.5,102
cos-int-womens,cos,COS,INT,womens,L,,waist,80.5,89.5
cos-int-womens,cos,COS,INT,womens,L,,hip,102,108
cos-uk-womens,cos,COS,UK,womens,4,,waist,58,62
cos-uk-womens,cos,COS,UK,womens,4,,hip,82,86
cos-uk-womens,cos,COS,UK,womens,6,,waist,62,66
cos-uk-womens,cos,COS,UK,womens,6,,hip,86,90
cos-uk-womens,cos,COS,UK,womens,8,,waist,66,70
cos-uk-womens,cos,COS,UK,womens,8,,hip,90,94
cos-uk-womens,cos,COS,UK,womens,10,,waist,70,74
cos-uk-womens,cos,COS,UK,womens,10,,hip,94,97.5
cos-uk-womens,cos,COS,UK,womens,12,,waist,74,78
cos-uk-womens,cos,COS,UK,womens,12,,hip,97.5,100.5
cos-uk-womens,cos,COS,UK,womens,14,,waist,78,82.5
cos-uk-womens,cos,COS,UK,womens,14,,hip,100.5,103.5
cos-uk-womens,cos,COS,UK,womens,16,,waist,82.5,87.5
cos-uk-womens,cos,COS,UK,womens,16,,hip,103.5,106.5
cos-fr-womens,cos,COS,FR,womens,34,,waist,58,62
cos-fr-womens,cos,COS,FR,womens,34,,hip,82,86
cos-fr-womens,cos,COS,FR,womens,36,,waist,62,66
cos-fr-womens,cos,COS,FR,womens,36,,hip,86,90
cos-fr-womens,cos,COS,FR,womens,38,,waist,66,70
cos-fr-womens,cos,COS,FR,womens,38,,hip,90,94
cos-fr-womens,cos,COS,FR,womens,40,,waist,70,74
cos-fr-womens,cos,COS,FR,womens,40,,hip,94,97.5
cos-fr-womens,cos,COS,FR,womens,42,,waist,74,78
cos-fr-womens,cos,COS,FR,womens,42,,hip,97.5,100.5
cos-fr-womens,cos,COS,FR,womens,44,,waist,78,82.5
cos-fr-womens,cos,COS,FR,womens,44,,hip,100.5,103.5
cos-fr-womens,cos,COS,FR,womens,46,,waist,82.5,87.5
cos-fr-womens,cos,COS,FR,womens,46,,hip,103.5,106.5
cos-it-womens,cos,COS,IT,womens,38,,waist,58,62
cos-it-womens,cos,COS,IT,womens,38,,hip,82,86
cos-it-womens,cos,COS,IT,womens,40,,waist,62,66
cos-it-womens,cos,COS,IT,womens,40,,hip,86,90
cos-it-womens,cos,COS,IT,womens,42,,waist,66,70
cos-it-womens,cos,COS,IT,womens,42,,hip,90,94
cos-it-womens,cos,COS,IT,womens,44,,waist,70,74
cos-it-womens,cos,COS,IT,womens,44,,hip,94,97.5
cos-it-womens,cos,COS,IT,womens,46,,waist,74,78
cos-it-womens,cos,COS,IT,womens,46,,hip,97.5,100.5
cos-it-womens,cos,COS,IT,womens,48,,waist,78,82.5
cos-it-womens,cos,COS,IT,womens,48,,hip,100.5,103.5
cos-it-womens,cos,COS,IT,womens,50,,waist,82.5,87.5
cos-it-womens,cos,COS,IT,womens,50,,hip,103.5,106.5
monki-eu-womens,monki,Monki,EU,womens,32,,bust,74,78
monki-eu-womens,monki,Monki,EU,womens,32,,waist,58,62
monki-eu-womens,monki,Monki,EU,womens,32,,hip,82,86
monki-eu-womens,monki,Monki,EU,womens,34,,bust,78,82
monki-eu-womens,monki,Monki,EU,womens,34,,waist,62,66
monki-eu-womens,monki,Monki,EU,womens,34,,hip,86,90
monki-eu-womens,monki,Monki,EU,womens,36,,bust,82,86
monki-eu-womens,monki,Monki,EU,womens,36,,waist,66,70
monki-eu-womens,monki,Monki,EU,womens,36,,hip,90,94
monki-eu-womens,monki,Monki,EU,womens,38,,bust,86,90
monki-eu-womens,monki,Monki,EU,womens,38,,waist,70,74
monki-eu-womens,monki,Monki,EU,womens,38,,hip,94,98
monki-eu-womens,monki,Monki,EU,womens,40,,bust,90,94
monki-eu-womens,monki,Monki,EU,womens,40,,waist,74,78
monki-eu-womens,monki,Monki,EU,womens,40,,hip,98,102
monki-eu-womens,monki,Monki,EU,womens,42,,bust,94,98
monki-eu-womens,monki,Monki,EU,womens,42,,waist,78,82
monki-eu-womens,monki,Monki,EU,womens,42,,hip,102,106
monki-eu-womens,monki,Monki,EU,womens,44,,bust,98,102
monki-eu-womens,monki,Monki,EU,womens,44,,waist,82,86
monki-eu-womens,monki,Monki,EU,womens,44,,hip,106,110
monki-uk-womens,monki,Monki,UK,womens,6,,bust,74,78
monki-uk-womens,monki,Monki,UK,womens,6,,waist,58,62
monki-uk-womens,monki,Monki,UK,womens,6,,hip,82,86
monki-uk-womens,monki,Monki,UK,womens,8,,bust,78,82
monki-uk-womens,monki,Monki,UK,womens,8,,waist,62,66
monki-uk-womens,monki,Monki,UK,womens,8,,hip,86,90
monki-uk-womens,monki,Monki,UK,womens,10,,bust,82,86
monki-uk-womens,monki,Monki,UK,womens,10,,waist,66,70
monki-uk-womens,monki,Monki,UK,womens,10,,hip,90,94
monki-uk-womens,monki,Monki,UK,womens,12,,bust,86,90
monki-uk-womens,monki,Monki,UK,womens,12,,waist,70,74
monki-uk-womens,monki,Monki,UK,womens,12,,hip,94,98
monki-uk-womens,monki,Monki,UK,womens,14,,bust,90,94
monki-uk-womens,monki,Monki,UK,womens,14,,waist,74,78
monki-uk-womens,monki,Monki,UK,womens,14,,hip,98,102
monki-uk-womens,monki,Monki,UK,womens,16,,bust,94,98
monki-uk-womens,monki,Monki,UK,womens,16,,waist,78,82
monki-uk-womens,monki,Monki,UK,womens,16,,hip,102,106
monki-uk-womens,monki,Monki,UK,womens,18,,bust,98,102
monki-uk-womens,monki,Monki,UK,womens,18,,waist,82,86
monki-uk-womens,monki,Monki,UK,womens,18,,hip,106,110
monki-fr-womens,monki,Monki,FR,womens,30,,bust,74,78
monki-fr-womens,monki,Monki,FR,womens,30,,waist,58,62
monki-fr-womens,monki,Monki,FR,womens,30,,hip,82,86
monki-fr-womens,monki,Monki,FR,womens,32,,bust,78,82
monki-fr-womens,monki,Monki,FR,womens,32,,waist,62,66
monki-fr-womens,monki,Monki,FR,womens,32,,hip,86,90
monki-fr-womens,monki,Monki,FR,womens,34,,bust,82,86
monki-fr-womens,monki,Monki,FR,womens,34,,waist,66,70
monki-fr-womens,monki,Monki,FR,womens,34,,hip,90,94
monki-fr-womens,monki,Monki,FR,womens,36,,bust,86,90
monki-fr-womens,monki,Monki,FR,womens,36,,waist,70,74
monki-fr-womens,monki,Monki,FR,womens,36,,hip,94,98
monki-fr-womens,monki,Monki,FR,womens,38,,bust,90,94
monki-fr-womens,monki,Monki,FR,womens,38,,waist,74,78
monki-fr-womens,monki,Monki,FR,womens,38,,hip,98,102
monki-fr-womens,monki,Monki,FR,womens,40,,bust,94,98
monki-fr-womens,monki,Monki,FR,womens,40,,waist,78,82
monki-fr-womens,monki,Monki,FR,womens,40,,hip,102,106
monki-fr-womens,monki,Monki,FR,womens,42,,bust,98,102
monki-fr-womens,monki,Monki,FR,womens,42,,waist,82,86
monki-fr-womens,monki,Monki,FR,womens,42,,hip,106,110
weekday-eu-womens,weekday,Weekday,EU,womens,34,,bust,78,82
weekday-eu-womens,weekday,Weekday,EU,womens,34,,waist,62,66
weekday-eu-womens,weekday,Weekday,EU,womens,34,,hip,86,90
weekday-eu-womens,weekday,Weekday,EU,womens,36,,bust,82,86
weekday-eu-womens,weekday,Weekday,EU,womens,36,,waist,66,70
weekday-eu-womens,weekday,Weekday,EU,womens,36,,hip,90,94
weekday-eu-womens,weekday,Weekday,EU,womens,38,,bust,86,90
weekday-eu-womens,weekday,Weekday,EU,womens,38,,waist,70,74
weekday-eu-womens,weekday,Weekday,EU,womens,38,,hip,94,98
weekday-eu-womens,weekday,Weekday,EU,womens,40,,bust,90,94
weekday-eu-womens,weekday,Weekday,EU,womens,40,,waist,74,78
weekday-eu-womens,weekday,Weekday,EU,womens,40,,hip,98,102
weekday-eu-womens,weekday,Weekday,EU,womens,42,,bust,94,98
weekday-eu-womens,weekday,Weekday,EU,womens,42,,waist,78,82
weekday-eu-womens,weekday,Weekday,EU,womens,42,,hip,102,106
weekday-eu-womens,weekday,Weekday,EU,womens,44,,bust,98,102
weekday-eu-womens,weekday,Weekday,EU,womens,44,,waist,82,86
weekday-eu-womens,weekday,Weekday,EU,womens,44,,hip,106,110
weekday-int-womens,weekday,Weekday,INT,womens,XS,,bust,76,84
weekday-int-womens,weekday,Weekday,INT,womens,XS,,waist,60,68
weekday-int-womens,weekday,Weekday,INT,womens,XS,,hip,84,92
weekday-int-womens,weekday,Weekday,INT,womens,S,,bust,84,92
weekday-int-womens,weekday,Weekday,INT,womens,S,,waist,68,76
weekday-int-womens,weekday,Weekday,INT,womens,S,,hip,92,100
weekday-int-womens,weekday,Weekday,INT,womens,M,,bust,92,100
weekday-int-womens,weekday,Weekday,INT,womens,M,,waist,76,84
weekday-int-womens,weekday,Weekday,INT,womens,M,,hip,100,108
weekday-int-womens,weekday,Weekday,INT,womens,L,,bust,100,107
weekday-int-womens,weekday,Weekday,INT,womens,L,,waist,84,91
weekday-int-womens,weekday,Weekday,INT,womens,L,,hip,108,114.5
weekday-int-womens,weekday,Weekday,INT,womens,XL,,bust,107,113
weekday-int-womens,weekday,Weekday,INT,womens,XL,,waist,91,97
weekday-int-womens,weekday,Weekday,INT,womens,XL,,hip,114.5,119.5
weekday-uk-womens,weekday,Weekday,UK,womens,"24""",,waist,60.8,63.3
weekday-uk-womens,weekday,Weekday,UK,womens,"24""",,hip,83.8,86.3
weekday-uk-womens,weekday,Weekday,UK,womens,"25""",,waist,63.3,65.8
weekday-uk-womens,weekday,Weekday,UK,womens,"25""",,hip,86.3,89.3
weekday-uk-womens,weekday,Weekday,UK,womens,"26""",,waist,65.8,68.3
weekday-uk-womens,weekday,Weekday,UK,womens,"26""",,hip,89.3,92.3
weekday-uk-womens,weekday,Weekday,UK,womens,"27""",,waist,68.3,70.8
weekday-uk-womens,weekday,Weekday,UK,womens,"27""",,hip,92.3,94.8
weekday-uk-womens,weekday,Weekday,UK,womens,"28""",,waist,70.8,73.3
weekday-uk-womens,weekday,Weekday,UK,womens,"28""",,hip,94.8,97.3
weekday-uk-womens,weekday,Weekday,UK,womens,"29""",,waist,73.3,75.8
weekday-uk-womens,weekday,Weekday,UK,womens,"29""",,hip,97.3,99.8
weekday-uk-womens,weekday,Weekday,UK,womens,"30""",,waist,75.8,78.3
weekday-uk-womens,weekday,Weekday,UK,womens,"30""",,hip,99.8,102.3
weekday-uk-womens,weekday,Weekday,UK,womens,"31""",,waist,78.3,80.8
weekday-uk-womens,weekday,Weekday,UK,womens,"31""",,hip,102.3,104.8
weekday-uk-womens,weekday,Weekday,UK,womens,"32""",,waist,80.8,83.3
weekday-uk-womens,weekday,Weekday,UK,womens,"32""",,hip,104.8,107.3
weekday-uk-womens,weekday,Weekday,UK,womens,"33""",,waist,83.3,85.8
weekday-uk-womens,weekday,Weekday,UK,womens,"33""",,hip,107.3,109.8
weekday-uk-womens,weekday,Weekday,UK,womens,"34""",,waist,85.8,88.3
weekday-uk-womens,weekday,Weekday,UK,womens,"34""",,hip,109.8,112.3
other-stories-eu-womens-g0,other-stories,& Other Stories,EU,womens,32,,bust,74,78
other-stories-eu-womens-g0,other-stories,& Other Stories,EU,womens,32,,waist,58,62
other-stories-eu-womens-g0,other-stories,& Other Stories,EU,womens,32,,hip,82,86
other-stories-eu-womens-g0,other-stories,& Other Stories,EU,womens,34,,bust,78,82
other-stories-eu-womens-g0,other-stories,& Other Stories,EU,womens,34,,waist,62,66
other-stories-eu-womens-g0,other-stories,& Other Stories,EU,womens,34,,hip,86,90
other-stories-eu-womens-g0,other-stories,& Other Stories,EU,womens,36,,bust,82,86
other-stories-eu-womens-g0,other-stories,& Other Stories,EU,womens,36,,waist,66,70
other-stories-eu-womens-g0,other-stories,& Other Stories,EU,womens,36,,hip,90,94
other-stories-eu-womens-g0,other-stories,& Other Stories,EU,womens,38,,bust,86,90
other-stories-eu-womens-g0,other-stories,& Other Stories,EU,womens,38,,waist,70,74
other-stories-eu-womens-g0,other-stories,& Other Stories,EU,womens,38,,hip,94,98
other-stories-eu-womens-g0,other-stories,& Other Stories,EU,womens,40,,bust,90,94
other-stories-eu-womens-g0,other-stories,& Other Stories,EU,womens,40,,waist,74,78
other-stories-eu-womens-g0,other-stories,& Other Stories,EU,womens,40,,hip,98,102
other-stories-eu-womens-g0,other-stories,& Other Stories,EU,womens,42,,bust,94,98
other-stories-eu-womens-g0,other-stories,& Other Stories,EU,womens,42,,waist,78,82
other-stories-eu-womens-g0,other-stories,& Other Stories,EU,womens,42,,hip,102,106
other-stories-eu-womens-g0,other-stories,& Other Stories,EU,womens,44,,bust,98,102
other-stories-eu-womens-g0,other-stories,& Other Stories,EU,womens,44,,waist,82,86
other-stories-eu-womens-g0,other-stories,& Other Stories,EU,womens,44,,hip,106,110
other-stories-int-womens-g1,other-stories,& Other Stories,INT,womens,XS,,bust,74,78
other-stories-int-womens-g1,other-stories,& Other Stories,INT,womens,XS,,waist,58,62
other-stories-int-womens-g1,other-stories,& Other Stories,INT,womens,XS,,hip,82,86
other-stories-int-womens-g1,other-stories,& Other Stories,INT,womens,S,,bust,82,86
other-stories-int-womens-g1,other-stories,& Other Stories,INT,womens,S,,waist,66,70
other-stories-int-womens-g1,other-stories,& Other Stories,INT,womens,S,,hip,90,94
other-stories-int-womens-g1,other-stories,& Other Stories,INT,womens,M,,bust,90,94
other-stories-int-womens-g1,other-stories,& Other Stories,INT,womens,M,,waist,74,78
other-stories-int-womens-g1,other-stories,& Other Stories,INT,womens,M,,hip,98,102
other-stories-int-womens-g1,other-stories,& Other Stories,INT,womens,L,,bust,98,102
other-stories-int-womens-g1,other-stories,& Other Stories,INT,womens,L,,waist,82,86
other-stories-int-womens-g1,other-stories,& Other Stories,INT,womens,L,,hip,106,110
arket-eu-womens,arket,ARKET,EU,womens,32–34,XS,bust,76,80
arket-eu-womens,arket,ARKET,EU,womens,32–34,XS,waist,60,64
arket-eu-womens,arket,ARKET,EU,womens,32–34,XS,hip,84,88
arket-eu-womens,arket,ARKET,EU,womens,36–38,S,bust,84,88
arket-eu-womens,arket,ARKET,EU,womens,36–38,S,waist,68,72
arket-eu-womens,arket,ARKET,EU,womens,36–38,S,hip,92,96
arket-eu-womens,arket,ARKET,EU,womens,40–42,M,bust,92,96
arket-eu-womens,arket,ARKET,EU,womens,40–42,M,waist,76,80
arket-eu-womens,arket,ARKET,EU,womens,40–42,M,hip,100,104
arket-eu-womens,arket,ARKET,EU,womens,44–46,L,bust,100,104
arket-eu-womens,arket,ARKET,EU,womens,44–46,L,waist,84,88
arket-eu-womens,arket,ARKET,EU,womens,44–46,L,hip,108,112
arket-int-womens,arket,ARKET,INT,womens,XS,,bust,76,80
arket-int-womens,arket,ARKET,INT,womens,XS,,waist,60,64
arket-int-womens,arket,ARKET,INT,womens,XS,,hip,84,88
arket-int-womens,arket,ARKET,INT,womens,S,,bust,84,88
arket-int-womens,arket,ARKET,INT,womens,S,,waist,68,72
arket-int-womens,arket,ARKET,INT,womens,S,,hip,92,96
arket-int-womens,arket,ARKET,INT,womens,M,,bust,92,96
arket-int-womens,arket,ARKET,INT,womens,M,,waist,76,80
arket-int-womens,arket,ARKET,INT,womens,M,,hip,100,104
arket-int-womens,arket,ARKET,INT,womens,L,,bust,100,104
arket-int-womens,arket,ARKET,INT,womens,L,,waist,84,88
arket-int-womens,arket,ARKET,INT,womens,L,,hip,108,112
arket-uk-womens,arket,ARKET,UK,womens,4–6,XS,bust,76,80
arket-uk-womens,arket,ARKET,UK,womens,4–6,XS,waist,60,64
arket-uk-womens,arket,ARKET,UK,womens,4–6,XS,hip,84,88
arket-uk-womens,arket,ARKET,UK,womens,8–10,S,bust,84,88
arket-uk-womens,arket,ARKET,UK,womens,8–10,S,waist,68,72
arket-uk-womens,arket,ARKET,UK,womens,8–10,S,hip,92,96
arket-uk-womens,arket,ARKET,UK,womens,12–14,M,bust,92,96
arket-uk-womens,arket,ARKET,UK,womens,12–14,M,waist,76,80
arket-uk-womens,arket,ARKET,UK,womens,12–14,M,hip,100,104
arket-uk-womens,arket,ARKET,UK,womens,16,L,bust,100,104
arket-uk-womens,arket,ARKET,UK,womens,16,L,waist,84,88
arket-uk-womens,arket,ARKET,UK,womens,16,L,hip,108,112
gu-int-womens,gu,GU,INT,womens,XS,,bust,78,82
gu-int-womens,gu,GU,INT,womens,XS,,waist,58,63
gu-int-womens,gu,GU,INT,womens,XS,,hip,84,89
gu-int-womens,gu,GU,INT,womens,S,,bust,82,87
gu-int-womens,gu,GU,INT,womens,S,,waist,63,68
gu-int-womens,gu,GU,INT,womens,S,,hip,89,94
gu-int-womens,gu,GU,INT,womens,M,,bust,87,92
gu-int-womens,gu,GU,INT,womens,M,,waist,68,73
gu-int-womens,gu,GU,INT,womens,M,,hip,94,99
gu-int-womens,gu,GU,INT,womens,L,,bust,92,97
gu-int-womens,gu,GU,INT,womens,L,,waist,73,78
gu-int-womens,gu,GU,INT,womens,L,,hip,99,104
gu-int-womens,gu,GU,INT,womens,XL,,bust,97,103
gu-int-womens,gu,GU,INT,womens,XL,,waist,78,84
gu-int-womens,gu,GU,INT,womens,XL,,hip,104,110
reserved-eu-womens,reserved,Reserved,EU,womens,32,,bust,76,80
reserved-eu-womens,reserved,Reserved,EU,womens,32,,waist,58,62
reserved-eu-womens,reserved,Reserved,EU,womens,32,,hip,84,88
reserved-eu-womens,reserved,Reserved,EU,womens,34,,bust,80,84
reserved-eu-womens,reserved,Reserved,EU,womens,34,,waist,62,66
reserved-eu-womens,reserved,Reserved,EU,womens,34,,hip,88,92
reserved-eu-womens,reserved,Reserved,EU,womens,36,,bust,84,88
reserved-eu-womens,reserved,Reserved,EU,womens,36,,waist,66,70
reserved-eu-womens,reserved,Reserved,EU,womens,36,,hip,92,96
reserved-eu-womens,reserved,Reserved,EU,womens,38,,bust,88,92
reserved-eu-womens,reserved,Reserved,EU,womens,38,,waist,70,74
reserved-eu-womens,reserved,Reserved,EU,womens,38,,hip,96,100
reserved-eu-womens,reserved,Reserved,EU,womens,40,,bust,92,96
reserved-eu-womens,reserved,Reserved,EU,womens,40,,waist,74,78
reserved-eu-womens,reserved,Reserved,EU,womens,40,,hip,100,104
reserved-eu-womens,reserved,Reserved,EU,womens,42,,bust,96,100
reserved-eu-womens,reserved,Reserved,EU,womens,42,,waist,78,82
reserved-eu-womens,reserved,Reserved,EU,womens,42,,hip,104,108
reserved-eu-womens,reserved,Reserved,EU,womens,44,,bust,100,104
reserved-eu-womens,reserved,Reserved,EU,womens,44,,waist,82,86
reserved-eu-womens,reserved,Reserved,EU,womens,44,,hip,108,112
reserved-eu-womens,reserved,Reserved,EU,womens,46,,bust,104,109
reserved-eu-womens,reserved,Reserved,EU,womens,46,,waist,86,91
reserved-eu-womens,reserved,Reserved,EU,womens,46,,hip,112,117
reserved-eu-womens,reserved,Reserved,EU,womens,48,,bust,109,115
reserved-eu-womens,reserved,Reserved,EU,womens,48,,waist,91,97
reserved-eu-womens,reserved,Reserved,EU,womens,48,,hip,117,123
reserved-eu-womens,reserved,Reserved,EU,womens,50,,bust,115,121
reserved-eu-womens,reserved,Reserved,EU,womens,50,,waist,97,103
reserved-eu-womens,reserved,Reserved,EU,womens,50,,hip,123,129
reserved-eu-womens,reserved,Reserved,EU,womens,52,,bust,121,127
reserved-eu-womens,reserved,Reserved,EU,womens,52,,waist,103,109
reserved-eu-womens,reserved,Reserved,EU,womens,52,,hip,129,135
reserved-eu-womens,reserved,Reserved,EU,womens,54,,bust,127,133
reserved-eu-womens,reserved,Reserved,EU,womens,54,,waist,109,115
reserved-eu-womens,reserved,Reserved,EU,womens,54,,hip,135,141
reserved-int-womens,reserved,Reserved,INT,womens,XS,,bust,80,84
reserved-int-womens,reserved,Reserved,INT,womens,XS,,waist,62,66
reserved-int-womens,reserved,Reserved,INT,womens,XS,,hip,88,92
reserved-int-womens,reserved,Reserved,INT,womens,S,,bust,84,88
reserved-int-womens,reserved,Reserved,INT,womens,S,,waist,66,70
reserved-int-womens,reserved,Reserved,INT,womens,S,,hip,92,96
reserved-int-womens,reserved,Reserved,INT,womens,M,,bust,88,93
reserved-int-womens,reserved,Reserved,INT,womens,M,,waist,70,75
reserved-int-womens,reserved,Reserved,INT,womens,M,,hip,96,101
reserved-int-womens,reserved,Reserved,INT,womens,L,,bust,93,99
reserved-int-womens,reserved,Reserved,INT,womens,L,,waist,75,81
reserved-int-womens,reserved,Reserved,INT,womens,L,,hip,101,107
reserved-int-womens,reserved,Reserved,INT,womens,XL,,bust,99,105
reserved-int-womens,reserved,Reserved,INT,womens,XL,,waist,81,87
reserved-int-womens,reserved,Reserved,INT,womens,XL,,hip,107,113
reserved-int-womens,reserved,Reserved,INT,womens,XXL,,bust,105,111
reserved-int-womens,reserved,Reserved,INT,womens,XXL,,waist,87,93
reserved-int-womens,reserved,Reserved,INT,womens,XXL,,hip,113,119
reserved-int-womens,reserved,Reserved,INT,womens,1XL,,bust,111,117
reserved-int-womens,reserved,Reserved,INT,womens,1XL,,waist,93,99
reserved-int-womens,reserved,Reserved,INT,womens,1XL,,hip,119,125
reserved-int-womens,reserved,Reserved,INT,womens,2XL,,bust,117,123
reserved-int-womens,reserved,Reserved,INT,womens,2XL,,waist,99,105
reserved-int-womens,reserved,Reserved,INT,womens,2XL,,hip,125,131
reserved-int-womens,reserved,Reserved,INT,womens,3XL,,bust,123,129
reserved-int-womens,reserved,Reserved,INT,womens,3XL,,waist,105,111
reserved-int-womens,reserved,Reserved,INT,womens,3XL,,hip,131,137
reserved-us-womens,reserved,Reserved,US,womens,2,,bust,76,80
reserved-us-womens,reserved,Reserved,US,womens,2,,waist,58,62
reserved-us-womens,reserved,Reserved,US,womens,2,,hip,84,88
reserved-us-womens,reserved,Reserved,US,womens,4,,bust,80,84
reserved-us-womens,reserved,Reserved,US,womens,4,,waist,62,66
reserved-us-womens,reserved,Reserved,US,womens,4,,hip,88,92
reserved-us-womens,reserved,Reserved,US,womens,6,,bust,84,88
reserved-us-womens,reserved,Reserved,US,womens,6,,waist,66,70
reserved-us-womens,reserved,Reserved,US,womens,6,,hip,92,96
reserved-us-womens,reserved,Reserved,US,womens,8,,bust,88,92
reserved-us-womens,reserved,Reserved,US,womens,8,,waist,70,74
reserved-us-womens,reserved,Reserved,US,womens,8,,hip,96,100
reserved-us-womens,reserved,Reserved,US,womens,10,,bust,92,96
reserved-us-womens,reserved,Reserved,US,womens,10,,waist,74,78
reserved-us-womens,reserved,Reserved,US,womens,10,,hip,100,104
reserved-us-womens,reserved,Reserved,US,womens,12,,bust,96,100
reserved-us-womens,reserved,Reserved,US,womens,12,,waist,78,82
reserved-us-womens,reserved,Reserved,US,womens,12,,hip,104,108
reserved-us-womens,reserved,Reserved,US,womens,14,,bust,100,104
reserved-us-womens,reserved,Reserved,US,womens,14,,waist,82,86
reserved-us-womens,reserved,Reserved,US,womens,14,,hip,108,112
reserved-us-womens,reserved,Reserved,US,womens,16,,bust,104,109
reserved-us-womens,reserved,Reserved,US,womens,16,,waist,86,91
reserved-us-womens,reserved,Reserved,US,womens,16,,hip,112,117
reserved-us-womens,reserved,Reserved,US,womens,18,,bust,109,115
reserved-us-womens,reserved,Reserved,US,womens,18,,waist,91,97
reserved-us-womens,reserved,Reserved,US,womens,18,,hip,117,123
reserved-us-womens,reserved,Reserved,US,womens,20,,bust,115,121
reserved-us-womens,reserved,Reserved,US,womens,20,,waist,97,103
reserved-us-womens,reserved,Reserved,US,womens,20,,hip,123,129
reserved-us-womens,reserved,Reserved,US,womens,22,,bust,121,127
reserved-us-womens,reserved,Reserved,US,womens,22,,waist,103,109
reserved-us-womens,reserved,Reserved,US,womens,22,,hip,129,135
reserved-us-womens,reserved,Reserved,US,womens,24,,bust,127,133
reserved-us-womens,reserved,Reserved,US,womens,24,,waist,109,115
reserved-us-womens,reserved,Reserved,US,womens,24,,hip,135,141
reserved-uk-womens,reserved,Reserved,UK,womens,4,,bust,76,80
reserved-uk-womens,reserved,Reserved,UK,womens,4,,waist,58,62
reserved-uk-womens,reserved,Reserved,UK,womens,4,,hip,84,88
reserved-uk-womens,reserved,Reserved,UK,womens,6,,bust,80,84
reserved-uk-womens,reserved,Reserved,UK,womens,6,,waist,62,66
reserved-uk-womens,reserved,Reserved,UK,womens,6,,hip,88,92
reserved-uk-womens,reserved,Reserved,UK,womens,8,,bust,84,88
reserved-uk-womens,reserved,Reserved,UK,womens,8,,waist,66,70
reserved-uk-womens,reserved,Reserved,UK,womens,8,,hip,92,96
reserved-uk-womens,reserved,Reserved,UK,womens,10,,bust,88,92
reserved-uk-womens,reserved,Reserved,UK,womens,10,,waist,70,74
reserved-uk-womens,reserved,Reserved,UK,womens,10,,hip,96,100
reserved-uk-womens,reserved,Reserved,UK,womens,12,,bust,92,96
reserved-uk-womens,reserved,Reserved,UK,womens,12,,waist,74,78
reserved-uk-womens,reserved,Reserved,UK,womens,12,,hip,100,104
reserved-uk-womens,reserved,Reserved,UK,womens,14,,bust,96,100
reserved-uk-womens,reserved,Reserved,UK,womens,14,,waist,78,82
reserved-uk-womens,reserved,Reserved,UK,womens,14,,hip,104,108
reserved-uk-womens,reserved,Reserved,UK,womens,16,,bust,100,104
reserved-uk-womens,reserved,Reserved,UK,womens,16,,waist,82,86
reserved-uk-womens,reserved,Reserved,UK,womens,16,,hip,108,112
reserved-uk-womens,reserved,Reserved,UK,womens,18,,bust,104,109
reserved-uk-womens,reserved,Reserved,UK,womens,18,,waist,86,91
reserved-uk-womens,reserved,Reserved,UK,womens,18,,hip,112,117
reserved-uk-womens,reserved,Reserved,UK,womens,20,,bust,109,115
reserved-uk-womens,reserved,Reserved,UK,womens,20,,waist,91,97
reserved-uk-womens,reserved,Reserved,UK,womens,20,,hip,117,123
reserved-uk-womens,reserved,Reserved,UK,womens,22,,bust,115,121
reserved-uk-womens,reserved,Reserved,UK,womens,22,,waist,97,103
reserved-uk-womens,reserved,Reserved,UK,womens,22,,hip,123,129
reserved-uk-womens,reserved,Reserved,UK,womens,24,,bust,121,127
reserved-uk-womens,reserved,Reserved,UK,womens,24,,waist,103,109
reserved-uk-womens,reserved,Reserved,UK,womens,24,,hip,129,135
reserved-uk-womens,reserved,Reserved,UK,womens,26,,bust,127,133
reserved-uk-womens,reserved,Reserved,UK,womens,26,,waist,109,115
reserved-uk-womens,reserved,Reserved,UK,womens,26,,hip,135,141
reserved-it-womens,reserved,Reserved,IT,womens,36,,bust,76,80
reserved-it-womens,reserved,Reserved,IT,womens,36,,waist,58,62
reserved-it-womens,reserved,Reserved,IT,womens,36,,hip,84,88
reserved-it-womens,reserved,Reserved,IT,womens,38,,bust,80,84
reserved-it-womens,reserved,Reserved,IT,womens,38,,waist,62,66
reserved-it-womens,reserved,Reserved,IT,womens,38,,hip,88,92
reserved-it-womens,reserved,Reserved,IT,womens,40,,bust,84,88
reserved-it-womens,reserved,Reserved,IT,womens,40,,waist,66,70
reserved-it-womens,reserved,Reserved,IT,womens,40,,hip,92,96
reserved-it-womens,reserved,Reserved,IT,womens,42,,bust,88,92
reserved-it-womens,reserved,Reserved,IT,womens,42,,waist,70,74
reserved-it-womens,reserved,Reserved,IT,womens,42,,hip,96,100
reserved-it-womens,reserved,Reserved,IT,womens,44,,bust,92,96
reserved-it-womens,reserved,Reserved,IT,womens,44,,waist,74,78
reserved-it-womens,reserved,Reserved,IT,womens,44,,hip,100,104
reserved-it-womens,reserved,Reserved,IT,womens,46,,bust,96,100
reserved-it-womens,reserved,Reserved,IT,womens,46,,waist,78,82
reserved-it-womens,reserved,Reserved,IT,womens,46,,hip,104,108
reserved-it-womens,reserved,Reserved,IT,womens,48,,bust,100,104
reserved-it-womens,reserved,Reserved,IT,womens,48,,waist,82,86
reserved-it-womens,reserved,Reserved,IT,womens,48,,hip,108,112
reserved-it-womens,reserved,Reserved,IT,womens,50,,bust,104,109
reserved-it-womens,reserved,Reserved,IT,womens,50,,waist,86,91
reserved-it-womens,reserved,Reserved,IT,womens,50,,hip,112,117
reserved-it-womens,reserved,Reserved,IT,womens,52,,bust,109,115
reserved-it-womens,reserved,Reserved,IT,womens,52,,waist,91,97
reserved-it-womens,reserved,Reserved,IT,womens,52,,hip,117,123
reserved-it-womens,reserved,Reserved,IT,womens,54,,bust,115,121
reserved-it-womens,reserved,Reserved,IT,womens,54,,waist,97,103
reserved-it-womens,reserved,Reserved,IT,womens,54,,hip,123,129
reserved-it-womens,reserved,Reserved,IT,womens,56,,bust,121,127
reserved-it-womens,reserved,Reserved,IT,womens,56,,waist,103,109
reserved-it-womens,reserved,Reserved,IT,womens,56,,hip,129,135
reserved-it-womens,reserved,Reserved,IT,womens,58,,bust,127,133
reserved-it-womens,reserved,Reserved,IT,womens,58,,waist,109,115
reserved-it-womens,reserved,Reserved,IT,womens,58,,hip,135,141
cropp-eu-womens-g2,cropp,Cropp,EU,womens,34,XS,waist,62,66
cropp-eu-womens-g2,cropp,Cropp,EU,womens,34,XS,hip,88,92
cropp-eu-womens-g2,cropp,Cropp,EU,womens,36,S,waist,66,70
cropp-eu-womens-g2,cropp,Cropp,EU,womens,36,S,hip,92,96
cropp-eu-womens-g2,cropp,Cropp,EU,womens,38,M,waist,70,74
cropp-eu-womens-g2,cropp,Cropp,EU,womens,38,M,hip,96,100
cropp-eu-womens-g2,cropp,Cropp,EU,womens,40,L,waist,74,78
cropp-eu-womens-g2,cropp,Cropp,EU,womens,40,L,hip,100,104
cropp-eu-womens-g2,cropp,Cropp,EU,womens,42,XL,waist,78,82
cropp-eu-womens-g2,cropp,Cropp,EU,womens,42,XL,hip,104,108
cropp-eu-womens-g7,cropp,Cropp,EU,womens,34,XS,bust,80,84
cropp-eu-womens-g7,cropp,Cropp,EU,womens,34,XS,waist,62,66
cropp-eu-womens-g7,cropp,Cropp,EU,womens,34,XS,hip,88,92
cropp-eu-womens-g7,cropp,Cropp,EU,womens,36,S,bust,84,88
cropp-eu-womens-g7,cropp,Cropp,EU,womens,36,S,waist,66,70
cropp-eu-womens-g7,cropp,Cropp,EU,womens,36,S,hip,92,96
cropp-eu-womens-g7,cropp,Cropp,EU,womens,38,M,bust,88,92
cropp-eu-womens-g7,cropp,Cropp,EU,womens,38,M,waist,70,74
cropp-eu-womens-g7,cropp,Cropp,EU,womens,38,M,hip,96,100
cropp-eu-womens-g7,cropp,Cropp,EU,womens,40,L,bust,92,96
cropp-eu-womens-g7,cropp,Cropp,EU,womens,40,L,waist,74,78
cropp-eu-womens-g7,cropp,Cropp,EU,womens,40,L,hip,100,104
cropp-eu-womens-g7,cropp,Cropp,EU,womens,42,XL,bust,96,100
cropp-eu-womens-g7,cropp,Cropp,EU,womens,42,XL,waist,78,82
cropp-eu-womens-g7,cropp,Cropp,EU,womens,42,XL,hip,104,108
cropp-int-mens-g0,cropp,Cropp,INT,mens,XS,,bust,84,88
cropp-int-mens-g0,cropp,Cropp,INT,mens,XS,,waist,72,76
cropp-int-mens-g0,cropp,Cropp,INT,mens,XS,,hip,86,90
cropp-int-mens-g0,cropp,Cropp,INT,mens,S,,bust,88,94
cropp-int-mens-g0,cropp,Cropp,INT,mens,S,,waist,76,82
cropp-int-mens-g0,cropp,Cropp,INT,mens,S,,hip,90,96
cropp-int-mens-g0,cropp,Cropp,INT,mens,M,,bust,94,100
cropp-int-mens-g0,cropp,Cropp,INT,mens,M,,waist,82,88
cropp-int-mens-g0,cropp,Cropp,INT,mens,M,,hip,96,102
cropp-int-mens-g0,cropp,Cropp,INT,mens,L,,bust,100,106
cropp-int-mens-g0,cropp,Cropp,INT,mens,L,,waist,88,94
cropp-int-mens-g0,cropp,Cropp,INT,mens,L,,hip,102,108
cropp-int-mens-g0,cropp,Cropp,INT,mens,XL,,bust,106,112
cropp-int-mens-g0,cropp,Cropp,INT,mens,XL,,waist,94,100
cropp-int-mens-g0,cropp,Cropp,INT,mens,XL,,hip,108,114
cropp-int-mens-g0,cropp,Cropp,INT,mens,XXL,,bust,112,118
cropp-int-mens-g0,cropp,Cropp,INT,mens,XXL,,waist,100,106
cropp-int-mens-g0,cropp,Cropp,INT,mens,XXL,,hip,114,120
cropp-int-womens-g1,cropp,Cropp,INT,womens,XS,,waist,62,66
cropp-int-womens-g1,cropp,Cropp,INT,womens,XS,,hip,88,92
cropp-int-womens-g1,cropp,Cropp,INT,womens,S,,waist,66,70
cropp-int-womens-g1,cropp,Cropp,INT,womens,S,,hip,92,96
cropp-int-womens-g1,cropp,Cropp,INT,womens,M,,waist,70,74
cropp-int-womens-g1,cropp,Cropp,INT,womens,M,,hip,96,100
cropp-int-womens-g1,cropp,Cropp,INT,womens,L,,waist,74,78
cropp-int-womens-g1,cropp,Cropp,INT,womens,L,,hip,100,104
cropp-int-womens-g1,cropp,Cropp,INT,womens,XL,,waist,78,82
cropp-int-womens-g1,cropp,Cropp,INT,womens,XL,,hip,104,108
cropp-int-mens-g5,cropp,Cropp,INT,mens,XS,,waist,72,76
cropp-int-mens-g5,cropp,Cropp,INT,mens,XS,,hip,87,92
cropp-int-mens-g5,cropp,Cropp,INT,mens,S,,waist,76,82
cropp-int-mens-g5,cropp,Cropp,INT,mens,S,,hip,92,97
cropp-int-mens-g5,cropp,Cropp,INT,mens,M,,waist,82,88
cropp-int-mens-g5,cropp,Cropp,INT,mens,M,,hip,97,102
cropp-int-mens-g5,cropp,Cropp,INT,mens,L,,waist,88,94
cropp-int-mens-g5,cropp,Cropp,INT,mens,L,,hip,102,107
cropp-int-mens-g5,cropp,Cropp,INT,mens,XL,,waist,94,100
cropp-int-mens-g5,cropp,Cropp,INT,mens,XL,,hip,107,112
cropp-int-mens-g5,cropp,Cropp,INT,mens,XXL,,waist,100,106
cropp-int-mens-g5,cropp,Cropp,INT,mens,XXL,,hip,112,117
cropp-int-womens-g6,cropp,Cropp,INT,womens,XS,,bust,80,84
cropp-int-womens-g6,cropp,Cropp,INT,womens,XS,,waist,62,66
cropp-int-womens-g6,cropp,Cropp,INT,womens,XS,,hip,88,92
cropp-int-womens-g6,cropp,Cropp,INT,womens,S,,bust,84,88
cropp-int-womens-g6,cropp,Cropp,INT,womens,S,,waist,66,70
cropp-int-womens-g6,cropp,Cropp,INT,womens,S,,hip,92,96
cropp-int-womens-g6,cropp,Cropp,INT,womens,M,,bust,88,92
cropp-int-womens-g6,cropp,Cropp,INT,womens,M,,waist,70,74
cropp-int-womens-g6,cropp,Cropp,INT,womens,M,,hip,96,100
cropp-int-womens-g6,cropp,Cropp,INT,womens,L,,bust,92,96
cropp-int-womens-g6,cropp,Cropp,INT,womens,L,,waist,74,78
cropp-int-womens-g6,cropp,Cropp,INT,womens,L,,hip,100,104
cropp-int-womens-g6,cropp,Cropp,INT,womens,XL,,bust,96,100
cropp-int-womens-g6,cropp,Cropp,INT,womens,XL,,waist,78,82
cropp-int-womens-g6,cropp,Cropp,INT,womens,XL,,hip,104,108
cropp-us-womens-g4,cropp,Cropp,US,womens,4,XS,waist,62,66
cropp-us-womens-g4,cropp,Cropp,US,womens,4,XS,hip,88,92
cropp-us-womens-g4,cropp,Cropp,US,womens,6,S,waist,66,70
cropp-us-womens-g4,cropp,Cropp,US,womens,6,S,hip,92,96
cropp-us-womens-g4,cropp,Cropp,US,womens,8,M,waist,70,74
cropp-us-womens-g4,cropp,Cropp,US,womens,8,M,hip,96,100
cropp-us-womens-g4,cropp,Cropp,US,womens,10,L,waist,74,78
cropp-us-womens-g4,cropp,Cropp,US,womens,10,L,hip,100,104
cropp-us-womens-g4,cropp,Cropp,US,womens,12,XL,waist,78,82
cropp-us-womens-g4,cropp,Cropp,US,womens,12,XL,hip,104,108
cropp-us-womens-g9,cropp,Cropp,US,womens,4,XS,bust,80,84
cropp-us-womens-g9,cropp,Cropp,US,womens,4,XS,waist,62,66
cropp-us-womens-g9,cropp,Cropp,US,womens,4,XS,hip,88,92
cropp-us-womens-g9,cropp,Cropp,US,womens,6,S,bust,84,88
cropp-us-womens-g9,cropp,Cropp,US,womens,6,S,waist,66,70
cropp-us-womens-g9,cropp,Cropp,US,womens,6,S,hip,92,96
cropp-us-womens-g9,cropp,Cropp,US,womens,8,M,bust,88,92
cropp-us-womens-g9,cropp,Cropp,US,womens,8,M,waist,70,74
cropp-us-womens-g9,cropp,Cropp,US,womens,8,M,hip,96,100
cropp-us-womens-g9,cropp,Cropp,US,womens,10,L,bust,92,96
cropp-us-womens-g9,cropp,Cropp,US,womens,10,L,waist,74,78
cropp-us-womens-g9,cropp,Cropp,US,womens,10,L,hip,100,104
cropp-us-womens-g9,cropp,Cropp,US,womens,12,XL,bust,96,100
cropp-us-womens-g9,cropp,Cropp,US,womens,12,XL,waist,78,82
cropp-us-womens-g9,cropp,Cropp,US,womens,12,XL,hip,104,108
cropp-uk-womens-g3,cropp,Cropp,UK,womens,8,XS,waist,62,66
cropp-uk-womens-g3,cropp,Cropp,UK,womens,8,XS,hip,88,92
cropp-uk-womens-g3,cropp,Cropp,UK,womens,10,S,waist,66,70
cropp-uk-womens-g3,cropp,Cropp,UK,womens,10,S,hip,92,96
cropp-uk-womens-g3,cropp,Cropp,UK,womens,12,M,waist,70,74
cropp-uk-womens-g3,cropp,Cropp,UK,womens,12,M,hip,96,100
cropp-uk-womens-g3,cropp,Cropp,UK,womens,14,L,waist,74,78
cropp-uk-womens-g3,cropp,Cropp,UK,womens,14,L,hip,100,104
cropp-uk-womens-g3,cropp,Cropp,UK,womens,16,XL,waist,78,82
cropp-uk-womens-g3,cropp,Cropp,UK,womens,16,XL,hip,104,108
cropp-uk-womens-g8,cropp,Cropp,UK,womens,8,XS,bust,80,84
cropp-uk-womens-g8,cropp,Cropp,UK,womens,8,XS,waist,62,66
cropp-uk-womens-g8,cropp,Cropp,UK,womens,8,XS,hip,88,92
cropp-uk-womens-g8,cropp,Cropp,UK,womens,10,S,bust,84,88
cropp-uk-womens-g8,cropp,Cropp,UK,womens,10,S,waist,66,70
cropp-uk-womens-g8,cropp,Cropp,UK,womens,10,S,hip,92,96
cropp-uk-womens-g8,cropp,Cropp,UK,womens,12,M,bust,88,92
cropp-uk-womens-g8,cropp,Cropp,UK,womens,12,M,waist,70,74
cropp-uk-womens-g8,cropp,Cropp,UK,womens,12,M,hip,96,100
cropp-uk-womens-g8,cropp,Cropp,UK,womens,14,L,bust,92,96
cropp-uk-womens-g8,cropp,Cropp,UK,womens,14,L,waist,74,78
cropp-uk-womens-g8,cropp,Cropp,UK,womens,14,L,hip,100,104
cropp-uk-womens-g8,cropp,Cropp,UK,womens,16,XL,bust,96,100
cropp-uk-womens-g8,cropp,Cropp,UK,womens,16,XL,waist,78,82
cropp-uk-womens-g8,cropp,Cropp,UK,womens,16,XL,hip,104,108
house-eu-womens,house,House,EU,womens,32,,waist,58,62
house-eu-womens,house,House,EU,womens,32,,hip,84,88
house-eu-womens,house,House,EU,womens,34,,waist,62,66
house-eu-womens,house,House,EU,womens,34,,hip,88,92
house-eu-womens,house,House,EU,womens,36,,waist,66,70
house-eu-womens,house,House,EU,womens,36,,hip,92,96
house-eu-womens,house,House,EU,womens,38,,waist,70,74
house-eu-womens,house,House,EU,womens,38,,hip,96,100
house-eu-womens,house,House,EU,womens,40,,waist,74,78
house-eu-womens,house,House,EU,womens,40,,hip,100,104
house-eu-womens,house,House,EU,womens,42,,waist,78,82.5
house-eu-womens,house,House,EU,womens,42,,hip,104,108.5
house-eu-womens,house,House,EU,womens,44,,waist,82.5,87.5
house-eu-womens,house,House,EU,womens,44,,hip,108.5,113.5
house-int-womens-g0,house,House,INT,womens,XXS,,bust,76,80
house-int-womens-g0,house,House,INT,womens,XXS,,waist,59.5,62.5
house-int-womens-g0,house,House,INT,womens,XXS,,hip,84,88
house-int-womens-g0,house,House,INT,womens,XS,,bust,80,84
house-int-womens-g0,house,House,INT,womens,XS,,waist,62.5,66
house-int-womens-g0,house,House,INT,womens,XS,,hip,88,92
house-int-womens-g0,house,House,INT,womens,S,,bust,84,88
house-int-womens-g0,house,House,INT,womens,S,,waist,66,70
house-int-womens-g0,house,House,INT,womens,S,,hip,92,96
house-int-womens-g0,house,House,INT,womens,M,,bust,88,93
house-int-womens-g0,house,House,INT,womens,M,,waist,70,75
house-int-womens-g0,house,House,INT,womens,M,,hip,96,101
house-int-womens-g0,house,House,INT,womens,L,,bust,93,99
house-int-womens-g0,house,House,INT,womens,L,,waist,75,81
house-int-womens-g0,house,House,INT,womens,L,,hip,101,107
house-int-womens-g0,house,House,INT,womens,XL,,bust,99,105
house-int-womens-g0,house,House,INT,womens,XL,,waist,81,87
house-int-womens-g0,house,House,INT,womens,XL,,hip,107,113
house-int-mens-g3,house,House,INT,mens,XS,,bust,86,90
house-int-mens-g3,house,House,INT,mens,S,,bust,90,96
house-int-mens-g3,house,House,INT,mens,M,,bust,96,102
house-int-mens-g3,house,House,INT,mens,L,,bust,102,108
house-int-mens-g3,house,House,INT,mens,XL,,bust,108,114
house-int-mens-g3,house,House,INT,mens,XXL,,bust,114,116
house-int-mens-g4,house,House,INT,mens,XS,,waist,73,78
house-int-mens-g4,house,House,INT,mens,XS,,hip,89,94
house-int-mens-g4,house,House,INT,mens,S,,waist,78,83
house-int-mens-g4,house,House,INT,mens,S,,hip,94,99
house-int-mens-g4,house,House,INT,mens,M,,waist,83,88
house-int-mens-g4,house,House,INT,mens,M,,hip,99,104
house-int-mens-g4,house,House,INT,mens,L,,waist,88,93
house-int-mens-g4,house,House,INT,mens,L,,hip,104,109
house-int-mens-g4,house,House,INT,mens,XL,,waist,93,98
house-int-mens-g4,house,House,INT,mens,XL,,hip,109,114
house-int-mens-g4,house,House,INT,mens,XXL,,waist,98,103
house-int-mens-g4,house,House,INT,mens,XXL,,hip,114,119
house-uk-mens,house,House,UK,mens,28,,waist,76,79
house-uk-mens,house,House,UK,mens,28,,hip,92,95
house-uk-mens,house,House,UK,mens,29,,waist,79,82
house-uk-mens,house,House,UK,mens,29,,hip,95,98
house-uk-mens,house,House,UK,mens,30,,waist,82,85
house-uk-mens,house,House,UK,mens,30,,hip,98,101
house-uk-mens,house,House,UK,mens,31,,waist,85,88
house-uk-mens,house,House,UK,mens,31,,hip,101,104
house-uk-mens,house,House,UK,mens,32,,waist,88,91
house-uk-mens,house,House,UK,mens,32,,hip,104,107
house-uk-mens,house,House,UK,mens,33,,waist,91,94
house-uk-mens,house,House,UK,mens,33,,hip,107,110
house-uk-mens,house,House,UK,mens,34,,waist,94,97
house-uk-mens,house,House,UK,mens,34,,hip,110,113
house-uk-mens,house,House,UK,mens,36,,waist,100,103
house-uk-mens,house,House,UK,mens,36,,hip,116,119
house-uk-mens,house,House,UK,mens,38,,waist,106,109
house-uk-mens,house,House,UK,mens,38,,hip,122,125
mohito-eu-womens,mohito,Mohito,EU,womens,32,,bust,80,84
mohito-eu-womens,mohito,Mohito,EU,womens,32,,waist,60,64
mohito-eu-womens,mohito,Mohito,EU,womens,32,,hip,85,89
mohito-eu-womens,mohito,Mohito,EU,womens,34,,bust,84,88
mohito-eu-womens,mohito,Mohito,EU,womens,34,,waist,64,68
mohito-eu-womens,mohito,Mohito,EU,womens,34,,hip,89,93
mohito-eu-womens,mohito,Mohito,EU,womens,36,,bust,88,92
mohito-eu-womens,mohito,Mohito,EU,womens,36,,waist,68,72
mohito-eu-womens,mohito,Mohito,EU,womens,36,,hip,93,97
mohito-eu-womens,mohito,Mohito,EU,womens,38,,bust,92,96
mohito-eu-womens,mohito,Mohito,EU,womens,38,,waist,72,76
mohito-eu-womens,mohito,Mohito,EU,womens,38,,hip,97,101
mohito-eu-womens,mohito,Mohito,EU,womens,40,,bust,96,100
mohito-eu-womens,mohito,Mohito,EU,womens,40,,waist,76,80
mohito-eu-womens,mohito,Mohito,EU,womens,40,,hip,101,105
mohito-eu-womens,mohito,Mohito,EU,womens,42,,bust,100,104
mohito-eu-womens,mohito,Mohito,EU,womens,42,,waist,80,84
mohito-eu-womens,mohito,Mohito,EU,womens,42,,hip,105,109
mohito-eu-womens,mohito,Mohito,EU,womens,44,,bust,104,108
mohito-eu-womens,mohito,Mohito,EU,womens,44,,waist,84,88
mohito-eu-womens,mohito,Mohito,EU,womens,44,,hip,109,113
mohito-int-womens,mohito,Mohito,INT,womens,XXS,,bust,80,84
mohito-int-womens,mohito,Mohito,INT,womens,XXS,,waist,60,64
mohito-int-womens,mohito,Mohito,INT,womens,XXS,,hip,85,89
mohito-int-womens,mohito,Mohito,INT,womens,XS,,bust,84,88
mohito-int-womens,mohito,Mohito,INT,womens,XS,,waist,64,68
mohito-int-womens,mohito,Mohito,INT,womens,XS,,hip,89,93
mohito-int-womens,mohito,Mohito,INT,womens,S,,bust,88,92
mohito-int-womens,mohito,Mohito,INT,womens,S,,waist,68,72
mohito-int-womens,mohito,Mohito,INT,womens,S,,hip,93,97
mohito-int-womens,mohito,Mohito,INT,womens,M,,bust,92,96
mohito-int-womens,mohito,Mohito,INT,womens,M,,waist,72,76
mohito-int-womens,mohito,Mohito,INT,womens,M,,hip,97,101
mohito-int-womens,mohito,Mohito,INT,womens,L,,bust,96,100
mohito-int-womens,mohito,Mohito,INT,womens,L,,waist,76,80
mohito-int-womens,mohito,Mohito,INT,womens,L,,hip,101,105
mohito-int-womens,mohito,Mohito,INT,womens,XL,,bust,100,104
mohito-int-womens,mohito,Mohito,INT,womens,XL,,waist,80,84
mohito-int-womens,mohito,Mohito,INT,womens,XL,,hip,105,109
mohito-int-womens,mohito,Mohito,INT,womens,XXL,,bust,104,108
mohito-int-womens,mohito,Mohito,INT,womens,XXL,,waist,84,88
mohito-int-womens,mohito,Mohito,INT,womens,XXL,,hip,109,113
sinsay-int-womens-g0,sinsay,Sinsay,INT,womens,XXS,,bust,78,82
sinsay-int-womens-g0,sinsay,Sinsay,INT,womens,XXS,,waist,58,62
sinsay-int-womens-g0,sinsay,Sinsay,INT,womens,XXS,,hip,84,88
sinsay-int-womens-g0,sinsay,Sinsay,INT,womens,XS,,bust,82,86
sinsay-int-womens-g0,sinsay,Sinsay,INT,womens,XS,,waist,62,66
sinsay-int-womens-g0,sinsay,Sinsay,INT,womens,XS,,hip,88,92
sinsay-int-womens-g0,sinsay,Sinsay,INT,womens,S,,bust,86,90
sinsay-int-womens-g0,sinsay,Sinsay,INT,womens,S,,waist,66,70
sinsay-int-womens-g0,sinsay,Sinsay,INT,womens,S,,hip,92,96
sinsay-int-womens-g0,sinsay,Sinsay,INT,womens,M,,bust,90,95
sinsay-int-womens-g0,sinsay,Sinsay,INT,womens,M,,waist,70,75
sinsay-int-womens-g0,sinsay,Sinsay,INT,womens,M,,hip,96,101
sinsay-int-womens-g0,sinsay,Sinsay,INT,womens,L,,bust,95,101
sinsay-int-womens-g0,sinsay,Sinsay,INT,womens,L,,waist,75,81
sinsay-int-womens-g0,sinsay,Sinsay,INT,womens,L,,hip,101,107
sinsay-int-womens-g0,sinsay,Sinsay,INT,womens,XL,,bust,101,107
sinsay-int-womens-g0,sinsay,Sinsay,INT,womens,XL,,waist,81,87
sinsay-int-womens-g0,sinsay,Sinsay,INT,womens,XL,,hip,107,113
sinsay-int-womens-g0,sinsay,Sinsay,INT,womens,XXL,,bust,107,113
sinsay-int-womens-g0,sinsay,Sinsay,INT,womens,XXL,,waist,87,93
sinsay-int-womens-g0,sinsay,Sinsay,INT,womens,XXL,,hip,113,119
sinsay-int-mens-g1,sinsay,Sinsay,INT,mens,XS,,bust,86,92
sinsay-int-mens-g1,sinsay,Sinsay,INT,mens,XS,,waist,75,80
sinsay-int-mens-g1,sinsay,Sinsay,INT,mens,XS,,hip,87,91
sinsay-int-mens-g1,sinsay,Sinsay,INT,mens,S,,bust,92,96
sinsay-int-mens-g1,sinsay,Sinsay,INT,mens,S,,waist,80,84
sinsay-int-mens-g1,sinsay,Sinsay,INT,mens,S,,hip,91,96
sinsay-int-mens-g1,sinsay,Sinsay,INT,mens,M,,bust,96,101
sinsay-int-mens-g1,sinsay,Sinsay,INT,mens,M,,waist,84,89
sinsay-int-mens-g1,sinsay,Sinsay,INT,mens,M,,hip,96,101
sinsay-int-mens-g1,sinsay,Sinsay,INT,mens,L,,bust,101,107
sinsay-int-mens-g1,sinsay,Sinsay,INT,mens,L,,waist,89,95
sinsay-int-mens-g1,sinsay,Sinsay,INT,mens,L,,hip,101,107
sinsay-int-mens-g1,sinsay,Sinsay,INT,mens,XL,,bust,107,113
sinsay-int-mens-g1,sinsay,Sinsay,INT,mens,XL,,waist,95,101
sinsay-int-mens-g1,sinsay,Sinsay,INT,mens,XL,,hip,107,113
sinsay-int-mens-g1,sinsay,Sinsay,INT,mens,XXL,,bust,113,119
sinsay-int-mens-g1,sinsay,Sinsay,INT,mens,XXL,,waist,101,107
sinsay-int-mens-g1,sinsay,Sinsay,INT,mens,XXL,,hip,113,119
sinsay-int-mens-g1,sinsay,Sinsay,INT,mens,3XL,,bust,119,125
sinsay-int-mens-g1,sinsay,Sinsay,INT,mens,3XL,,waist,107,113
sinsay-int-mens-g1,sinsay,Sinsay,INT,mens,3XL,,hip,119,125
sinsay-us-mens,sinsay,Sinsay,US,mens,28-29,,waist,75,80
sinsay-us-mens,sinsay,Sinsay,US,mens,28-29,,hip,87,92
sinsay-us-mens,sinsay,Sinsay,US,mens,30-31,,waist,80,85
sinsay-us-mens,sinsay,Sinsay,US,mens,30-31,,hip,92,97
sinsay-us-mens,sinsay,Sinsay,US,mens,32-33,,waist,85,90
sinsay-us-mens,sinsay,Sinsay,US,mens,32-33,,hip,97,102
sinsay-us-mens,sinsay,Sinsay,US,mens,34,,waist,90,95
sinsay-us-mens,sinsay,Sinsay,US,mens,34,,hip,102,107
sinsay-us-mens,sinsay,Sinsay,US,mens,36,,waist,95,100
sinsay-us-mens,sinsay,Sinsay,US,mens,36,,hip,107,112
sinsay-us-mens,sinsay,Sinsay,US,mens,38,,waist,100,105
sinsay-us-mens,sinsay,Sinsay,US,mens,38,,hip,112,117
befree-eu-mens-g1,befree,befree,EU,mens,44,,bust,85,88
befree-eu-mens-g1,befree,befree,EU,mens,44,,waist,73,76
befree-eu-mens-g1,befree,befree,EU,mens,46,,bust,89,92
befree-eu-mens-g1,befree,befree,EU,mens,46,,waist,77,80
befree-eu-mens-g1,befree,befree,EU,mens,48,,bust,93,96
befree-eu-mens-g1,befree,befree,EU,mens,48,,waist,81,84
befree-eu-mens-g1,befree,befree,EU,mens,50,,bust,97,100
befree-eu-mens-g1,befree,befree,EU,mens,50,,waist,85,88
befree-eu-mens-g1,befree,befree,EU,mens,52,,bust,101,104
befree-eu-mens-g1,befree,befree,EU,mens,52,,waist,89,92
befree-eu-mens-g1,befree,befree,EU,mens,54,,bust,105,108
befree-eu-mens-g1,befree,befree,EU,mens,54,,waist,93,96
befree-eu-mens-g1,befree,befree,EU,mens,56,,bust,109,112
befree-eu-mens-g1,befree,befree,EU,mens,56,,waist,97,100
befree-eu-womens-g4,befree,befree,EU,womens,32,,bust,78,82
befree-eu-womens-g4,befree,befree,EU,womens,32,,waist,58,62
befree-eu-womens-g4,befree,befree,EU,womens,32,,hip,86,90
befree-eu-womens-g4,befree,befree,EU,womens,34,,bust,82,86
befree-eu-womens-g4,befree,befree,EU,womens,34,,waist,62,66
befree-eu-womens-g4,befree,befree,EU,womens,34,,hip,90,94
befree-eu-womens-g4,befree,befree,EU,womens,36,,bust,86,90
befree-eu-womens-g4,befree,befree,EU,womens,36,,waist,66,70
befree-eu-womens-g4,befree,befree,EU,womens,36,,hip,94,98
befree-eu-womens-g4,befree,befree,EU,womens,38,,bust,90,94
befree-eu-womens-g4,befree,befree,EU,womens,38,,waist,70,74
befree-eu-womens-g4,befree,befree,EU,womens,38,,hip,98,102
befree-eu-womens-g4,befree,befree,EU,womens,40,,bust,94,98
befree-eu-womens-g4,befree,befree,EU,womens,40,,waist,74,78
befree-eu-womens-g4,befree,befree,EU,womens,40,,hip,102,106
befree-eu-womens-g4,befree,befree,EU,womens,42,,bust,98,102
befree-eu-womens-g4,befree,befree,EU,womens,42,,waist,78,82
befree-eu-womens-g4,befree,befree,EU,womens,42,,hip,106,110
befree-int-mens-g0,befree,befree,INT,mens,XS,,bust,85,88
befree-int-mens-g0,befree,befree,INT,mens,XS,,waist,73,76
befree-int-mens-g0,befree,befree,INT,mens,S,,bust,89,92
befree-int-mens-g0,befree,befree,INT,mens,S,,waist,77,80
befree-int-mens-g0,befree,befree,INT,mens,M,,bust,93,96
befree-int-mens-g0,befree,befree,INT,mens,M,,waist,81,84
befree-int-mens-g0,befree,befree,INT,mens,L,,bust,97,100
befree-int-mens-g0,befree,befree,INT,mens,L,,waist,85,88
befree-int-mens-g0,befree,befree,INT,mens,XL,,bust,101,104
befree-int-mens-g0,befree,befree,INT,mens,XL,,waist,89,92
befree-int-mens-g0,befree,befree,INT,mens,XXL,,bust,105,108
befree-int-mens-g0,befree,befree,INT,mens,XXL,,waist,93,96
befree-int-mens-g0,befree,befree,INT,mens,XXXL,,bust,109,112
befree-int-mens-g0,befree,befree,INT,mens,XXXL,,waist,97,100
befree-int-womens-g3,befree,befree,INT,womens,XXS,,bust,78,82
befree-int-womens-g3,befree,befree,INT,womens,XXS,,waist,58,62
befree-int-womens-g3,befree,befree,INT,womens,XXS,,hip,86,90
befree-int-womens-g3,befree,befree,INT,womens,XS,,bust,82,86
befree-int-womens-g3,befree,befree,INT,womens,XS,,waist,62,66
befree-int-womens-g3,befree,befree,INT,womens,XS,,hip,90,94
befree-int-womens-g3,befree,befree,INT,womens,S,,bust,86,90
befree-int-womens-g3,befree,befree,INT,womens,S,,waist,66,70
befree-int-womens-g3,befree,befree,INT,womens,S,,hip,94,98
befree-int-womens-g3,befree,befree,INT,womens,M,,bust,90,94
befree-int-womens-g3,befree,befree,INT,womens,M,,waist,70,74
befree-int-womens-g3,befree,befree,INT,womens,M,,hip,98,102
befree-int-womens-g3,befree,befree,INT,womens,L,,bust,94,98
befree-int-womens-g3,befree,befree,INT,womens,L,,waist,74,78
befree-int-womens-g3,befree,befree,INT,womens,L,,hip,102,106
befree-int-womens-g3,befree,befree,INT,womens,XL,,bust,98,102
befree-int-womens-g3,befree,befree,INT,womens,XL,,waist,78,82
befree-int-womens-g3,befree,befree,INT,womens,XL,,hip,106,110
befree-ru-mens-g2,befree,befree,RU,mens,44,,bust,85,88
befree-ru-mens-g2,befree,befree,RU,mens,44,,waist,73,76
befree-ru-mens-g2,befree,befree,RU,mens,46,,bust,89,92
befree-ru-mens-g2,befree,befree,RU,mens,46,,waist,77,80
befree-ru-mens-g2,befree,befree,RU,mens,48,,bust,93,96
befree-ru-mens-g2,befree,befree,RU,mens,48,,waist,81,84
befree-ru-mens-g2,befree,befree,RU,mens,48-50,,bust,97,100
befree-ru-mens-g2,befree,befree,RU,mens,48-50,,waist,85,88
befree-ru-mens-g2,befree,befree,RU,mens,50,,bust,101,104
befree-ru-mens-g2,befree,befree,RU,mens,50,,waist,89,92
befree-ru-mens-g2,befree,befree,RU,mens,52-54,,bust,105,108
befree-ru-mens-g2,befree,befree,RU,mens,52-54,,waist,93,96
befree-ru-mens-g2,befree,befree,RU,mens,54,,bust,109,112
befree-ru-mens-g2,befree,befree,RU,mens,54,,waist,97,100
befree-ru-womens-g5,befree,befree,RU,womens,40,,bust,78,82
befree-ru-womens-g5,befree,befree,RU,womens,40,,waist,58,62
befree-ru-womens-g5,befree,befree,RU,womens,40,,hip,86,90
befree-ru-womens-g5,befree,befree,RU,womens,42,,bust,82,86
befree-ru-womens-g5,befree,befree,RU,womens,42,,waist,62,66
befree-ru-womens-g5,befree,befree,RU,womens,42,,hip,90,94
befree-ru-womens-g5,befree,befree,RU,womens,44,,bust,86,90
befree-ru-womens-g5,befree,befree,RU,womens,44,,waist,66,70
befree-ru-womens-g5,befree,befree,RU,womens,44,,hip,94,98
befree-ru-womens-g5,befree,befree,RU,womens,46,,bust,90,94
befree-ru-womens-g5,befree,befree,RU,womens,46,,waist,70,74
befree-ru-womens-g5,befree,befree,RU,womens,46,,hip,98,102
befree-ru-womens-g5,befree,befree,RU,womens,46-48,,bust,94,98
befree-ru-womens-g5,befree,befree,RU,womens,46-48,,waist,74,78
befree-ru-womens-g5,befree,befree,RU,womens,46-48,,hip,102,106
befree-ru-womens-g5,befree,befree,RU,womens,48,,bust,98,102
befree-ru-womens-g5,befree,befree,RU,womens,48,,waist,78,82
befree-ru-womens-g5,befree,befree,RU,womens,48,,hip,106,110
zarina-int-womens,zarina,ZARINA,INT,womens,XS,,bust,82,86
zarina-int-womens,zarina,ZARINA,INT,womens,XS,,waist,62,66
zarina-int-womens,zarina,ZARINA,INT,womens,XS,,hip,90,94
zarina-int-womens,zarina,ZARINA,INT,womens,S,,bust,86,90
zarina-int-womens,zarina,ZARINA,INT,womens,S,,waist,66,70
zarina-int-womens,zarina,ZARINA,INT,womens,S,,hip,94,98
zarina-int-womens,zarina,ZARINA,INT,womens,M,,bust,90,94
zarina-int-womens,zarina,ZARINA,INT,womens,M,,waist,70,74
zarina-int-womens,zarina,ZARINA,INT,womens,M,,hip,98,102
zarina-int-womens,zarina,ZARINA,INT,womens,L,,bust,94,98
zarina-int-womens,zarina,ZARINA,INT,womens,L,,waist,74,78
zarina-int-womens,zarina,ZARINA,INT,womens,L,,hip,102,106
zarina-int-womens,zarina,ZARINA,INT,womens,XL,,bust,98,102
zarina-int-womens,zarina,ZARINA,INT,womens,XL,,waist,78,82
zarina-int-womens,zarina,ZARINA,INT,womens,XL,,hip,106,110
zarina-int-womens,zarina,ZARINA,INT,womens,2XL,,bust,102,106
zarina-int-womens,zarina,ZARINA,INT,womens,2XL,,waist,82,86
zarina-int-womens,zarina,ZARINA,INT,womens,2XL,,hip,110,114
zarina-int-womens,zarina,ZARINA,INT,womens,3XL,,bust,106,110
zarina-int-womens,zarina,ZARINA,INT,womens,3XL,,waist,86,90
zarina-int-womens,zarina,ZARINA,INT,womens,3XL,,hip,114,118
zarina-ru-womens,zarina,ZARINA,RU,womens,42,,bust,82,86
zarina-ru-womens,zarina,ZARINA,RU,womens,42,,waist,62,66
zarina-ru-womens,zarina,ZARINA,RU,womens,42,,hip,90,94
zarina-ru-womens,zarina,ZARINA,RU,womens,44,,bust,86,90
zarina-ru-womens,zarina,ZARINA,RU,womens,44,,waist,66,70
zarina-ru-womens,zarina,ZARINA,RU,womens,44,,hip,94,98
zarina-ru-womens,zarina,ZARINA,RU,womens,46,,bust,90,94
zarina-ru-womens,zarina,ZARINA,RU,womens,46,,waist,70,74
zarina-ru-womens,zarina,ZARINA,RU,womens,46,,hip,98,102
zarina-ru-womens,zarina,ZARINA,RU,womens,48,,bust,94,98
zarina-ru-womens,zarina,ZARINA,RU,womens,48,,waist,74,78
zarina-ru-womens,zarina,ZARINA,RU,womens,48,,hip,102,106
zarina-ru-womens,zarina,ZARINA,RU,womens,50,,bust,98,102
zarina-ru-womens,zarina,ZARINA,RU,womens,50,,waist,78,82
zarina-ru-womens,zarina,ZARINA,RU,womens,50,,hip,106,110
zarina-ru-womens,zarina,ZARINA,RU,womens,52,,bust,102,106
zarina-ru-womens,zarina,ZARINA,RU,womens,52,,waist,82,86
zarina-ru-womens,zarina,ZARINA,RU,womens,52,,hip,110,114
zarina-ru-womens,zarina,ZARINA,RU,womens,54,,bust,106,110
zarina-ru-womens,zarina,ZARINA,RU,womens,54,,waist,86,90
zarina-ru-womens,zarina,ZARINA,RU,womens,54,,hip,114,118
love-republic-int-womens,love-republic,LOVE REPUBLIC,INT,womens,XXS,,bust,77,80
love-republic-int-womens,love-republic,LOVE REPUBLIC,INT,womens,XXS,,waist,57,60
love-republic-int-womens,love-republic,LOVE REPUBLIC,INT,womens,XXS,,hip,85,88
love-republic-int-womens,love-republic,LOVE REPUBLIC,INT,womens,XS,,bust,81,84
love-republic-int-womens,love-republic,LOVE REPUBLIC,INT,womens,XS,,waist,61,64
love-republic-int-womens,love-republic,LOVE REPUBLIC,INT,womens,XS,,hip,89,92
love-republic-int-womens,love-republic,LOVE REPUBLIC,INT,womens,S,,bust,85,88
love-republic-int-womens,love-republic,LOVE REPUBLIC,INT,womens,S,,waist,65,68
love-republic-int-womens,love-republic,LOVE REPUBLIC,INT,womens,S,,hip,93,96
love-republic-int-womens,love-republic,LOVE REPUBLIC,INT,womens,M,,bust,89,92
love-republic-int-womens,love-republic,LOVE REPUBLIC,INT,womens,M,,waist,69,72
love-republic-int-womens,love-republic,LOVE REPUBLIC,INT,womens,M,,hip,97,100
love-republic-int-womens,love-republic,LOVE REPUBLIC,INT,womens,L,,bust,93,96
love-republic-int-womens,love-republic,LOVE REPUBLIC,INT,womens,L,,waist,73,76
love-republic-int-womens,love-republic,LOVE REPUBLIC,INT,womens,L,,hip,101,104
love-republic-ru-womens,love-republic,LOVE REPUBLIC,RU,womens,40,,bust,77,80
love-republic-ru-womens,love-republic,LOVE REPUBLIC,RU,womens,40,,waist,57,60
love-republic-ru-womens,love-republic,LOVE REPUBLIC,RU,womens,40,,hip,85,88
love-republic-ru-womens,love-republic,LOVE REPUBLIC,RU,womens,42,,bust,81,84
love-republic-ru-womens,love-republic,LOVE REPUBLIC,RU,womens,42,,waist,61,64
love-republic-ru-womens,love-republic,LOVE REPUBLIC,RU,womens,42,,hip,89,92
love-republic-ru-womens,love-republic,LOVE REPUBLIC,RU,womens,44,,bust,85,88
love-republic-ru-womens,love-republic,LOVE REPUBLIC,RU,womens,44,,waist,65,68
love-republic-ru-womens,love-republic,LOVE REPUBLIC,RU,womens,44,,hip,93,96
love-republic-ru-womens,love-republic,LOVE REPUBLIC,RU,womens,46,,bust,89,92
love-republic-ru-womens,love-republic,LOVE REPUBLIC,RU,womens,46,,waist,69,72
love-republic-ru-womens,love-republic,LOVE REPUBLIC,RU,womens,46,,hip,97,100
love-republic-ru-womens,love-republic,LOVE REPUBLIC,RU,womens,48,,bust,93,96
love-republic-ru-womens,love-republic,LOVE REPUBLIC,RU,womens,48,,waist,73,76
love-republic-ru-womens,love-republic,LOVE REPUBLIC,RU,womens,48,,hip,101,104
love-republic-ru-womens,love-republic,LOVE REPUBLIC,RU,womens,50,,bust,97,100
love-republic-ru-womens,love-republic,LOVE REPUBLIC,RU,womens,50,,waist,77,80
love-republic-ru-womens,love-republic,LOVE REPUBLIC,RU,womens,50,,hip,105,109
sela-int-womens-g0,sela,Sela,INT,womens,XXS,,bust,80,80
sela-int-womens-g0,sela,Sela,INT,womens,XXS,,hip,86,88
sela-int-womens-g0,sela,Sela,INT,womens,XS,,bust,84,84
sela-int-womens-g0,sela,Sela,INT,womens,XS,,hip,88,90
sela-int-womens-g0,sela,Sela,INT,womens,S,,bust,88,88
sela-int-womens-g0,sela,Sela,INT,womens,S,,hip,92,94
sela-int-womens-g0,sela,Sela,INT,womens,M,,bust,92,92
sela-int-womens-g0,sela,Sela,INT,womens,M,,hip,96,98
sela-int-womens-g0,sela,Sela,INT,womens,L,,bust,96,96
sela-int-womens-g0,sela,Sela,INT,womens,L,,hip,100,102
sela-int-womens-g0,sela,Sela,INT,womens,XL,,bust,100,100
sela-int-womens-g0,sela,Sela,INT,womens,XL,,hip,104,106
sela-int-womens-g0,sela,Sela,INT,womens,XXL,,bust,104,104
sela-int-womens-g0,sela,Sela,INT,womens,XXL,,hip,108,110
sela-int-mens-g2,sela,Sela,INT,mens,XS,,bust,84,88
sela-int-mens-g2,sela,Sela,INT,mens,XS,,waist,78,78
sela-int-mens-g2,sela,Sela,INT,mens,S,,bust,92,92
sela-int-mens-g2,sela,Sela,INT,mens,S,,waist,82,82
sela-int-mens-g2,sela,Sela,INT,mens,M,,bust,96,96
sela-int-mens-g2,sela,Sela,INT,mens,M,,waist,86,86
sela-int-mens-g2,sela,Sela,INT,mens,L,,bust,100,100
sela-int-mens-g2,sela,Sela,INT,mens,L,,waist,90,90
sela-int-mens-g2,sela,Sela,INT,mens,XL,,bust,104,104
sela-int-mens-g2,sela,Sela,INT,mens,XL,,waist,94,94
sela-int-mens-g2,sela,Sela,INT,mens,XXL,,bust,108,108
sela-int-mens-g2,sela,Sela,INT,mens,XXL,,waist,98,98
sela-int-mens-g2,sela,Sela,INT,mens,XXXL,,bust,112,112
sela-int-mens-g2,sela,Sela,INT,mens,XXXL,,waist,102,102
sela-ru-womens-g1,sela,Sela,RU,womens,40,XXS,bust,80,80
sela-ru-womens-g1,sela,Sela,RU,womens,40,XXS,hip,86,88
sela-ru-womens-g1,sela,Sela,RU,womens,42,XS,bust,84,84
sela-ru-womens-g1,sela,Sela,RU,womens,42,XS,hip,88,90
sela-ru-womens-g1,sela,Sela,RU,womens,44,S,bust,88,88
sela-ru-womens-g1,sela,Sela,RU,womens,44,S,hip,92,94
sela-ru-womens-g1,sela,Sela,RU,womens,46,M,bust,92,92
sela-ru-womens-g1,sela,Sela,RU,womens,46,M,hip,96,98
sela-ru-womens-g1,sela,Sela,RU,womens,48,L,bust,96,96
sela-ru-womens-g1,sela,Sela,RU,womens,48,L,hip,100,102
sela-ru-womens-g1,sela,Sela,RU,womens,50,XL,bust,100,100
sela-ru-womens-g1,sela,Sela,RU,womens,50,XL,hip,104,106
sela-ru-womens-g1,sela,Sela,RU,womens,52,XXL,bust,104,104
sela-ru-womens-g1,sela,Sela,RU,womens,52,XXL,hip,108,110
sela-ru-mens-g3,sela,Sela,RU,mens,42-44,XS,bust,84,88
sela-ru-mens-g3,sela,Sela,RU,mens,42-44,XS,waist,78,78
sela-ru-mens-g3,sela,Sela,RU,mens,46,S,bust,92,92
sela-ru-mens-g3,sela,Sela,RU,mens,46,S,waist,82,82
sela-ru-mens-g3,sela,Sela,RU,mens,48,M,bust,96,96
sela-ru-mens-g3,sela,Sela,RU,mens,48,M,waist,86,86
sela-ru-mens-g3,sela,Sela,RU,mens,50,L,bust,100,100
sela-ru-mens-g3,sela,Sela,RU,mens,50,L,waist,90,90
sela-ru-mens-g3,sela,Sela,RU,mens,52,XL,bust,104,104
sela-ru-mens-g3,sela,Sela,RU,mens,52,XL,waist,94,94
sela-ru-mens-g3,sela,Sela,RU,mens,54,XXL,bust,108,108
sela-ru-mens-g3,sela,Sela,RU,mens,54,XXL,waist,98,98
sela-ru-mens-g3,sela,Sela,RU,mens,56,XXXL,bust,112,112
sela-ru-mens-g3,sela,Sela,RU,mens,56,XXXL,waist,102,102
idol-int-womens-g0,idol,IDOL,INT,womens,XS,,bust,82,86
idol-int-womens-g0,idol,IDOL,INT,womens,XS,,waist,63,67
idol-int-womens-g0,idol,IDOL,INT,womens,XS,,hip,90,94
idol-int-womens-g0,idol,IDOL,INT,womens,S,,bust,86,90
idol-int-womens-g0,idol,IDOL,INT,womens,S,,waist,67,71
idol-int-womens-g0,idol,IDOL,INT,womens,S,,hip,94,98
idol-int-womens-g0,idol,IDOL,INT,womens,M,,bust,90,94
idol-int-womens-g0,idol,IDOL,INT,womens,M,,waist,71,75
idol-int-womens-g0,idol,IDOL,INT,womens,M,,hip,98,102
idol-int-womens-g0,idol,IDOL,INT,womens,L,,bust,94,98
idol-int-womens-g0,idol,IDOL,INT,womens,L,,waist,75,79
idol-int-womens-g0,idol,IDOL,INT,womens,L,,hip,102,106
idol-int-womens-g0,idol,IDOL,INT,womens,XL,,bust,98,102
idol-int-womens-g0,idol,IDOL,INT,womens,XL,,waist,79,83
idol-int-womens-g0,idol,IDOL,INT,womens,XL,,hip,106,110
idol-ru-womens-g1,idol,IDOL,RU,womens,42,,bust,82,86
idol-ru-womens-g1,idol,IDOL,RU,womens,42,,waist,63,67
idol-ru-womens-g1,idol,IDOL,RU,womens,42,,hip,90,94
idol-ru-womens-g1,idol,IDOL,RU,womens,44,,bust,86,90
idol-ru-womens-g1,idol,IDOL,RU,womens,44,,waist,67,71
idol-ru-womens-g1,idol,IDOL,RU,womens,44,,hip,94,98
idol-ru-womens-g1,idol,IDOL,RU,womens,46,,bust,90,94
idol-ru-womens-g1,idol,IDOL,RU,womens,46,,waist,71,75
idol-ru-womens-g1,idol,IDOL,RU,womens,46,,hip,98,102
idol-ru-womens-g1,idol,IDOL,RU,womens,48,,bust,94,98
idol-ru-womens-g1,idol,IDOL,RU,womens,48,,waist,75,79
idol-ru-womens-g1,idol,IDOL,RU,womens,48,,hip,102,106
idol-ru-womens-g1,idol,IDOL,RU,womens,50,,bust,98,102
idol-ru-womens-g1,idol,IDOL,RU,womens,50,,waist,79,83
idol-ru-womens-g1,idol,IDOL,RU,womens,50,,hip,106,110
jack-jones-eu-mens,jack-jones,Jack & Jones,EU,mens,44,,bust,86,90
jack-jones-eu-mens,jack-jones,Jack & Jones,EU,mens,44,,waist,73,77
jack-jones-eu-mens,jack-jones,Jack & Jones,EU,mens,44,,hip,84,88
jack-jones-eu-mens,jack-jones,Jack & Jones,EU,mens,46,,bust,90,94
jack-jones-eu-mens,jack-jones,Jack & Jones,EU,mens,46,,waist,77,81
jack-jones-eu-mens,jack-jones,Jack & Jones,EU,mens,46,,hip,88,92
jack-jones-eu-mens,jack-jones,Jack & Jones,EU,mens,48,,bust,94,98
jack-jones-eu-mens,jack-jones,Jack & Jones,EU,mens,48,,waist,81,85
jack-jones-eu-mens,jack-jones,Jack & Jones,EU,mens,48,,hip,92,96
jack-jones-eu-mens,jack-jones,Jack & Jones,EU,mens,50,,bust,98,102
jack-jones-eu-mens,jack-jones,Jack & Jones,EU,mens,50,,waist,85,89
jack-jones-eu-mens,jack-jones,Jack & Jones,EU,mens,50,,hip,96,100
jack-jones-eu-mens,jack-jones,Jack & Jones,EU,mens,52,,bust,102,106
jack-jones-eu-mens,jack-jones,Jack & Jones,EU,mens,52,,waist,89,93
jack-jones-eu-mens,jack-jones,Jack & Jones,EU,mens,52,,hip,100,104
jack-jones-eu-mens,jack-jones,Jack & Jones,EU,mens,54,,bust,106,110
jack-jones-eu-mens,jack-jones,Jack & Jones,EU,mens,54,,waist,93,97
jack-jones-eu-mens,jack-jones,Jack & Jones,EU,mens,54,,hip,104,108
jack-jones-eu-mens,jack-jones,Jack & Jones,EU,mens,56,,bust,110,114
jack-jones-eu-mens,jack-jones,Jack & Jones,EU,mens,56,,waist,97,101
jack-jones-eu-mens,jack-jones,Jack & Jones,EU,mens,56,,hip,108,112
jack-jones-eu-mens,jack-jones,Jack & Jones,EU,mens,58,,bust,114,118
jack-jones-eu-mens,jack-jones,Jack & Jones,EU,mens,58,,waist,101,105
jack-jones-eu-mens,jack-jones,Jack & Jones,EU,mens,58,,hip,112,115.5
jack-jones-eu-mens,jack-jones,Jack & Jones,EU,mens,60,,bust,118,122
jack-jones-eu-mens,jack-jones,Jack & Jones,EU,mens,60,,waist,105,109
jack-jones-eu-mens,jack-jones,Jack & Jones,EU,mens,60,,hip,115.5,118.5
jack-jones-int-mens-g2,jack-jones,Jack & Jones,INT,mens,XS,,bust,90,94
jack-jones-int-mens-g2,jack-jones,Jack & Jones,INT,mens,S,,bust,94,98
jack-jones-int-mens-g2,jack-jones,Jack & Jones,INT,mens,M,,bust,98,102
jack-jones-int-mens-g2,jack-jones,Jack & Jones,INT,mens,L,,bust,102,108
jack-jones-int-mens-g2,jack-jones,Jack & Jones,INT,mens,XL,,bust,108,116
jack-jones-int-mens-g2,jack-jones,Jack & Jones,INT,mens,XXL,,bust,116,124
jack-jones-int-mens-g3,jack-jones,Jack & Jones,INT,mens,XS,,waist,73.5,78.5
jack-jones-int-mens-g3,jack-jones,Jack & Jones,INT,mens,XS,,hip,84.5,89.5
jack-jones-int-mens-g3,jack-jones,Jack & Jones,INT,mens,S,,waist,78.5,83.5
jack-jones-int-mens-g3,jack-jones,Jack & Jones,INT,mens,S,,hip,89.5,94.5
jack-jones-int-mens-g3,jack-jones,Jack & Jones,INT,mens,M,,waist,83.5,88.5
jack-jones-int-mens-g3,jack-jones,Jack & Jones,INT,mens,M,,hip,94.5,99.5
jack-jones-int-mens-g3,jack-jones,Jack & Jones,INT,mens,L,,waist,88.5,93.5
jack-jones-int-mens-g3,jack-jones,Jack & Jones,INT,mens,L,,hip,99.5,104.5
jack-jones-int-mens-g3,jack-jones,Jack & Jones,INT,mens,XL,,waist,93.5,98.5
jack-jones-int-mens-g3,jack-jones,Jack & Jones,INT,mens,XL,,hip,104.5,109.5
jack-jones-int-mens-g3,jack-jones,Jack & Jones,INT,mens,XXL,,waist,98.5,103.5
jack-jones-int-mens-g3,jack-jones,Jack & Jones,INT,mens,XXL,,hip,109.5,114.5
jack-jones-us-mens,jack-jones,Jack & Jones,US,mens,28,,waist,74.8,77.3
jack-jones-us-mens,jack-jones,Jack & Jones,US,mens,28,,hip,85.8,88.3
jack-jones-us-mens,jack-jones,Jack & Jones,US,mens,29,,waist,77.3,79.8
jack-jones-us-mens,jack-jones,Jack & Jones,US,mens,29,,hip,88.3,90.8
jack-jones-us-mens,jack-jones,Jack & Jones,US,mens,30,,waist,79.8,82.3
jack-jones-us-mens,jack-jones,Jack & Jones,US,mens,30,,hip,90.8,93.3
jack-jones-us-mens,jack-jones,Jack & Jones,US,mens,31,,waist,82.3,84.8
jack-jones-us-mens,jack-jones,Jack & Jones,US,mens,31,,hip,93.3,95.8
jack-jones-us-mens,jack-jones,Jack & Jones,US,mens,32,,waist,84.8,87.3
jack-jones-us-mens,jack-jones,Jack & Jones,US,mens,32,,hip,95.8,98.3
jack-jones-us-mens,jack-jones,Jack & Jones,US,mens,33,,waist,87.3,89.8
jack-jones-us-mens,jack-jones,Jack & Jones,US,mens,33,,hip,98.3,100.8
jack-jones-us-mens,jack-jones,Jack & Jones,US,mens,34,,waist,89.8,93.5
jack-jones-us-mens,jack-jones,Jack & Jones,US,mens,34,,hip,100.8,104.5
jack-jones-us-mens,jack-jones,Jack & Jones,US,mens,36,,waist,93.5,98.5
jack-jones-us-mens,jack-jones,Jack & Jones,US,mens,36,,hip,104.5,109.5
jack-jones-us-mens,jack-jones,Jack & Jones,US,mens,38,,waist,98.5,103.5
jack-jones-us-mens,jack-jones,Jack & Jones,US,mens,38,,hip,109.5,114.5
vero-moda-eu-womens,vero-moda,Vero Moda,EU,womens,34,,bust,83.5,86.5
vero-moda-eu-womens,vero-moda,Vero Moda,EU,womens,34,,waist,64.5,67.5
vero-moda-eu-womens,vero-moda,Vero Moda,EU,womens,34,,hip,89.5,92.5
vero-moda-eu-womens,vero-moda,Vero Moda,EU,womens,36,,bust,86.5,90
vero-moda-eu-womens,vero-moda,Vero Moda,EU,womens,36,,waist,67.5,71
vero-moda-eu-womens,vero-moda,Vero Moda,EU,womens,36,,hip,92.5,96
vero-moda-eu-womens,vero-moda,Vero Moda,EU,womens,38,,bust,90,94
vero-moda-eu-womens,vero-moda,Vero Moda,EU,womens,38,,waist,71,75
vero-moda-eu-womens,vero-moda,Vero Moda,EU,womens,38,,hip,96,100
vero-moda-eu-womens,vero-moda,Vero Moda,EU,womens,40,,bust,94,98.5
vero-moda-eu-womens,vero-moda,Vero Moda,EU,womens,40,,waist,75,79.5
vero-moda-eu-womens,vero-moda,Vero Moda,EU,womens,40,,hip,100,104.5
vero-moda-eu-womens,vero-moda,Vero Moda,EU,womens,42,,bust,98.5,103.5
vero-moda-eu-womens,vero-moda,Vero Moda,EU,womens,42,,waist,79.5,85
vero-moda-eu-womens,vero-moda,Vero Moda,EU,womens,42,,hip,104.5,109.5
vero-moda-eu-womens,vero-moda,Vero Moda,EU,womens,44,,bust,103.5,108.5
vero-moda-eu-womens,vero-moda,Vero Moda,EU,womens,44,,waist,85,91
vero-moda-eu-womens,vero-moda,Vero Moda,EU,womens,44,,hip,109.5,114.5
vero-moda-int-womens,vero-moda,Vero Moda,INT,womens,XS,,bust,82,86
vero-moda-int-womens,vero-moda,Vero Moda,INT,womens,XS,,waist,63,67
vero-moda-int-womens,vero-moda,Vero Moda,INT,womens,XS,,hip,88,92
vero-moda-int-womens,vero-moda,Vero Moda,INT,womens,S,,bust,86,90
vero-moda-int-womens,vero-moda,Vero Moda,INT,womens,S,,waist,67,71
vero-moda-int-womens,vero-moda,Vero Moda,INT,womens,S,,hip,92,96
vero-moda-int-womens,vero-moda,Vero Moda,INT,womens,M,,bust,90,95
vero-moda-int-womens,vero-moda,Vero Moda,INT,womens,M,,waist,71,76
vero-moda-int-womens,vero-moda,Vero Moda,INT,womens,M,,hip,96,101
vero-moda-int-womens,vero-moda,Vero Moda,INT,womens,L,,bust,95,101.5
vero-moda-int-womens,vero-moda,Vero Moda,INT,womens,L,,waist,76,83
vero-moda-int-womens,vero-moda,Vero Moda,INT,womens,L,,hip,101,107.5
vero-moda-int-womens,vero-moda,Vero Moda,INT,womens,XL,,bust,101.5,108.5
vero-moda-int-womens,vero-moda,Vero Moda,INT,womens,XL,,waist,83,91
vero-moda-int-womens,vero-moda,Vero Moda,INT,womens,XL,,hip,107.5,114.5
vero-moda-int-womens,vero-moda,Vero Moda,INT,womens,XXL,,bust,108.5,115.5
vero-moda-int-womens,vero-moda,Vero Moda,INT,womens,XXL,,waist,91,99
vero-moda-int-womens,vero-moda,Vero Moda,INT,womens,XXL,,hip,114.5,121.5
only-eu-womens,only,ONLY,EU,womens,32,,bust,79,81
only-eu-womens,only,ONLY,EU,womens,32,,waist,62,64
only-eu-womens,only,ONLY,EU,womens,32,,hip,89,91
only-eu-womens,only,ONLY,EU,womens,34,,bust,81,84
only-eu-womens,only,ONLY,EU,womens,34,,waist,64,67
only-eu-womens,only,ONLY,EU,womens,34,,hip,91,94
only-eu-womens,only,ONLY,EU,womens,36,,bust,84,88
only-eu-womens,only,ONLY,EU,womens,36,,waist,67,71
only-eu-womens,only,ONLY,EU,womens,36,,hip,94,98
only-eu-womens,only,ONLY,EU,womens,38,,bust,88,92
only-eu-womens,only,ONLY,EU,womens,38,,waist,71,75
only-eu-womens,only,ONLY,EU,womens,38,,hip,98,102
only-eu-womens,only,ONLY,EU,womens,40,,bust,92,96
only-eu-womens,only,ONLY,EU,womens,40,,waist,75,79
only-eu-womens,only,ONLY,EU,womens,40,,hip,102,106
only-eu-womens,only,ONLY,EU,womens,42,,bust,96,101
only-eu-womens,only,ONLY,EU,womens,42,,waist,79,84
only-eu-womens,only,ONLY,EU,womens,42,,hip,106,111
only-eu-womens,only,ONLY,EU,womens,44,,bust,101,106.5
only-eu-womens,only,ONLY,EU,womens,44,,waist,84,89.5
only-eu-womens,only,ONLY,EU,womens,44,,hip,111,116.5
only-eu-womens,only,ONLY,EU,womens,46,,bust,106.5,111.5
only-eu-womens,only,ONLY,EU,womens,46,,waist,89.5,94.5
only-eu-womens,only,ONLY,EU,womens,46,,hip,116.5,121.5
only-int-womens,only,ONLY,INT,womens,XXS,,bust,79,81
only-int-womens,only,ONLY,INT,womens,XXS,,waist,62,64
only-int-womens,only,ONLY,INT,womens,XXS,,hip,89,91
only-int-womens,only,ONLY,INT,womens,XS,,bust,81,84
only-int-womens,only,ONLY,INT,womens,XS,,waist,64,67
only-int-womens,only,ONLY,INT,womens,XS,,hip,91,94
only-int-womens,only,ONLY,INT,womens,S,,bust,84,88
only-int-womens,only,ONLY,INT,womens,S,,waist,67,71
only-int-womens,only,ONLY,INT,womens,S,,hip,94,98
only-int-womens,only,ONLY,INT,womens,M,,bust,88,92
only-int-womens,only,ONLY,INT,womens,M,,waist,71,75
only-int-womens,only,ONLY,INT,womens,M,,hip,98,102
only-int-womens,only,ONLY,INT,womens,L,,bust,92,96
only-int-womens,only,ONLY,INT,womens,L,,waist,75,79
only-int-womens,only,ONLY,INT,womens,L,,hip,102,106
only-int-womens,only,ONLY,INT,womens,L-XL,,bust,96,101
only-int-womens,only,ONLY,INT,womens,L-XL,,waist,79,84
only-int-womens,only,ONLY,INT,womens,L-XL,,hip,106,111
only-int-womens,only,ONLY,INT,womens,XL-XXL,,bust,101,106.5
only-int-womens,only,ONLY,INT,womens,XL-XXL,,waist,84,89.5
only-int-womens,only,ONLY,INT,womens,XL-XXL,,hip,111,116.5
only-int-womens,only,ONLY,INT,womens,XXL,,bust,106.5,112.5
only-int-womens,only,ONLY,INT,womens,XXL,,waist,89.5,96
only-int-womens,only,ONLY,INT,womens,XXL,,hip,116.5,122.5
only-int-womens,only,ONLY,INT,womens,XXXL,,bust,112.5,119.5
only-int-womens,only,ONLY,INT,womens,XXXL,,waist,96,104
only-int-womens,only,ONLY,INT,womens,XXXL,,hip,122.5,129.5
only-us-womens,only,ONLY,US,womens,0,,bust,79,81
only-us-womens,only,ONLY,US,womens,0,,waist,62,64
only-us-womens,only,ONLY,US,womens,0,,hip,89,91
only-us-womens,only,ONLY,US,womens,2,,bust,81,84
only-us-womens,only,ONLY,US,womens,2,,waist,64,67
only-us-womens,only,ONLY,US,womens,2,,hip,91,94
only-us-womens,only,ONLY,US,womens,4,,bust,84,88
only-us-womens,only,ONLY,US,womens,4,,waist,67,71
only-us-womens,only,ONLY,US,womens,4,,hip,94,98
only-us-womens,only,ONLY,US,womens,6,,bust,88,92
only-us-womens,only,ONLY,US,womens,6,,waist,71,75
only-us-womens,only,ONLY,US,womens,6,,hip,98,102
only-us-womens,only,ONLY,US,womens,8,,bust,92,96
only-us-womens,only,ONLY,US,womens,8,,waist,75,79
only-us-womens,only,ONLY,US,womens,8,,hip,102,106
only-us-womens,only,ONLY,US,womens,10,,bust,96,101
only-us-womens,only,ONLY,US,womens,10,,waist,79,84
only-us-womens,only,ONLY,US,womens,10,,hip,106,111
only-us-womens,only,ONLY,US,womens,12,,bust,101,106.5
only-us-womens,only,ONLY,US,womens,12,,waist,84,89.5
only-us-womens,only,ONLY,US,womens,12,,hip,111,116.5
only-us-womens,only,ONLY,US,womens,14,,bust,106.5,111.5
only-us-womens,only,ONLY,US,womens,14,,waist,89.5,94.5
only-us-womens,only,ONLY,US,womens,14,,hip,116.5,121.5
only-uk-womens,only,ONLY,UK,womens,4,,bust,79,81
only-uk-womens,only,ONLY,UK,womens,4,,waist,62,64
only-uk-womens,only,ONLY,UK,womens,4,,hip,89,91
only-uk-womens,only,ONLY,UK,womens,6,,bust,81,84
only-uk-womens,only,ONLY,UK,womens,6,,waist,64,67
only-uk-womens,only,ONLY,UK,womens,6,,hip,91,94
only-uk-womens,only,ONLY,UK,womens,8,,bust,84,88
only-uk-womens,only,ONLY,UK,womens,8,,waist,67,71
only-uk-womens,only,ONLY,UK,womens,8,,hip,94,98
only-uk-womens,only,ONLY,UK,womens,10,,bust,88,92
only-uk-womens,only,ONLY,UK,womens,10,,waist,71,75
only-uk-womens,only,ONLY,UK,womens,10,,hip,98,102
only-uk-womens,only,ONLY,UK,womens,12,,bust,92,96
only-uk-womens,only,ONLY,UK,womens,12,,waist,75,79
only-uk-womens,only,ONLY,UK,womens,12,,hip,102,106
only-uk-womens,only,ONLY,UK,womens,14,,bust,96,101
only-uk-womens,only,ONLY,UK,womens,14,,waist,79,84
only-uk-womens,only,ONLY,UK,womens,14,,hip,106,111
only-uk-womens,only,ONLY,UK,womens,16,,bust,101,106.5
only-uk-womens,only,ONLY,UK,womens,16,,waist,84,89.5
only-uk-womens,only,ONLY,UK,womens,16,,hip,111,116.5
only-uk-womens,only,ONLY,UK,womens,18,,bust,106.5,111.5
only-uk-womens,only,ONLY,UK,womens,18,,waist,89.5,94.5
only-uk-womens,only,ONLY,UK,womens,18,,hip,116.5,121.5
selected-eu-womens,selected,Selected Homme/Femme,EU,womens,34,,bust,80,84
selected-eu-womens,selected,Selected Homme/Femme,EU,womens,34,,waist,62,66
selected-eu-womens,selected,Selected Homme/Femme,EU,womens,34,,hip,89,93
selected-eu-womens,selected,Selected Homme/Femme,EU,womens,36,,bust,84,88
selected-eu-womens,selected,Selected Homme/Femme,EU,womens,36,,waist,66,70
selected-eu-womens,selected,Selected Homme/Femme,EU,womens,36,,hip,93,97
selected-eu-womens,selected,Selected Homme/Femme,EU,womens,38,,bust,88,92.5
selected-eu-womens,selected,Selected Homme/Femme,EU,womens,38,,waist,70,74.5
selected-eu-womens,selected,Selected Homme/Femme,EU,womens,38,,hip,97,101.5
selected-eu-womens,selected,Selected Homme/Femme,EU,womens,40,,bust,92.5,97.5
selected-eu-womens,selected,Selected Homme/Femme,EU,womens,40,,waist,74.5,79.5
selected-eu-womens,selected,Selected Homme/Femme,EU,womens,40,,hip,101.5,106.5
selected-eu-womens,selected,Selected Homme/Femme,EU,womens,42,,bust,97.5,102.5
selected-eu-womens,selected,Selected Homme/Femme,EU,womens,42,,waist,79.5,84.5
selected-eu-womens,selected,Selected Homme/Femme,EU,womens,42,,hip,106.5,111.5
selected-eu-womens,selected,Selected Homme/Femme,EU,womens,44,,bust,102.5,107.5
selected-eu-womens,selected,Selected Homme/Femme,EU,womens,44,,waist,84.5,89.5
selected-eu-womens,selected,Selected Homme/Femme,EU,womens,44,,hip,111.5,116.5
selected-int-womens,selected,Selected Homme/Femme,INT,womens,XS,,bust,80,84
selected-int-womens,selected,Selected Homme/Femme,INT,womens,XS,,waist,62,66
selected-int-womens,selected,Selected Homme/Femme,INT,womens,XS,,hip,89,93
selected-int-womens,selected,Selected Homme/Femme,INT,womens,S,,bust,84,88
selected-int-womens,selected,Selected Homme/Femme,INT,womens,S,,waist,66,70
selected-int-womens,selected,Selected Homme/Femme,INT,womens,S,,hip,93,97
selected-int-womens,selected,Selected Homme/Femme,INT,womens,M,,bust,88,92.5
selected-int-womens,selected,Selected Homme/Femme,INT,womens,M,,waist,70,74.5
selected-int-womens,selected,Selected Homme/Femme,INT,womens,M,,hip,97,101.5
selected-int-womens,selected,Selected Homme/Femme,INT,womens,L,,bust,92.5,97.5
selected-int-womens,selected,Selected Homme/Femme,INT,womens,L,,waist,74.5,79.5
selected-int-womens,selected,Selected Homme/Femme,INT,womens,L,,hip,101.5,106.5
selected-int-womens,selected,Selected Homme/Femme,INT,womens,XL,,bust,97.5,102.5
selected-int-womens,selected,Selected Homme/Femme,INT,womens,XL,,waist,79.5,84.5
selected-int-womens,selected,Selected Homme/Femme,INT,womens,XL,,hip,106.5,111.5
selected-int-womens,selected,Selected Homme/Femme,INT,womens,XXL,,bust,102.5,107.5
selected-int-womens,selected,Selected Homme/Femme,INT,womens,XXL,,waist,84.5,89.5
selected-int-womens,selected,Selected Homme/Femme,INT,womens,XXL,,hip,111.5,116.5
gloria-jeans-ru-womens,gloria-jeans,Gloria Jeans,RU,womens,36,XXS,bust,70,74
gloria-jeans-ru-womens,gloria-jeans,Gloria Jeans,RU,womens,36,XXS,waist,58,60
gloria-jeans-ru-womens,gloria-jeans,Gloria Jeans,RU,womens,36,XXS,hip,80,83
gloria-jeans-ru-womens,gloria-jeans,Gloria Jeans,RU,womens,38,XS,bust,74,78
gloria-jeans-ru-womens,gloria-jeans,Gloria Jeans,RU,womens,38,XS,waist,60,62
gloria-jeans-ru-womens,gloria-jeans,Gloria Jeans,RU,womens,38,XS,hip,83,86
gloria-jeans-ru-womens,gloria-jeans,Gloria Jeans,RU,womens,40,XS,bust,78,82
gloria-jeans-ru-womens,gloria-jeans,Gloria Jeans,RU,womens,40,XS,waist,62,65
gloria-jeans-ru-womens,gloria-jeans,Gloria Jeans,RU,womens,40,XS,hip,86,90
gloria-jeans-ru-womens,gloria-jeans,Gloria Jeans,RU,womens,42,S,bust,82,86
gloria-jeans-ru-womens,gloria-jeans,Gloria Jeans,RU,womens,42,S,waist,65,68
gloria-jeans-ru-womens,gloria-jeans,Gloria Jeans,RU,womens,42,S,hip,90,94
gloria-jeans-ru-womens,gloria-jeans,Gloria Jeans,RU,womens,44,M,bust,86,90
gloria-jeans-ru-womens,gloria-jeans,Gloria Jeans,RU,womens,44,M,waist,68,71
gloria-jeans-ru-womens,gloria-jeans,Gloria Jeans,RU,womens,44,M,hip,94,98
gloria-jeans-ru-womens,gloria-jeans,Gloria Jeans,RU,womens,46,M,bust,90,94
gloria-jeans-ru-womens,gloria-jeans,Gloria Jeans,RU,womens,46,M,waist,71,74
gloria-jeans-ru-womens,gloria-jeans,Gloria Jeans,RU,womens,46,M,hip,98,102
gloria-jeans-ru-womens,gloria-jeans,Gloria Jeans,RU,womens,48,L,bust,94,98
gloria-jeans-ru-womens,gloria-jeans,Gloria Jeans,RU,womens,48,L,waist,74,77
gloria-jeans-ru-womens,gloria-jeans,Gloria Jeans,RU,womens,48,L,hip,102,106
gloria-jeans-ru-womens,gloria-jeans,Gloria Jeans,RU,womens,50,L,bust,98,102
gloria-jeans-ru-womens,gloria-jeans,Gloria Jeans,RU,womens,50,L,waist,77,81
gloria-jeans-ru-womens,gloria-jeans,Gloria Jeans,RU,womens,50,L,hip,106,110
gloria-jeans-ru-womens,gloria-jeans,Gloria Jeans,RU,womens,52,XL,bust,102,106
gloria-jeans-ru-womens,gloria-jeans,Gloria Jeans,RU,womens,52,XL,waist,81,85
gloria-jeans-ru-womens,gloria-jeans,Gloria Jeans,RU,womens,52,XL,hip,110,114
gloria-jeans-ru-womens,gloria-jeans,Gloria Jeans,RU,womens,54,XL,bust,106,110
gloria-jeans-ru-womens,gloria-jeans,Gloria Jeans,RU,womens,54,XL,waist,85,89
gloria-jeans-ru-womens,gloria-jeans,Gloria Jeans,RU,womens,54,XL,hip,114,118
ostin-int-womens-g0,ostin,O'STIN,INT,womens,XS,,bust,82,86
ostin-int-womens-g0,ostin,O'STIN,INT,womens,XS,,waist,61.4,65.4
ostin-int-womens-g0,ostin,O'STIN,INT,womens,XS,,hip,88,92
ostin-int-womens-g0,ostin,O'STIN,INT,womens,S,,bust,86,90
ostin-int-womens-g0,ostin,O'STIN,INT,womens,S,,waist,65.4,69.4
ostin-int-womens-g0,ostin,O'STIN,INT,womens,S,,hip,92,96
ostin-int-womens-g0,ostin,O'STIN,INT,womens,M,,bust,90,94
ostin-int-womens-g0,ostin,O'STIN,INT,womens,M,,waist,69.4,73.4
ostin-int-womens-g0,ostin,O'STIN,INT,womens,M,,hip,96,100
ostin-int-womens-g0,ostin,O'STIN,INT,womens,L,,bust,94,98
ostin-int-womens-g0,ostin,O'STIN,INT,womens,L,,waist,73.4,77.4
ostin-int-womens-g0,ostin,O'STIN,INT,womens,L,,hip,100,104
ostin-int-womens-g0,ostin,O'STIN,INT,womens,XL,,bust,98,105
ostin-int-womens-g0,ostin,O'STIN,INT,womens,XL,,waist,77.4,81.4
ostin-int-womens-g0,ostin,O'STIN,INT,womens,XL,,hip,104,108
ostin-int-womens-g0,ostin,O'STIN,INT,womens,XXL,,bust,105,115
ostin-int-womens-g0,ostin,O'STIN,INT,womens,XXL,,waist,81.4,85.4
ostin-int-womens-g0,ostin,O'STIN,INT,womens,XXL,,hip,108,112
ostin-int-mens-g3,ostin,O'STIN,INT,mens,XS,,bust,84,84
ostin-int-mens-g3,ostin,O'STIN,INT,mens,S,,bust,88,92
ostin-int-mens-g3,ostin,O'STIN,INT,mens,M,,bust,96,96
ostin-int-mens-g3,ostin,O'STIN,INT,mens,L,,bust,100,104
ostin-int-mens-g3,ostin,O'STIN,INT,mens,XL,,bust,108,112
ostin-int-mens-g3,ostin,O'STIN,INT,mens,XXL,,bust,116,120
ostin-int-mens-g5,ostin,O'STIN,INT,mens,XS,,waist,68,68
ostin-int-mens-g5,ostin,O'STIN,INT,mens,S,,waist,72,76
ostin-int-mens-g5,ostin,O'STIN,INT,mens,M,,waist,80,80
ostin-int-mens-g5,ostin,O'STIN,INT,mens,L,,waist,84,88
ostin-int-mens-g5,ostin,O'STIN,INT,mens,XL,,waist,92,96
ostin-int-mens-g5,ostin,O'STIN,INT,mens,XXL,,waist,100,104
ostin-ru-womens-g1,ostin,O'STIN,RU,womens,42,,bust,82,86
ostin-ru-womens-g1,ostin,O'STIN,RU,womens,42,,waist,61.4,65.4
ostin-ru-womens-g1,ostin,O'STIN,RU,womens,42,,hip,88,92
ostin-ru-womens-g1,ostin,O'STIN,RU,womens,44,,bust,86,90
ostin-ru-womens-g1,ostin,O'STIN,RU,womens,44,,waist,65.4,69.4
ostin-ru-womens-g1,ostin,O'STIN,RU,womens,44,,hip,92,96
ostin-ru-womens-g1,ostin,O'STIN,RU,womens,46,,bust,90,94
ostin-ru-womens-g1,ostin,O'STIN,RU,womens,46,,waist,69.4,73.4
ostin-ru-womens-g1,ostin,O'STIN,RU,womens,46,,hip,96,100
ostin-ru-womens-g1,ostin,O'STIN,RU,womens,48,,bust,94,98
ostin-ru-womens-g1,ostin,O'STIN,RU,womens,48,,waist,73.4,77.4
ostin-ru-womens-g1,ostin,O'STIN,RU,womens,48,,hip,100,104
ostin-ru-womens-g1,ostin,O'STIN,RU,womens,50,,bust,98,105
ostin-ru-womens-g1,ostin,O'STIN,RU,womens,50,,waist,77.4,81.4
ostin-ru-womens-g1,ostin,O'STIN,RU,womens,50,,hip,104,108
ostin-ru-womens-g1,ostin,O'STIN,RU,womens,52,,bust,105,115
ostin-ru-womens-g1,ostin,O'STIN,RU,womens,52,,waist,81.4,85.4
ostin-ru-womens-g1,ostin,O'STIN,RU,womens,52,,hip,108,112
ostin-ru-mens-g2,ostin,O'STIN,RU,mens,42-44,,waist,68,72
ostin-ru-mens-g2,ostin,O'STIN,RU,mens,44,,waist,72,72
ostin-ru-mens-g2,ostin,O'STIN,RU,mens,46,,waist,76,76
ostin-ru-mens-g2,ostin,O'STIN,RU,mens,46-48,,waist,76,80
ostin-ru-mens-g2,ostin,O'STIN,RU,mens,48,,waist,80,80
ostin-ru-mens-g2,ostin,O'STIN,RU,mens,50,,waist,84,84
ostin-ru-mens-g2,ostin,O'STIN,RU,mens,50-52,,waist,84,88
ostin-ru-mens-g2,ostin,O'STIN,RU,mens,54,,waist,92,92
ostin-ru-mens-g2,ostin,O'STIN,RU,mens,56,,waist,96,96
ostin-ru-mens-g2,ostin,O'STIN,RU,mens,58-60,,waist,100,104
ostin-ru-mens-g4,ostin,O'STIN,RU,mens,42,,bust,84,84
ostin-ru-mens-g4,ostin,O'STIN,RU,mens,44-46,,bust,88,92
ostin-ru-mens-g4,ostin,O'STIN,RU,mens,48,,bust,96,96
ostin-ru-mens-g4,ostin,O'STIN,RU,mens,50-52,,bust,100,104
ostin-ru-mens-g4,ostin,O'STIN,RU,mens,54-56,,bust,108,112
ostin-ru-mens-g4,ostin,O'STIN,RU,mens,58-60,,bust,116,120
lime-eu-womens,lime,LIME,EU,womens,34,,waist,57.5,60.5
lime-eu-womens,lime,LIME,EU,womens,34,,hip,85.5,88.5
lime-eu-womens,lime,LIME,EU,womens,36,,waist,60.5,64
lime-eu-womens,lime,LIME,EU,womens,36,,hip,88.5,92
lime-eu-womens,lime,LIME,EU,womens,38,,waist,64,68
lime-eu-womens,lime,LIME,EU,womens,38,,hip,92,96
lime-eu-womens,lime,LIME,EU,womens,40,,waist,68,72
lime-eu-womens,lime,LIME,EU,womens,40,,hip,96,100
lime-eu-womens,lime,LIME,EU,womens,42,,waist,72,77
lime-eu-womens,lime,LIME,EU,womens,42,,hip,100,105
lime-eu-womens,lime,LIME,EU,womens,44,,waist,77,83
lime-eu-womens,lime,LIME,EU,womens,44,,hip,105,111
lime-int-womens,lime,LIME,INT,womens,XXS,,bust,76,80
lime-int-womens,lime,LIME,INT,womens,XXS,,waist,56,60
lime-int-womens,lime,LIME,INT,womens,XXS,,hip,84,88
lime-int-womens,lime,LIME,INT,womens,XS,,bust,80,84
lime-int-womens,lime,LIME,INT,womens,XS,,waist,60,64
lime-int-womens,lime,LIME,INT,womens,XS,,hip,88,92
lime-int-womens,lime,LIME,INT,womens,S,,bust,84,88
lime-int-womens,lime,LIME,INT,womens,S,,waist,64,68
lime-int-womens,lime,LIME,INT,womens,S,,hip,92,96
lime-int-womens,lime,LIME,INT,womens,M,,bust,88,93
lime-int-womens,lime,LIME,INT,womens,M,,waist,68,73
lime-int-womens,lime,LIME,INT,womens,M,,hip,96,101
lime-int-womens,lime,LIME,INT,womens,L,,bust,93,99
lime-int-womens,lime,LIME,INT,womens,L,,waist,73,79
lime-int-womens,lime,LIME,INT,womens,L,,hip,101,107
lime-int-womens,lime,LIME,INT,womens,XL,,bust,99,105
lime-int-womens,lime,LIME,INT,womens,XL,,waist,79,85
lime-int-womens,lime,LIME,INT,womens,XL,,hip,107,113
12storeez-int-womens-g0,12storeez,12 STOREEZ,INT,womens,XXS,,bust,78,82
12storeez-int-womens-g0,12storeez,12 STOREEZ,INT,womens,XXS,,waist,58,62
12storeez-int-womens-g0,12storeez,12 STOREEZ,INT,womens,XXS,,hip,86,90
12storeez-int-womens-g0,12storeez,12 STOREEZ,INT,womens,XS,,bust,82,86
12storeez-int-womens-g0,12storeez,12 STOREEZ,INT,womens,XS,,waist,62,66
12storeez-int-womens-g0,12storeez,12 STOREEZ,INT,womens,XS,,hip,90,94
12storeez-int-womens-g0,12storeez,12 STOREEZ,INT,womens,S,,bust,86,90
12storeez-int-womens-g0,12storeez,12 STOREEZ,INT,womens,S,,waist,66,70
12storeez-int-womens-g0,12storeez,12 STOREEZ,INT,womens,S,,hip,94,98
12storeez-int-womens-g0,12storeez,12 STOREEZ,INT,womens,M,,bust,90,94
12storeez-int-womens-g0,12storeez,12 STOREEZ,INT,womens,M,,waist,70,74
12storeez-int-womens-g0,12storeez,12 STOREEZ,INT,womens,M,,hip,98,102
12storeez-int-womens-g0,12storeez,12 STOREEZ,INT,womens,L,,bust,94,98
12storeez-int-womens-g0,12storeez,12 STOREEZ,INT,womens,L,,waist,74,78
12storeez-int-womens-g0,12storeez,12 STOREEZ,INT,womens,L,,hip,102,106
12storeez-int-womens-g0,12storeez,12 STOREEZ,INT,womens,XL,,bust,98,102
12storeez-int-womens-g0,12storeez,12 STOREEZ,INT,womens,XL,,waist,78,82
12storeez-int-womens-g0,12storeez,12 STOREEZ,INT,womens,XL,,hip,106,110
12storeez-int-mens-g1,12storeez,12 STOREEZ,INT,mens,S,,bust,90,94
12storeez-int-mens-g1,12storeez,12 STOREEZ,INT,mens,S,,waist,78,82
12storeez-int-mens-g1,12storeez,12 STOREEZ,INT,mens,S,,hip,97.5,100.5
12storeez-int-mens-g1,12storeez,12 STOREEZ,INT,mens,M,,bust,94,98
12storeez-int-mens-g1,12storeez,12 STOREEZ,INT,mens,M,,waist,82,86
12storeez-int-mens-g1,12storeez,12 STOREEZ,INT,mens,M,,hip,100.5,103.5
12storeez-int-mens-g1,12storeez,12 STOREEZ,INT,mens,L,,bust,98,102
12storeez-int-mens-g1,12storeez,12 STOREEZ,INT,mens,L,,waist,86,90
12storeez-int-mens-g1,12storeez,12 STOREEZ,INT,mens,L,,hip,103.5,106.5
12storeez-int-mens-g1,12storeez,12 STOREEZ,INT,mens,XL,,bust,102,106
12storeez-int-mens-g1,12storeez,12 STOREEZ,INT,mens,XL,,waist,90,94
12storeez-int-mens-g1,12storeez,12 STOREEZ,INT,mens,XL,,hip,106.5,109.5
12storeez-int-mens-g1,12storeez,12 STOREEZ,INT,mens,XXL,,bust,106,110
12storeez-int-mens-g1,12storeez,12 STOREEZ,INT,mens,XXL,,waist,94,98
12storeez-int-mens-g1,12storeez,12 STOREEZ,INT,mens,XXL,,hip,109.5,112.5
12storeez-int-mens-g1,12storeez,12 STOREEZ,INT,mens,XXXL,,bust,110,114
12storeez-int-mens-g1,12storeez,12 STOREEZ,INT,mens,XXXL,,waist,98,102
12storeez-int-mens-g1,12storeez,12 STOREEZ,INT,mens,XXXL,,hip,112.5,115.5
12storeez-ru-womens-g2,12storeez,12 STOREEZ,RU,womens,40,,bust,78,82
12storeez-ru-womens-g2,12storeez,12 STOREEZ,RU,womens,40,,waist,58,62
12storeez-ru-womens-g2,12storeez,12 STOREEZ,RU,womens,40,,hip,86,90
12storeez-ru-womens-g2,12storeez,12 STOREEZ,RU,womens,42,,bust,82,86
12storeez-ru-womens-g2,12storeez,12 STOREEZ,RU,womens,42,,waist,62,66
12storeez-ru-womens-g2,12storeez,12 STOREEZ,RU,womens,42,,hip,90,94
12storeez-ru-womens-g2,12storeez,12 STOREEZ,RU,womens,44,,bust,86,90
12storeez-ru-womens-g2,12storeez,12 STOREEZ,RU,womens,44,,waist,66,70
12storeez-ru-womens-g2,12storeez,12 STOREEZ,RU,womens,44,,hip,94,98
12storeez-ru-womens-g2,12storeez,12 STOREEZ,RU,womens,46,,bust,90,94
12storeez-ru-womens-g2,12storeez,12 STOREEZ,RU,womens,46,,waist,70,74
12storeez-ru-womens-g2,12storeez,12 STOREEZ,RU,womens,46,,hip,98,102
12storeez-ru-womens-g2,12storeez,12 STOREEZ,RU,womens,48,,bust,94,98
12storeez-ru-womens-g2,12storeez,12 STOREEZ,RU,womens,48,,waist,74,78
12storeez-ru-womens-g2,12storeez,12 STOREEZ,RU,womens,48,,hip,102,106
12storeez-ru-womens-g2,12storeez,12 STOREEZ,RU,womens,50,,bust,98,102
12storeez-ru-womens-g2,12storeez,12 STOREEZ,RU,womens,50,,waist,78,82
12storeez-ru-womens-g2,12storeez,12 STOREEZ,RU,womens,50,,hip,106,110
12storeez-ru-mens-g3,12storeez,12 STOREEZ,RU,mens,46,,bust,90,94
12storeez-ru-mens-g3,12storeez,12 STOREEZ,RU,mens,46,,waist,78,82
12storeez-ru-mens-g3,12storeez,12 STOREEZ,RU,mens,46,,hip,97.5,100.5
12storeez-ru-mens-g3,12storeez,12 STOREEZ,RU,mens,48,,bust,94,98
12storeez-ru-mens-g3,12storeez,12 STOREEZ,RU,mens,48,,waist,82,86
12storeez-ru-mens-g3,12storeez,12 STOREEZ,RU,mens,48,,hip,100.5,103.5
12storeez-ru-mens-g3,12storeez,12 STOREEZ,RU,mens,50,,bust,98,102
12storeez-ru-mens-g3,12storeez,12 STOREEZ,RU,mens,50,,waist,86,90
12storeez-ru-mens-g3,12storeez,12 STOREEZ,RU,mens,50,,hip,103.5,106.5
12storeez-ru-mens-g3,12storeez,12 STOREEZ,RU,mens,52,,bust,102,106
12storeez-ru-mens-g3,12storeez,12 STOREEZ,RU,mens,52,,waist,90,94
12storeez-ru-mens-g3,12storeez,12 STOREEZ,RU,mens,52,,hip,106.5,109.5
12storeez-ru-mens-g3,12storeez,12 STOREEZ,RU,mens,54,,bust,106,110
12storeez-ru-mens-g3,12storeez,12 STOREEZ,RU,mens,54,,waist,94,98
12storeez-ru-mens-g3,12storeez,12 STOREEZ,RU,mens,54,,hip,109.5,112.5
12storeez-ru-mens-g3,12storeez,12 STOREEZ,RU,mens,56,,bust,110,114
12storeez-ru-mens-g3,12storeez,12 STOREEZ,RU,mens,56,,waist,98,102
12storeez-ru-mens-g3,12storeez,12 STOREEZ,RU,mens,56,,hip,112.5,115.5
baon-int-womens-g0,baon,Baon,INT,womens,XXS,,bust,78,82
baon-int-womens-g0,baon,Baon,INT,womens,XXS,,waist,58,62
baon-int-womens-g0,baon,Baon,INT,womens,XXS,,hip,86,90
baon-int-womens-g0,baon,Baon,INT,womens,XS,,bust,82,86
baon-int-womens-g0,baon,Baon,INT,womens,XS,,waist,62,66
baon-int-womens-g0,baon,Baon,INT,womens,XS,,hip,90,94
baon-int-womens-g0,baon,Baon,INT,womens,S,,bust,86,90
baon-int-womens-g0,baon,Baon,INT,womens,S,,waist,66,69
baon-int-womens-g0,baon,Baon,INT,womens,S,,hip,94,98
baon-int-womens-g0,baon,Baon,INT,womens,M,,bust,90,94
baon-int-womens-g0,baon,Baon,INT,womens,M,,waist,69,72
baon-int-womens-g0,baon,Baon,INT,womens,M,,hip,98,102
baon-int-womens-g0,baon,Baon,INT,womens,L,,bust,94,98
baon-int-womens-g0,baon,Baon,INT,womens,L,,waist,72,76.5
baon-int-womens-g0,baon,Baon,INT,womens,L,,hip,102,106
baon-int-womens-g0,baon,Baon,INT,womens,XL,,bust,98,102
baon-int-womens-g0,baon,Baon,INT,womens,XL,,waist,76.5,81
baon-int-womens-g0,baon,Baon,INT,womens,XL,,hip,106,110
baon-int-womens-g0,baon,Baon,INT,womens,XXL,,bust,102,106
baon-int-womens-g0,baon,Baon,INT,womens,XXL,,waist,81,85.5
baon-int-womens-g0,baon,Baon,INT,womens,XXL,,hip,110,114
baon-int-womens-g0,baon,Baon,INT,womens,3XL,,bust,106,110
baon-int-womens-g0,baon,Baon,INT,womens,3XL,,waist,85.5,90.5
baon-int-womens-g0,baon,Baon,INT,womens,3XL,,hip,114,118
baon-int-womens-g0,baon,Baon,INT,womens,4XL,,bust,110,114
baon-int-womens-g0,baon,Baon,INT,womens,4XL,,waist,90.5,95.5
baon-int-womens-g0,baon,Baon,INT,womens,4XL,,hip,118,122
baon-int-womens-g0,baon,Baon,INT,womens,5XL,,bust,114,118
baon-int-womens-g0,baon,Baon,INT,womens,5XL,,waist,95.5,100.5
baon-int-womens-g0,baon,Baon,INT,womens,5XL,,hip,122,126
baon-int-mens-g1,baon,Baon,INT,mens,S,,bust,90,94
baon-int-mens-g1,baon,Baon,INT,mens,S,,waist,78,82
baon-int-mens-g1,baon,Baon,INT,mens,S,,hip,95.1,97.7
baon-int-mens-g1,baon,Baon,INT,mens,M,,bust,94,98
baon-int-mens-g1,baon,Baon,INT,mens,M,,waist,82,86
baon-int-mens-g1,baon,Baon,INT,mens,M,,hip,97.7,100.3
baon-int-mens-g1,baon,Baon,INT,mens,L,,bust,98,102
baon-int-mens-g1,baon,Baon,INT,mens,L,,waist,86,90
baon-int-mens-g1,baon,Baon,INT,mens,L,,hip,100.3,102.8
baon-int-mens-g1,baon,Baon,INT,mens,XL,,bust,102,106
baon-int-mens-g1,baon,Baon,INT,mens,XL,,waist,90,94
baon-int-mens-g1,baon,Baon,INT,mens,XL,,hip,102.8,105.2
baon-int-mens-g2,baon,Baon,INT,mens,XXL,,bust,108,112
baon-int-mens-g2,baon,Baon,INT,mens,XXL,,waist,96,100
baon-int-mens-g2,baon,Baon,INT,mens,XXL,,hip,106,109
baon-int-mens-g2,baon,Baon,INT,mens,3XL,,bust,112,116
baon-int-mens-g2,baon,Baon,INT,mens,3XL,,waist,100,104
baon-int-mens-g2,baon,Baon,INT,mens,3XL,,hip,109,112
baon-int-mens-g2,baon,Baon,INT,mens,4XL,,bust,116,120
baon-int-mens-g2,baon,Baon,INT,mens,4XL,,waist,104,108
baon-int-mens-g2,baon,Baon,INT,mens,4XL,,hip,112,114.5
baon-int-mens-g2,baon,Baon,INT,mens,5XL,,bust,120,124
baon-int-mens-g2,baon,Baon,INT,mens,5XL,,waist,108,112
baon-int-mens-g2,baon,Baon,INT,mens,5XL,,hip,114.5,117
baon-eu-womens-g3,baon,Baon,EU,womens,34,,bust,78,82
baon-eu-womens-g3,baon,Baon,EU,womens,34,,waist,58,62
baon-eu-womens-g3,baon,Baon,EU,womens,34,,hip,86,90
baon-eu-womens-g3,baon,Baon,EU,womens,36,,bust,82,86
baon-eu-womens-g3,baon,Baon,EU,womens,36,,waist,62,66
baon-eu-womens-g3,baon,Baon,EU,womens,36,,hip,90,94
baon-eu-womens-g3,baon,Baon,EU,womens,38,,bust,86,90
baon-eu-womens-g3,baon,Baon,EU,womens,38,,waist,66,69
baon-eu-womens-g3,baon,Baon,EU,womens,38,,hip,94,98
baon-eu-womens-g3,baon,Baon,EU,womens,40,,bust,90,94
baon-eu-womens-g3,baon,Baon,EU,womens,40,,waist,69,72
baon-eu-womens-g3,baon,Baon,EU,womens,40,,hip,98,102
baon-eu-womens-g3,baon,Baon,EU,womens,42,,bust,94,98
baon-eu-womens-g3,baon,Baon,EU,womens,42,,waist,72,76.5
baon-eu-womens-g3,baon,Baon,EU,womens,42,,hip,102,106
baon-eu-womens-g3,baon,Baon,EU,womens,44,,bust,98,102
baon-eu-womens-g3,baon,Baon,EU,womens,44,,waist,76.5,81
baon-eu-womens-g3,baon,Baon,EU,womens,44,,hip,106,110
baon-eu-womens-g3,baon,Baon,EU,womens,46,,bust,102,106
baon-eu-womens-g3,baon,Baon,EU,womens,46,,waist,81,85.5
baon-eu-womens-g3,baon,Baon,EU,womens,46,,hip,110,114
baon-eu-womens-g3,baon,Baon,EU,womens,48,,bust,106,110
baon-eu-womens-g3,baon,Baon,EU,womens,48,,waist,85.5,90.5
baon-eu-womens-g3,baon,Baon,EU,womens,48,,hip,114,118
baon-eu-womens-g3,baon,Baon,EU,womens,50,,bust,110,114
baon-eu-womens-g3,baon,Baon,EU,womens,50,,waist,90.5,95.5
baon-eu-womens-g3,baon,Baon,EU,womens,50,,hip,118,122
baon-eu-womens-g3,baon,Baon,EU,womens,52,,bust,114,118
baon-eu-womens-g3,baon,Baon,EU,womens,52,,waist,95.5,100.5
baon-eu-womens-g3,baon,Baon,EU,womens,52,,hip,122,126
baon-eu-mens-g4,baon,Baon,EU,mens,30,,waist,79.3,81.8
baon-eu-mens-g4,baon,Baon,EU,mens,30,,hip,92.8,95.3
baon-eu-mens-g4,baon,Baon,EU,mens,31,,waist,81.8,84.3
baon-eu-mens-g4,baon,Baon,EU,mens,31,,hip,95.3,97.8
baon-eu-mens-g4,baon,Baon,EU,mens,32,,waist,84.3,86.8
baon-eu-mens-g4,baon,Baon,EU,mens,32,,hip,97.8,100.3
baon-eu-mens-g4,baon,Baon,EU,mens,33,,waist,86.8,89.3
baon-eu-mens-g4,baon,Baon,EU,mens,33,,hip,100.3,102.8
baon-eu-mens-g4,baon,Baon,EU,mens,34,,waist,89.3,93
baon-eu-mens-g4,baon,Baon,EU,mens,34,,hip,102.8,106.5
baon-eu-mens-g4,baon,Baon,EU,mens,36,,waist,93,98
baon-eu-mens-g4,baon,Baon,EU,mens,36,,hip,106.5,111.5
baon-eu-mens-g4,baon,Baon,EU,mens,38,,waist,98,103
baon-eu-mens-g4,baon,Baon,EU,mens,38,,hip,111.5,116.5
baon-eu-mens-g4,baon,Baon,EU,mens,40,,waist,103,108
baon-eu-mens-g4,baon,Baon,EU,mens,40,,hip,116.5,121.5
baon-eu-mens-g4,baon,Baon,EU,mens,42,,waist,108,113
baon-eu-mens-g4,baon,Baon,EU,mens,42,,hip,121.5,126.5
baon-ru-womens-g5,baon,Baon,RU,womens,40,,bust,78,82
baon-ru-womens-g5,baon,Baon,RU,womens,40,,waist,58,62
baon-ru-womens-g5,baon,Baon,RU,womens,40,,hip,86,90
baon-ru-womens-g5,baon,Baon,RU,womens,42,,bust,82,86
baon-ru-womens-g5,baon,Baon,RU,womens,42,,waist,62,66
baon-ru-womens-g5,baon,Baon,RU,womens,42,,hip,90,94
baon-ru-womens-g5,baon,Baon,RU,womens,44,,bust,86,90
baon-ru-womens-g5,baon,Baon,RU,womens,44,,waist,66,69
baon-ru-womens-g5,baon,Baon,RU,womens,44,,hip,94,98
baon-ru-womens-g5,baon,Baon,RU,womens,46,,bust,90,94
baon-ru-womens-g5,baon,Baon,RU,womens,46,,waist,69,72
baon-ru-womens-g5,baon,Baon,RU,womens,46,,hip,98,102
baon-ru-womens-g5,baon,Baon,RU,womens,48,,bust,94,98
baon-ru-womens-g5,baon,Baon,RU,womens,48,,waist,72,76.5
baon-ru-womens-g5,baon,Baon,RU,womens,48,,hip,102,106
baon-ru-womens-g5,baon,Baon,RU,womens,50,,bust,98,102
baon-ru-womens-g5,baon,Baon,RU,womens,50,,waist,76.5,81
baon-ru-womens-g5,baon,Baon,RU,womens,50,,hip,106,110
baon-ru-womens-g5,baon,Baon,RU,womens,52,,bust,102,106
baon-ru-womens-g5,baon,Baon,RU,womens,52,,waist,81,85.5
baon-ru-womens-g5,baon,Baon,RU,womens,52,,hip,110,114
baon-ru-womens-g5,baon,Baon,RU,womens,54,,bust,106,110
baon-ru-womens-g5,baon,Baon,RU,womens,54,,waist,85.5,90.5
baon-ru-womens-g5,baon,Baon,RU,womens,54,,hip,114,118
baon-ru-womens-g5,baon,Baon,RU,womens,56,,bust,110,114
baon-ru-womens-g5,baon,Baon,RU,womens,56,,waist,90.5,95.5
baon-ru-womens-g5,baon,Baon,RU,womens,56,,hip,118,122
baon-ru-womens-g5,baon,Baon,RU,womens,58,,bust,114,118
baon-ru-womens-g5,baon,Baon,RU,womens,58,,waist,95.5,100.5
baon-ru-womens-g5,baon,Baon,RU,womens,58,,hip,122,126
baon-ru-mens-g6,baon,Baon,RU,mens,46,,bust,90,94
baon-ru-mens-g6,baon,Baon,RU,mens,46,,waist,78,82
baon-ru-mens-g6,baon,Baon,RU,mens,46,,hip,95.1,97.7
baon-ru-mens-g6,baon,Baon,RU,mens,48,,bust,94,98
baon-ru-mens-g6,baon,Baon,RU,mens,48,,waist,82,86
baon-ru-mens-g6,baon,Baon,RU,mens,48,,hip,97.7,100.3
baon-ru-mens-g6,baon,Baon,RU,mens,50,,bust,98,102
baon-ru-mens-g6,baon,Baon,RU,mens,50,,waist,86,90
baon-ru-mens-g6,baon,Baon,RU,mens,50,,hip,100.3,102.8
baon-ru-mens-g6,baon,Baon,RU,mens,52,,bust,102,106
baon-ru-mens-g6,baon,Baon,RU,mens,52,,waist,90,94
baon-ru-mens-g6,baon,Baon,RU,mens,52,,hip,102.8,105.2
baon-ru-mens-g7,baon,Baon,RU,mens,54,,bust,108,112
baon-ru-mens-g7,baon,Baon,RU,mens,54,,waist,96,100
baon-ru-mens-g7,baon,Baon,RU,mens,54,,hip,106,109
baon-ru-mens-g7,baon,Baon,RU,mens,56,,bust,112,116
baon-ru-mens-g7,baon,Baon,RU,mens,56,,waist,100,104
baon-ru-mens-g7,baon,Baon,RU,mens,56,,hip,109,112
baon-ru-mens-g7,baon,Baon,RU,mens,58,,bust,116,120
baon-ru-mens-g7,baon,Baon,RU,mens,58,,waist,104,108
baon-ru-mens-g7,baon,Baon,RU,mens,58,,hip,112,114.5
baon-ru-mens-g7,baon,Baon,RU,mens,60,,bust,120,124
baon-ru-mens-g7,baon,Baon,RU,mens,60,,waist,108,112
baon-ru-mens-g7,baon,Baon,RU,mens,60,,hip,114.5,117
finn-flare-int-womens-g0,finn-flare,Finn Flare,INT,womens,XXS,,bust,78,82
finn-flare-int-womens-g0,finn-flare,Finn Flare,INT,womens,XXS,,waist,58,62
finn-flare-int-womens-g0,finn-flare,Finn Flare,INT,womens,XXS,,hip,84,88
finn-flare-int-womens-g0,finn-flare,Finn Flare,INT,womens,XS,,bust,82,86
finn-flare-int-womens-g0,finn-flare,Finn Flare,INT,womens,XS,,waist,62,66
finn-flare-int-womens-g0,finn-flare,Finn Flare,INT,womens,XS,,hip,88,92
finn-flare-int-womens-g0,finn-flare,Finn Flare,INT,womens,S,,bust,86,90
finn-flare-int-womens-g0,finn-flare,Finn Flare,INT,womens,S,,waist,66,70
finn-flare-int-womens-g0,finn-flare,Finn Flare,INT,womens,S,,hip,92,96
finn-flare-int-womens-g0,finn-flare,Finn Flare,INT,womens,M,,bust,90,94
finn-flare-int-womens-g0,finn-flare,Finn Flare,INT,womens,M,,waist,70,74
finn-flare-int-womens-g0,finn-flare,Finn Flare,INT,womens,M,,hip,96,100
finn-flare-int-womens-g0,finn-flare,Finn Flare,INT,womens,L,,bust,94,98
finn-flare-int-womens-g0,finn-flare,Finn Flare,INT,womens,L,,waist,74,78
finn-flare-int-womens-g0,finn-flare,Finn Flare,INT,womens,L,,hip,100,104
finn-flare-int-womens-g0,finn-flare,Finn Flare,INT,womens,XL,,bust,98,102
finn-flare-int-womens-g0,finn-flare,Finn Flare,INT,womens,XL,,waist,78,82
finn-flare-int-womens-g0,finn-flare,Finn Flare,INT,womens,XL,,hip,104,108
finn-flare-int-womens-g0,finn-flare,Finn Flare,INT,womens,2XL,,bust,102,106
finn-flare-int-womens-g0,finn-flare,Finn Flare,INT,womens,2XL,,waist,82,86
finn-flare-int-womens-g0,finn-flare,Finn Flare,INT,womens,2XL,,hip,108,112
finn-flare-int-womens-g0,finn-flare,Finn Flare,INT,womens,3XL,,bust,106,112
finn-flare-int-womens-g0,finn-flare,Finn Flare,INT,womens,3XL,,waist,86,92
finn-flare-int-womens-g0,finn-flare,Finn Flare,INT,womens,3XL,,hip,112,118
finn-flare-int-womens-g0,finn-flare,Finn Flare,INT,womens,4XL,,bust,112,118
finn-flare-int-womens-g0,finn-flare,Finn Flare,INT,womens,4XL,,waist,92,98
finn-flare-int-womens-g0,finn-flare,Finn Flare,INT,womens,4XL,,hip,118,124
finn-flare-int-womens-g0,finn-flare,Finn Flare,INT,womens,5XL,,bust,118,122
finn-flare-int-womens-g0,finn-flare,Finn Flare,INT,womens,5XL,,waist,98,102
finn-flare-int-womens-g0,finn-flare,Finn Flare,INT,womens,5XL,,hip,124,128
finn-flare-int-mens-g2,finn-flare,Finn Flare,INT,mens,XS,,bust,90,94
finn-flare-int-mens-g2,finn-flare,Finn Flare,INT,mens,XS,,waist,80,84
finn-flare-int-mens-g2,finn-flare,Finn Flare,INT,mens,XS,,hip,92,96
finn-flare-int-mens-g2,finn-flare,Finn Flare,INT,mens,S,,bust,94,98
finn-flare-int-mens-g2,finn-flare,Finn Flare,INT,mens,S,,waist,84,88
finn-flare-int-mens-g2,finn-flare,Finn Flare,INT,mens,S,,hip,96,100
finn-flare-int-mens-g2,finn-flare,Finn Flare,INT,mens,M,,bust,98,102
finn-flare-int-mens-g2,finn-flare,Finn Flare,INT,mens,M,,waist,88,92
finn-flare-int-mens-g2,finn-flare,Finn Flare,INT,mens,M,,hip,100,104
finn-flare-int-mens-g2,finn-flare,Finn Flare,INT,mens,L,,bust,102,106
finn-flare-int-mens-g2,finn-flare,Finn Flare,INT,mens,L,,waist,92,96
finn-flare-int-mens-g2,finn-flare,Finn Flare,INT,mens,L,,hip,104,108
finn-flare-int-mens-g2,finn-flare,Finn Flare,INT,mens,XL,,bust,106,110
finn-flare-int-mens-g2,finn-flare,Finn Flare,INT,mens,XL,,waist,96,100
finn-flare-int-mens-g2,finn-flare,Finn Flare,INT,mens,XL,,hip,108,112
finn-flare-int-mens-g2,finn-flare,Finn Flare,INT,mens,2XL,,bust,110,114
finn-flare-int-mens-g2,finn-flare,Finn Flare,INT,mens,2XL,,waist,100,104
finn-flare-int-mens-g2,finn-flare,Finn Flare,INT,mens,2XL,,hip,112,116
finn-flare-int-mens-g2,finn-flare,Finn Flare,INT,mens,3XL,,bust,114,120
finn-flare-int-mens-g2,finn-flare,Finn Flare,INT,mens,3XL,,waist,104,110
finn-flare-int-mens-g2,finn-flare,Finn Flare,INT,mens,3XL,,hip,116,121
finn-flare-int-mens-g2,finn-flare,Finn Flare,INT,mens,4XL,,bust,120,126
finn-flare-int-mens-g2,finn-flare,Finn Flare,INT,mens,4XL,,waist,110,116
finn-flare-int-mens-g2,finn-flare,Finn Flare,INT,mens,4XL,,hip,121,127
finn-flare-int-mens-g2,finn-flare,Finn Flare,INT,mens,5XL,,bust,126,130
finn-flare-int-mens-g2,finn-flare,Finn Flare,INT,mens,5XL,,waist,116,120
finn-flare-int-mens-g2,finn-flare,Finn Flare,INT,mens,5XL,,hip,127,133
finn-flare-ru-womens-g1,finn-flare,Finn Flare,RU,womens,40,,bust,78,82
finn-flare-ru-womens-g1,finn-flare,Finn Flare,RU,womens,40,,waist,58,62
finn-flare-ru-womens-g1,finn-flare,Finn Flare,RU,womens,40,,hip,84,88
finn-flare-ru-womens-g1,finn-flare,Finn Flare,RU,womens,42,,bust,82,86
finn-flare-ru-womens-g1,finn-flare,Finn Flare,RU,womens,42,,waist,62,66
finn-flare-ru-womens-g1,finn-flare,Finn Flare,RU,womens,42,,hip,88,92
finn-flare-ru-womens-g1,finn-flare,Finn Flare,RU,womens,44,,bust,86,90
finn-flare-ru-womens-g1,finn-flare,Finn Flare,RU,womens,44,,waist,66,70
finn-flare-ru-womens-g1,finn-flare,Finn Flare,RU,womens,44,,hip,92,96
finn-flare-ru-womens-g1,finn-flare,Finn Flare,RU,womens,46,,bust,90,94
finn-flare-ru-womens-g1,finn-flare,Finn Flare,RU,womens,46,,waist,70,74
finn-flare-ru-womens-g1,finn-flare,Finn Flare,RU,womens,46,,hip,96,100
finn-flare-ru-womens-g1,finn-flare,Finn Flare,RU,womens,48,,bust,94,98
finn-flare-ru-womens-g1,finn-flare,Finn Flare,RU,womens,48,,waist,74,78
finn-flare-ru-womens-g1,finn-flare,Finn Flare,RU,womens,48,,hip,100,104
finn-flare-ru-womens-g1,finn-flare,Finn Flare,RU,womens,50,,bust,98,102
finn-flare-ru-womens-g1,finn-flare,Finn Flare,RU,womens,50,,waist,78,82
finn-flare-ru-womens-g1,finn-flare,Finn Flare,RU,womens,50,,hip,104,108
finn-flare-ru-womens-g1,finn-flare,Finn Flare,RU,womens,52,,bust,102,106
finn-flare-ru-womens-g1,finn-flare,Finn Flare,RU,womens,52,,waist,82,86
finn-flare-ru-womens-g1,finn-flare,Finn Flare,RU,womens,52,,hip,108,112
finn-flare-ru-womens-g1,finn-flare,Finn Flare,RU,womens,54,,bust,106,112
finn-flare-ru-womens-g1,finn-flare,Finn Flare,RU,womens,54,,waist,86,92
finn-flare-ru-womens-g1,finn-flare,Finn Flare,RU,womens,54,,hip,112,118
finn-flare-ru-womens-g1,finn-flare,Finn Flare,RU,womens,56,,bust,112,118
finn-flare-ru-womens-g1,finn-flare,Finn Flare,RU,womens,56,,waist,92,98
finn-flare-ru-womens-g1,finn-flare,Finn Flare,RU,womens,56,,hip,118,124
finn-flare-ru-womens-g1,finn-flare,Finn Flare,RU,womens,58,,bust,118,122
finn-flare-ru-womens-g1,finn-flare,Finn Flare,RU,womens,58,,waist,98,102
finn-flare-ru-womens-g1,finn-flare,Finn Flare,RU,womens,58,,hip,124,128
finn-flare-ru-mens-g3,finn-flare,Finn Flare,RU,mens,46,,bust,90,94
finn-flare-ru-mens-g3,finn-flare,Finn Flare,RU,mens,46,,waist,80,84
finn-flare-ru-mens-g3,finn-flare,Finn Flare,RU,mens,46,,hip,92,96
finn-flare-ru-mens-g3,finn-flare,Finn Flare,RU,mens,48,,bust,94,98
finn-flare-ru-mens-g3,finn-flare,Finn Flare,RU,mens,48,,waist,84,88
finn-flare-ru-mens-g3,finn-flare,Finn Flare,RU,mens,48,,hip,96,100
finn-flare-ru-mens-g3,finn-flare,Finn Flare,RU,mens,50,,bust,98,102
finn-flare-ru-mens-g3,finn-flare,Finn Flare,RU,mens,50,,waist,88,92
finn-flare-ru-mens-g3,finn-flare,Finn Flare,RU,mens,50,,hip,100,104
finn-flare-ru-mens-g3,finn-flare,Finn Flare,RU,mens,52,,bust,102,106
finn-flare-ru-mens-g3,finn-flare,Finn Flare,RU,mens,52,,waist,92,96
finn-flare-ru-mens-g3,finn-flare,Finn Flare,RU,mens,52,,hip,104,108
finn-flare-ru-mens-g3,finn-flare,Finn Flare,RU,mens,54,,bust,106,110
finn-flare-ru-mens-g3,finn-flare,Finn Flare,RU,mens,54,,waist,96,100
finn-flare-ru-mens-g3,finn-flare,Finn Flare,RU,mens,54,,hip,108,112
finn-flare-ru-mens-g3,finn-flare,Finn Flare,RU,mens,56,,bust,110,114
finn-flare-ru-mens-g3,finn-flare,Finn Flare,RU,mens,56,,waist,100,104
finn-flare-ru-mens-g3,finn-flare,Finn Flare,RU,mens,56,,hip,112,116
finn-flare-ru-mens-g3,finn-flare,Finn Flare,RU,mens,58,,bust,114,120
finn-flare-ru-mens-g3,finn-flare,Finn Flare,RU,mens,58,,waist,104,110
finn-flare-ru-mens-g3,finn-flare,Finn Flare,RU,mens,58,,hip,116,121
finn-flare-ru-mens-g3,finn-flare,Finn Flare,RU,mens,60-62,,bust,120,126
finn-flare-ru-mens-g3,finn-flare,Finn Flare,RU,mens,60-62,,waist,110,116
finn-flare-ru-mens-g3,finn-flare,Finn Flare,RU,mens,60-62,,hip,121,127
finn-flare-ru-mens-g3,finn-flare,Finn Flare,RU,mens,64,,bust,126,130
finn-flare-ru-mens-g3,finn-flare,Finn Flare,RU,mens,64,,waist,116,120
finn-flare-ru-mens-g3,finn-flare,Finn Flare,RU,mens,64,,hip,127,133
zolla-int-womens,zolla,Zolla,INT,womens,XXS,,waist,61,63
zolla-int-womens,zolla,Zolla,INT,womens,XXS,,hip,86,90
zolla-int-womens,zolla,Zolla,INT,womens,XS,,waist,63,66
zolla-int-womens,zolla,Zolla,INT,womens,XS,,hip,90,94
zolla-int-womens,zolla,Zolla,INT,womens,S,,waist,68,70
zolla-int-womens,zolla,Zolla,INT,womens,S,,hip,96,98
zolla-int-womens,zolla,Zolla,INT,womens,M,,waist,72,75
zolla-int-womens,zolla,Zolla,INT,womens,M,,hip,100,104
zolla-int-womens,zolla,Zolla,INT,womens,L,,waist,75,77
zolla-int-womens,zolla,Zolla,INT,womens,L,,hip,104,106
zolla-int-womens,zolla,Zolla,INT,womens,XL,,waist,80,82
zolla-int-womens,zolla,Zolla,INT,womens,XL,,hip,108,112
zolla-int-womens,zolla,Zolla,INT,womens,XXL,,waist,82,85
zolla-int-womens,zolla,Zolla,INT,womens,XXL,,hip,112,114
zolla-int-womens,zolla,Zolla,INT,womens,XXXL,,waist,87,90
zolla-int-womens,zolla,Zolla,INT,womens,XXXL,,hip,116,118
zolla-int-womens,zolla,Zolla,INT,womens,4XL,,waist,90,92
zolla-int-womens,zolla,Zolla,INT,womens,4XL,,hip,118,120
zolla-ru-womens,zolla,Zolla,RU,womens,40,,waist,61,63
zolla-ru-womens,zolla,Zolla,RU,womens,40,,hip,86,90
zolla-ru-womens,zolla,Zolla,RU,womens,42,,waist,63,66
zolla-ru-womens,zolla,Zolla,RU,womens,42,,hip,90,94
zolla-ru-womens,zolla,Zolla,RU,womens,44,,waist,68,70
zolla-ru-womens,zolla,Zolla,RU,womens,44,,hip,96,98
zolla-ru-womens,zolla,Zolla,RU,womens,46,,waist,72,75
zolla-ru-womens,zolla,Zolla,RU,womens,46,,hip,100,104
zolla-ru-womens,zolla,Zolla,RU,womens,48,,waist,75,77
zolla-ru-womens,zolla,Zolla,RU,womens,48,,hip,104,106
zolla-ru-womens,zolla,Zolla,RU,womens,50,,waist,80,82
zolla-ru-womens,zolla,Zolla,RU,womens,50,,hip,108,112
zolla-ru-womens,zolla,Zolla,RU,womens,52,,waist,82,85
zolla-ru-womens,zolla,Zolla,RU,womens,52,,hip,112,114
zolla-ru-womens,zolla,Zolla,RU,womens,54,,waist,87,90
zolla-ru-womens,zolla,Zolla,RU,womens,54,,hip,116,118
zolla-ru-womens,zolla,Zolla,RU,womens,56,,waist,90,92
zolla-ru-womens,zolla,Zolla,RU,womens,56,,hip,118,120
incity-eu-womens,incity,Incity,EU,womens,34,,bust,78,82
incity-eu-womens,incity,Incity,EU,womens,34,,waist,57,61
incity-eu-womens,incity,Incity,EU,womens,34,,hip,84,88
incity-eu-womens,incity,Incity,EU,womens,36,,bust,82,86
incity-eu-womens,incity,Incity,EU,womens,36,,waist,61,65
incity-eu-womens,incity,Incity,EU,womens,36,,hip,88,92
incity-eu-womens,incity,Incity,EU,womens,38,,bust,86,90
incity-eu-womens,incity,Incity,EU,womens,38,,waist,65,69
incity-eu-womens,incity,Incity,EU,womens,38,,hip,92,96
incity-eu-womens,incity,Incity,EU,womens,40,,bust,90,94
incity-eu-womens,incity,Incity,EU,womens,40,,waist,69,73
incity-eu-womens,incity,Incity,EU,womens,40,,hip,96,100
incity-eu-womens,incity,Incity,EU,womens,42,,bust,94,98
incity-eu-womens,incity,Incity,EU,womens,42,,waist,73,77
incity-eu-womens,incity,Incity,EU,womens,42,,hip,100,104
incity-eu-womens,incity,Incity,EU,womens,44,,bust,98,102
incity-eu-womens,incity,Incity,EU,womens,44,,waist,77,81
incity-eu-womens,incity,Incity,EU,womens,44,,hip,104,108
incity-eu-womens,incity,Incity,EU,womens,46,,bust,102,106
incity-eu-womens,incity,Incity,EU,womens,46,,waist,81,85.5
incity-eu-womens,incity,Incity,EU,womens,46,,hip,108,112
incity-eu-womens,incity,Incity,EU,womens,48,,bust,106,110
incity-eu-womens,incity,Incity,EU,womens,48,,waist,85.5,90.5
incity-eu-womens,incity,Incity,EU,womens,48,,hip,112,116
incity-int-womens,incity,Incity,INT,womens,XS/S,,bust,78,82
incity-int-womens,incity,Incity,INT,womens,XS/S,,waist,57,61
incity-int-womens,incity,Incity,INT,womens,XS/S,,hip,84,88
incity-int-womens,incity,Incity,INT,womens,S,,bust,82,86
incity-int-womens,incity,Incity,INT,womens,S,,waist,61,65
incity-int-womens,incity,Incity,INT,womens,S,,hip,88,92
incity-int-womens,incity,Incity,INT,womens,S/M,,bust,86,90
incity-int-womens,incity,Incity,INT,womens,S/M,,waist,65,69
incity-int-womens,incity,Incity,INT,womens,S/M,,hip,92,96
incity-int-womens,incity,Incity,INT,womens,M,,bust,90,94
incity-int-womens,incity,Incity,INT,womens,M,,waist,69,73
incity-int-womens,incity,Incity,INT,womens,M,,hip,96,100
incity-int-womens,incity,Incity,INT,womens,L,,bust,94,98
incity-int-womens,incity,Incity,INT,womens,L,,waist,73,77
incity-int-womens,incity,Incity,INT,womens,L,,hip,100,104
incity-int-womens,incity,Incity,INT,womens,L/XL,,bust,98,102
incity-int-womens,incity,Incity,INT,womens,L/XL,,waist,77,81
incity-int-womens,incity,Incity,INT,womens,L/XL,,hip,104,108
incity-int-womens,incity,Incity,INT,womens,XL,,bust,102,106
incity-int-womens,incity,Incity,INT,womens,XL,,waist,81,85.5
incity-int-womens,incity,Incity,INT,womens,XL,,hip,108,112
incity-int-womens,incity,Incity,INT,womens,XL/XXL,,bust,106,110
incity-int-womens,incity,Incity,INT,womens,XL/XXL,,waist,85.5,90.5
incity-int-womens,incity,Incity,INT,womens,XL/XXL,,hip,112,116
incity-ru-womens,incity,Incity,RU,womens,40,,bust,78,82
incity-ru-womens,incity,Incity,RU,womens,40,,waist,57,61
incity-ru-womens,incity,Incity,RU,womens,40,,hip,84,88
incity-ru-womens,incity,Incity,RU,womens,42,,bust,82,86
incity-ru-womens,incity,Incity,RU,womens,42,,waist,61,65
incity-ru-womens,incity,Incity,RU,womens,42,,hip,88,92
incity-ru-womens,incity,Incity,RU,womens,44,,bust,86,90
incity-ru-womens,incity,Incity,RU,womens,44,,waist,65,69
incity-ru-womens,incity,Incity,RU,womens,44,,hip,92,96
incity-ru-womens,incity,Incity,RU,womens,46,,bust,90,94
incity-ru-womens,incity,Incity,RU,womens,46,,waist,69,73
incity-ru-womens,incity,Incity,RU,womens,46,,hip,96,100
incity-ru-womens,incity,Incity,RU,womens,48,,bust,94,98
incity-ru-womens,incity,Incity,RU,womens,48,,waist,73,77
incity-ru-womens,incity,Incity,RU,womens,48,,hip,100,104
incity-ru-womens,incity,Incity,RU,womens,50,,bust,98,102
incity-ru-womens,incity,Incity,RU,womens,50,,waist,77,81
incity-ru-womens,incity,Incity,RU,womens,50,,hip,104,108
incity-ru-womens,incity,Incity,RU,womens,52,,bust,102,106
incity-ru-womens,incity,Incity,RU,womens,52,,waist,81,85.5
incity-ru-womens,incity,Incity,RU,womens,52,,hip,108,112
incity-ru-womens,incity,Incity,RU,womens,54,,bust,106,110
incity-ru-womens,incity,Incity,RU,womens,54,,waist,85.5,90.5
incity-ru-womens,incity,Incity,RU,womens,54,,hip,112,116
incity-us-womens,incity,Incity,US,womens,2,,bust,78,82
incity-us-womens,incity,Incity,US,womens,2,,waist,57,61
incity-us-womens,incity,Incity,US,womens,2,,hip,84,88
incity-us-womens,incity,Incity,US,womens,4,,bust,82,86
incity-us-womens,incity,Incity,US,womens,4,,waist,61,65
incity-us-womens,incity,Incity,US,womens,4,,hip,88,92
incity-us-womens,incity,Incity,US,womens,6,,bust,86,90
incity-us-womens,incity,Incity,US,womens,6,,waist,65,69
incity-us-womens,incity,Incity,US,womens,6,,hip,92,96
incity-us-womens,incity,Incity,US,womens,8,,bust,90,94
incity-us-womens,incity,Incity,US,womens,8,,waist,69,73
incity-us-womens,incity,Incity,US,womens,8,,hip,96,100
incity-us-womens,incity,Incity,US,womens,10,,bust,94,98
incity-us-womens,incity,Incity,US,womens,10,,waist,73,77
incity-us-womens,incity,Incity,US,womens,10,,hip,100,104
incity-us-womens,incity,Incity,US,womens,12,,bust,98,102
incity-us-womens,incity,Incity,US,womens,12,,waist,77,81
incity-us-womens,incity,Incity,US,womens,12,,hip,104,108
incity-us-womens,incity,Incity,US,womens,14,,bust,102,106
incity-us-womens,incity,Incity,US,womens,14,,waist,81,85.5
incity-us-womens,incity,Incity,US,womens,14,,hip,108,112
incity-us-womens,incity,Incity,US,womens,16,,bust,106,110
incity-us-womens,incity,Incity,US,womens,16,,waist,85.5,90.5
incity-us-womens,incity,Incity,US,womens,16,,hip,112,116
concept-club-int-womens-g0,concept-club,Concept Club,INT,womens,XXS,,waist,57.5,61.5
concept-club-int-womens-g0,concept-club,Concept Club,INT,womens,XXS,,hip,84,88
concept-club-int-womens-g0,concept-club,Concept Club,INT,womens,XS,,waist,61.5,65.5
concept-club-int-womens-g0,concept-club,Concept Club,INT,womens,XS,,hip,88,92
concept-club-int-womens-g0,concept-club,Concept Club,INT,womens,S,,waist,65.5,69.5
concept-club-int-womens-g0,concept-club,Concept Club,INT,womens,S,,hip,92,96
concept-club-int-womens-g0,concept-club,Concept Club,INT,womens,M,,waist,69.5,73.5
concept-club-int-womens-g0,concept-club,Concept Club,INT,womens,M,,hip,96,100
concept-club-int-womens-g0,concept-club,Concept Club,INT,womens,L,,waist,73.5,77.5
concept-club-int-womens-g0,concept-club,Concept Club,INT,womens,L,,hip,100,104
concept-club-int-womens-g0,concept-club,Concept Club,INT,womens,XL,,waist,77.5,81.5
concept-club-int-womens-g0,concept-club,Concept Club,INT,womens,XL,,hip,104,108
concept-club-int-womens-g2,concept-club,Concept Club,INT,womens,XXS,,bust,78,82
concept-club-int-womens-g2,concept-club,Concept Club,INT,womens,XXS,,waist,57.5,61.5
concept-club-int-womens-g2,concept-club,Concept Club,INT,womens,XXS,,hip,84,88
concept-club-int-womens-g2,concept-club,Concept Club,INT,womens,XS,,bust,82,86
concept-club-int-womens-g2,concept-club,Concept Club,INT,womens,XS,,waist,61.5,65.5
concept-club-int-womens-g2,concept-club,Concept Club,INT,womens,XS,,hip,88,92
concept-club-int-womens-g2,concept-club,Concept Club,INT,womens,S,,bust,86,90
concept-club-int-womens-g2,concept-club,Concept Club,INT,womens,S,,waist,65.5,69.5
concept-club-int-womens-g2,concept-club,Concept Club,INT,womens,S,,hip,92,96
concept-club-int-womens-g2,concept-club,Concept Club,INT,womens,M,,bust,90,94
concept-club-int-womens-g2,concept-club,Concept Club,INT,womens,M,,waist,69.5,73.5
concept-club-int-womens-g2,concept-club,Concept Club,INT,womens,M,,hip,96,100
concept-club-int-womens-g2,concept-club,Concept Club,INT,womens,L,,bust,94,98
concept-club-int-womens-g2,concept-club,Concept Club,INT,womens,L,,waist,73.5,77.5
concept-club-int-womens-g2,concept-club,Concept Club,INT,womens,L,,hip,100,104
concept-club-int-womens-g2,concept-club,Concept Club,INT,womens,XL,,bust,98,102
concept-club-int-womens-g2,concept-club,Concept Club,INT,womens,XL,,waist,77.5,81.5
concept-club-int-womens-g2,concept-club,Concept Club,INT,womens,XL,,hip,104,108
concept-club-ru-womens-g1,concept-club,Concept Club,RU,womens,40,,waist,57.5,61.5
concept-club-ru-womens-g1,concept-club,Concept Club,RU,womens,40,,hip,84,88
concept-club-ru-womens-g1,concept-club,Concept Club,RU,womens,42,,waist,61.5,65.5
concept-club-ru-womens-g1,concept-club,Concept Club,RU,womens,42,,hip,88,92
concept-club-ru-womens-g1,concept-club,Concept Club,RU,womens,44,,waist,65.5,69.5
concept-club-ru-womens-g1,concept-club,Concept Club,RU,womens,44,,hip,92,96
concept-club-ru-womens-g1,concept-club,Concept Club,RU,womens,46,,waist,69.5,73.5
concept-club-ru-womens-g1,concept-club,Concept Club,RU,womens,46,,hip,96,100
concept-club-ru-womens-g1,concept-club,Concept Club,RU,womens,48,,waist,73.5,77.5
concept-club-ru-womens-g1,concept-club,Concept Club,RU,womens,48,,hip,100,104
concept-club-ru-womens-g1,concept-club,Concept Club,RU,womens,50,,waist,77.5,81.5
concept-club-ru-womens-g1,concept-club,Concept Club,RU,womens,50,,hip,104,108
concept-club-ru-womens-g3,concept-club,Concept Club,RU,womens,40,,bust,78,82
concept-club-ru-womens-g3,concept-club,Concept Club,RU,womens,40,,waist,57.5,61.5
concept-club-ru-womens-g3,concept-club,Concept Club,RU,womens,40,,hip,84,88
concept-club-ru-womens-g3,concept-club,Concept Club,RU,womens,42,,bust,82,86
concept-club-ru-womens-g3,concept-club,Concept Club,RU,womens,42,,waist,61.5,65.5
concept-club-ru-womens-g3,concept-club,Concept Club,RU,womens,42,,hip,88,92
concept-club-ru-womens-g3,concept-club,Concept Club,RU,womens,44,,bust,86,90
concept-club-ru-womens-g3,concept-club,Concept Club,RU,womens,44,,waist,65.5,69.5
concept-club-ru-womens-g3,concept-club,Concept Club,RU,womens,44,,hip,92,96
concept-club-ru-womens-g3,concept-club,Concept Club,RU,womens,46,,bust,90,94
concept-club-ru-womens-g3,concept-club,Concept Club,RU,womens,46,,waist,69.5,73.5
concept-club-ru-womens-g3,concept-club,Concept Club,RU,womens,46,,hip,96,100
concept-club-ru-womens-g3,concept-club,Concept Club,RU,womens,48,,bust,94,98
concept-club-ru-womens-g3,concept-club,Concept Club,RU,womens,48,,waist,73.5,77.5
concept-club-ru-womens-g3,concept-club,Concept Club,RU,womens,48,,hip,100,104
concept-club-ru-womens-g3,concept-club,Concept Club,RU,womens,50,,bust,98,102
concept-club-ru-womens-g3,concept-club,Concept Club,RU,womens,50,,waist,77.5,81.5
concept-club-ru-womens-g3,concept-club,Concept Club,RU,womens,50,,hip,104,108
henderson-int-mens,henderson,Henderson,INT,mens,XS,,bust,92,96
henderson-int-mens,henderson,Henderson,INT,mens,XS,,waist,86,90
henderson-int-mens,henderson,Henderson,INT,mens,S,,bust,96,100
henderson-int-mens,henderson,Henderson,INT,mens,S,,waist,90,94
henderson-int-mens,henderson,Henderson,INT,mens,M,,bust,100,104
henderson-int-mens,henderson,Henderson,INT,mens,M,,waist,94,98
henderson-int-mens,henderson,Henderson,INT,mens,L,,bust,104,112
henderson-int-mens,henderson,Henderson,INT,mens,L,,waist,98,106
henderson-int-mens,henderson,Henderson,INT,mens,XL,,bust,112,120
henderson-int-mens,henderson,Henderson,INT,mens,XL,,waist,106,114
henderson-int-mens,henderson,Henderson,INT,mens,2XL,,bust,120,128
henderson-int-mens,henderson,Henderson,INT,mens,2XL,,waist,114,122
henderson-int-mens,henderson,Henderson,INT,mens,3XL,,bust,128,136
henderson-int-mens,henderson,Henderson,INT,mens,3XL,,waist,122,130
henderson-int-mens,henderson,Henderson,INT,mens,4XL,,bust,136,140
henderson-int-mens,henderson,Henderson,INT,mens,4XL,,waist,130,134
henderson-ru-mens,henderson,Henderson,RU,mens,44,,bust,92,96
henderson-ru-mens,henderson,Henderson,RU,mens,44,,waist,86,90
henderson-ru-mens,henderson,Henderson,RU,mens,46,,bust,96,100
henderson-ru-mens,henderson,Henderson,RU,mens,46,,waist,90,94
henderson-ru-mens,henderson,Henderson,RU,mens,48,,bust,100,104
henderson-ru-mens,henderson,Henderson,RU,mens,48,,waist,94,98
henderson-ru-mens,henderson,Henderson,RU,mens,50,,bust,104,112
henderson-ru-mens,henderson,Henderson,RU,mens,50,,waist,98,106
henderson-ru-mens,henderson,Henderson,RU,mens,52-54,,bust,112,120
henderson-ru-mens,henderson,Henderson,RU,mens,52-54,,waist,106,114
henderson-ru-mens,henderson,Henderson,RU,mens,56-58,,bust,120,128
henderson-ru-mens,henderson,Henderson,RU,mens,56-58,,waist,114,122
henderson-ru-mens,henderson,Henderson,RU,mens,60-62,,bust,128,136
henderson-ru-mens,henderson,Henderson,RU,mens,60-62,,waist,122,130
henderson-ru-mens,henderson,Henderson,RU,mens,64-66,,bust,136,140
henderson-ru-mens,henderson,Henderson,RU,mens,64-66,,waist,130,134
kanzler-int-mens,kanzler,Kanzler,INT,mens,XS,,bust,96,100
kanzler-int-mens,kanzler,Kanzler,INT,mens,S,,bust,100,104
kanzler-int-mens,kanzler,Kanzler,INT,mens,M,,bust,104,108
kanzler-int-mens,kanzler,Kanzler,INT,mens,L,,bust,108,112
kanzler-int-mens,kanzler,Kanzler,INT,mens,XL,,bust,112,116
kanzler-int-mens,kanzler,Kanzler,INT,mens,XXL,,bust,116,120
kanzler-int-mens,kanzler,Kanzler,INT,mens,XXXL,,bust,120,124
kanzler-int-mens,kanzler,Kanzler,INT,mens,4XL,,bust,124,128
kanzler-int-mens,kanzler,Kanzler,INT,mens,5XL,,bust,128,132
kanzler-ru-mens-g0,kanzler,Kanzler,RU,mens,46,,bust,96,100
kanzler-ru-mens-g0,kanzler,Kanzler,RU,mens,48,,bust,100,104
kanzler-ru-mens-g0,kanzler,Kanzler,RU,mens,50,,bust,104,108
kanzler-ru-mens-g0,kanzler,Kanzler,RU,mens,52,,bust,108,112
kanzler-ru-mens-g0,kanzler,Kanzler,RU,mens,54,,bust,112,116
kanzler-ru-mens-g0,kanzler,Kanzler,RU,mens,56,,bust,116,120
kanzler-ru-mens-g0,kanzler,Kanzler,RU,mens,58,,bust,120,124
kanzler-ru-mens-g0,kanzler,Kanzler,RU,mens,60,,bust,124,128
kanzler-ru-mens-g0,kanzler,Kanzler,RU,mens,62,,bust,128,132
kanzler-ru-mens-g2,kanzler,Kanzler,RU,mens,44-46,,waist,79,81
kanzler-ru-mens-g2,kanzler,Kanzler,RU,mens,46,,waist,81,83
kanzler-ru-mens-g2,kanzler,Kanzler,RU,mens,46-48,,waist,83,85
kanzler-ru-mens-g2,kanzler,Kanzler,RU,mens,48,,waist,85,87
kanzler-ru-mens-g2,kanzler,Kanzler,RU,mens,48-50,,waist,87,89
kanzler-ru-mens-g2,kanzler,Kanzler,RU,mens,50,,waist,89,92
kanzler-ru-mens-g2,kanzler,Kanzler,RU,mens,52,,waist,92,96
kanzler-ru-mens-g2,kanzler,Kanzler,RU,mens,54,,waist,96,100
kanzler-ru-mens-g2,kanzler,Kanzler,RU,mens,56,,waist,100,104
ushatava-int-womens-g0,ushatava,USHATAVA,INT,womens,XXS,,bust,78,82
ushatava-int-womens-g0,ushatava,USHATAVA,INT,womens,XXS,,waist,58,62
ushatava-int-womens-g0,ushatava,USHATAVA,INT,womens,XXS,,hip,86,90
ushatava-int-womens-g0,ushatava,USHATAVA,INT,womens,XS,,bust,82,86
ushatava-int-womens-g0,ushatava,USHATAVA,INT,womens,XS,,waist,62,66
ushatava-int-womens-g0,ushatava,USHATAVA,INT,womens,XS,,hip,90,94
ushatava-int-womens-g0,ushatava,USHATAVA,INT,womens,S,,bust,86,90
ushatava-int-womens-g0,ushatava,USHATAVA,INT,womens,S,,waist,66,70
ushatava-int-womens-g0,ushatava,USHATAVA,INT,womens,S,,hip,94,98
ushatava-int-womens-g0,ushatava,USHATAVA,INT,womens,M,,bust,90,94
ushatava-int-womens-g0,ushatava,USHATAVA,INT,womens,M,,waist,70,74
ushatava-int-womens-g0,ushatava,USHATAVA,INT,womens,M,,hip,98,102
ushatava-int-womens-g0,ushatava,USHATAVA,INT,womens,L,,bust,94,98
ushatava-int-womens-g0,ushatava,USHATAVA,INT,womens,L,,waist,74,78
ushatava-int-womens-g0,ushatava,USHATAVA,INT,womens,L,,hip,102,106
ushatava-int-womens-g0,ushatava,USHATAVA,INT,womens,XL,,bust,98,102
ushatava-int-womens-g0,ushatava,USHATAVA,INT,womens,XL,,waist,78,82
ushatava-int-womens-g0,ushatava,USHATAVA,INT,womens,XL,,hip,106,110
ushatava-ru-womens-g1,ushatava,USHATAVA,RU,womens,40,,bust,78,82
ushatava-ru-womens-g1,ushatava,USHATAVA,RU,womens,40,,waist,58,62
ushatava-ru-womens-g1,ushatava,USHATAVA,RU,womens,40,,hip,86,90
ushatava-ru-womens-g1,ushatava,USHATAVA,RU,womens,42,,bust,82,86
ushatava-ru-womens-g1,ushatava,USHATAVA,RU,womens,42,,waist,62,66
ushatava-ru-womens-g1,ushatava,USHATAVA,RU,womens,42,,hip,90,94
ushatava-ru-womens-g1,ushatava,USHATAVA,RU,womens,44,,bust,86,90
ushatava-ru-womens-g1,ushatava,USHATAVA,RU,womens,44,,waist,66,70
ushatava-ru-womens-g1,ushatava,USHATAVA,RU,womens,44,,hip,94,98
ushatava-ru-womens-g1,ushatava,USHATAVA,RU,womens,46,,bust,90,94
ushatava-ru-womens-g1,ushatava,USHATAVA,RU,womens,46,,waist,70,74
ushatava-ru-womens-g1,ushatava,USHATAVA,RU,womens,46,,hip,98,102
ushatava-ru-womens-g1,ushatava,USHATAVA,RU,womens,48,,bust,94,98
ushatava-ru-womens-g1,ushatava,USHATAVA,RU,womens,48,,waist,74,78
ushatava-ru-womens-g1,ushatava,USHATAVA,RU,womens,48,,hip,102,106
ushatava-ru-womens-g1,ushatava,USHATAVA,RU,womens,50,,bust,98,102
ushatava-ru-womens-g1,ushatava,USHATAVA,RU,womens,50,,waist,78,82
ushatava-ru-womens-g1,ushatava,USHATAVA,RU,womens,50,,hip,106,110
ecru-eu-mens-g0,ecru,Ecru,EU,mens,44,,bust,78,84
ecru-eu-mens-g0,ecru,Ecru,EU,mens,46,,bust,85,94
ecru-eu-mens-g0,ecru,Ecru,EU,mens,48,,bust,95,102
ecru-eu-mens-g0,ecru,Ecru,EU,mens,50,,bust,103,110
ecru-eu-mens-g0,ecru,Ecru,EU,mens,52,,bust,111,118
ecru-eu-mens-g0,ecru,Ecru,EU,mens,54,,bust,119,126
ecru-eu-mens-g2,ecru,Ecru,EU,mens,38-40,,waist,72,76
ecru-eu-mens-g2,ecru,Ecru,EU,mens,40,,waist,76,79
ecru-eu-mens-g2,ecru,Ecru,EU,mens,40-42,,waist,79,81
ecru-eu-mens-g2,ecru,Ecru,EU,mens,42,,waist,81,83
ecru-eu-mens-g2,ecru,Ecru,EU,mens,42-44,,waist,83,85
ecru-eu-mens-g2,ecru,Ecru,EU,mens,44,,waist,85,88
ecru-eu-mens-g2,ecru,Ecru,EU,mens,46,,waist,88,92
ecru-eu-mens-g2,ecru,Ecru,EU,mens,48,,waist,92,96
ecru-eu-mens-g2,ecru,Ecru,EU,mens,50,,waist,96,100
ecru-eu-mens-g2,ecru,Ecru,EU,mens,52,,waist,100,104
ecru-eu-mens-g2,ecru,Ecru,EU,mens,54,,waist,104,108
ecru-eu-womens-g5,ecru,Ecru,EU,womens,34,,bust,81,85
ecru-eu-womens-g5,ecru,Ecru,EU,womens,34,,waist,64,68
ecru-eu-womens-g5,ecru,Ecru,EU,womens,34,,hip,93,97
ecru-eu-womens-g5,ecru,Ecru,EU,womens,36,,bust,85,89
ecru-eu-womens-g5,ecru,Ecru,EU,womens,36,,waist,68,72
ecru-eu-womens-g5,ecru,Ecru,EU,womens,36,,hip,97,101
ecru-eu-womens-g5,ecru,Ecru,EU,womens,38,,bust,89,93
ecru-eu-womens-g5,ecru,Ecru,EU,womens,38,,waist,72,76
ecru-eu-womens-g5,ecru,Ecru,EU,womens,38,,hip,101,105
ecru-eu-womens-g5,ecru,Ecru,EU,womens,40,,bust,93,98
ecru-eu-womens-g5,ecru,Ecru,EU,womens,40,,waist,76,81
ecru-eu-womens-g5,ecru,Ecru,EU,womens,40,,hip,105,110
ecru-eu-womens-g5,ecru,Ecru,EU,womens,42,,bust,98,103
ecru-eu-womens-g5,ecru,Ecru,EU,womens,42,,waist,81,86
ecru-eu-womens-g5,ecru,Ecru,EU,womens,42,,hip,110,115
ecru-eu-womens-g5,ecru,Ecru,EU,womens,44,,bust,103,108
ecru-eu-womens-g5,ecru,Ecru,EU,womens,44,,waist,86,91
ecru-eu-womens-g5,ecru,Ecru,EU,womens,44,,hip,115,120
ecru-eu-womens-g5,ecru,Ecru,EU,womens,46,,bust,108,113
ecru-eu-womens-g5,ecru,Ecru,EU,womens,46,,waist,91,96
ecru-eu-womens-g5,ecru,Ecru,EU,womens,46,,hip,120,125
ecru-eu-womens-g10,ecru,Ecru,EU,womens,34,,waist,64,68
ecru-eu-womens-g10,ecru,Ecru,EU,womens,34,,hip,93,97
ecru-eu-womens-g10,ecru,Ecru,EU,womens,36,,waist,68,72
ecru-eu-womens-g10,ecru,Ecru,EU,womens,36,,hip,97,101
ecru-eu-womens-g10,ecru,Ecru,EU,womens,38,,waist,72,76
ecru-eu-womens-g10,ecru,Ecru,EU,womens,38,,hip,101,105
ecru-eu-womens-g10,ecru,Ecru,EU,womens,40,,waist,76,81
ecru-eu-womens-g10,ecru,Ecru,EU,womens,40,,hip,105,110
ecru-eu-womens-g10,ecru,Ecru,EU,womens,42,,waist,81,86
ecru-eu-womens-g10,ecru,Ecru,EU,womens,42,,hip,110,115
ecru-eu-womens-g10,ecru,Ecru,EU,womens,44,,waist,86,91
ecru-eu-womens-g10,ecru,Ecru,EU,womens,44,,hip,115,120
ecru-eu-womens-g10,ecru,Ecru,EU,womens,46,,waist,91,96
ecru-eu-womens-g10,ecru,Ecru,EU,womens,46,,hip,120,125
ecru-int-mens-g1,ecru,Ecru,INT,mens,XS,,bust,78,84
ecru-int-mens-g1,ecru,Ecru,INT,mens,S,,bust,85,94
ecru-int-mens-g1,ecru,Ecru,INT,mens,M,,bust,95,102
ecru-int-mens-g1,ecru,Ecru,INT,mens,L,,bust,103,110
ecru-int-mens-g1,ecru,Ecru,INT,mens,XL,,bust,111,118
ecru-int-mens-g1,ecru,Ecru,INT,mens,XXL,,bust,119,126
ecru-int-womens-g13,ecru,Ecru,INT,womens,XS,,waist,64,68
ecru-int-womens-g13,ecru,Ecru,INT,womens,XS,,hip,93,97
ecru-int-womens-g13,ecru,Ecru,INT,womens,S,,waist,68,72
ecru-int-womens-g13,ecru,Ecru,INT,womens,S,,hip,97,101
ecru-int-womens-g13,ecru,Ecru,INT,womens,M,,waist,72,76
ecru-int-womens-g13,ecru,Ecru,INT,womens,M,,hip,101,105
ecru-int-womens-g13,ecru,Ecru,INT,womens,L,,waist,76,81
ecru-int-womens-g13,ecru,Ecru,INT,womens,L,,hip,105,110
ecru-int-womens-g13,ecru,Ecru,INT,womens,XL,,waist,81,86
ecru-int-womens-g13,ecru,Ecru,INT,womens,XL,,hip,110,115
ecru-int-womens-g13,ecru,Ecru,INT,womens,XXL,,waist,86,91
ecru-int-womens-g13,ecru,Ecru,INT,womens,XXL,,hip,115,120
ecru-int-womens-g14,ecru,Ecru,INT,womens,XS,,bust,81,85
ecru-int-womens-g14,ecru,Ecru,INT,womens,XS,,waist,64,68
ecru-int-womens-g14,ecru,Ecru,INT,womens,XS,,hip,93,97
ecru-int-womens-g14,ecru,Ecru,INT,womens,S,,bust,85,89
ecru-int-womens-g14,ecru,Ecru,INT,womens,S,,waist,68,72
ecru-int-womens-g14,ecru,Ecru,INT,womens,S,,hip,97,101
ecru-int-womens-g14,ecru,Ecru,INT,womens,M,,bust,89,93
ecru-int-womens-g14,ecru,Ecru,INT,womens,M,,waist,72,76
ecru-int-womens-g14,ecru,Ecru,INT,womens,M,,hip,101,105
ecru-int-womens-g14,ecru,Ecru,INT,womens,L,,bust,93,98
ecru-int-womens-g14,ecru,Ecru,INT,womens,L,,waist,76,81
ecru-int-womens-g14,ecru,Ecru,INT,womens,L,,hip,105,110
ecru-int-womens-g14,ecru,Ecru,INT,womens,XL,,bust,98,103
ecru-int-womens-g14,ecru,Ecru,INT,womens,XL,,waist,81,86
ecru-int-womens-g14,ecru,Ecru,INT,womens,XL,,hip,110,115
ecru-us-womens,ecru,Ecru,US,womens,4,,bust,81,85
ecru-us-womens,ecru,Ecru,US,womens,4,,waist,64,68
ecru-us-womens,ecru,Ecru,US,womens,4,,hip,93,97
ecru-us-womens,ecru,Ecru,US,womens,6,,bust,85,89
ecru-us-womens,ecru,Ecru,US,womens,6,,waist,68,72
ecru-us-womens,ecru,Ecru,US,womens,6,,hip,97,101
ecru-us-womens,ecru,Ecru,US,womens,8,,bust,89,93
ecru-us-womens,ecru,Ecru,US,womens,8,,waist,72,76
ecru-us-womens,ecru,Ecru,US,womens,8,,hip,101,105
ecru-us-womens,ecru,Ecru,US,womens,10,,bust,93,98
ecru-us-womens,ecru,Ecru,US,womens,10,,waist,76,81
ecru-us-womens,ecru,Ecru,US,womens,10,,hip,105,110
ecru-us-womens,ecru,Ecru,US,womens,12,,bust,98,103
ecru-us-womens,ecru,Ecru,US,womens,12,,waist,81,86
ecru-us-womens,ecru,Ecru,US,womens,12,,hip,110,115
ecru-us-womens,ecru,Ecru,US,womens,14,,bust,103,108
ecru-us-womens,ecru,Ecru,US,womens,14,,waist,86,91
ecru-us-womens,ecru,Ecru,US,womens,14,,hip,115,120
ecru-us-womens,ecru,Ecru,US,womens,16,,bust,108,113
ecru-us-womens,ecru,Ecru,US,womens,16,,waist,91,96
ecru-us-womens,ecru,Ecru,US,womens,16,,hip,120,125
ecru-uk-mens-g3,ecru,Ecru,UK,mens,29,,waist,72,76
ecru-uk-mens-g3,ecru,Ecru,UK,mens,30,,waist,76,79
ecru-uk-mens-g3,ecru,Ecru,UK,mens,31,,waist,79,81
ecru-uk-mens-g3,ecru,Ecru,UK,mens,32,,waist,81,83
ecru-uk-mens-g3,ecru,Ecru,UK,mens,33,,waist,83,85
ecru-uk-mens-g3,ecru,Ecru,UK,mens,34,,waist,85,88
ecru-uk-mens-g3,ecru,Ecru,UK,mens,36,,waist,88,92
ecru-uk-mens-g3,ecru,Ecru,UK,mens,38,,waist,92,96
ecru-uk-mens-g3,ecru,Ecru,UK,mens,40,,waist,96,100
ecru-uk-mens-g3,ecru,Ecru,UK,mens,42,,waist,100,104
ecru-uk-mens-g3,ecru,Ecru,UK,mens,44,,waist,104,108
ecru-uk-womens-g7,ecru,Ecru,UK,womens,10,,bust,81,85
ecru-uk-womens-g7,ecru,Ecru,UK,womens,10,,waist,64,68
ecru-uk-womens-g7,ecru,Ecru,UK,womens,10,,hip,93,97
ecru-uk-womens-g7,ecru,Ecru,UK,womens,12,,bust,85,89
ecru-uk-womens-g7,ecru,Ecru,UK,womens,12,,waist,68,72
ecru-uk-womens-g7,ecru,Ecru,UK,womens,12,,hip,97,101
ecru-uk-womens-g7,ecru,Ecru,UK,womens,14,,bust,89,93
ecru-uk-womens-g7,ecru,Ecru,UK,womens,14,,waist,72,76
ecru-uk-womens-g7,ecru,Ecru,UK,womens,14,,hip,101,105
ecru-uk-womens-g7,ecru,Ecru,UK,womens,16,,bust,93,98
ecru-uk-womens-g7,ecru,Ecru,UK,womens,16,,waist,76,81
ecru-uk-womens-g7,ecru,Ecru,UK,womens,16,,hip,105,110
ecru-uk-womens-g7,ecru,Ecru,UK,womens,18,,bust,98,103
ecru-uk-womens-g7,ecru,Ecru,UK,womens,18,,waist,81,86
ecru-uk-womens-g7,ecru,Ecru,UK,womens,18,,hip,110,115
ecru-uk-womens-g7,ecru,Ecru,UK,womens,20,,bust,103,108
ecru-uk-womens-g7,ecru,Ecru,UK,womens,20,,waist,86,91
ecru-uk-womens-g7,ecru,Ecru,UK,womens,20,,hip,115,120
ecru-uk-womens-g7,ecru,Ecru,UK,womens,22,,bust,108,113
ecru-uk-womens-g7,ecru,Ecru,UK,womens,22,,waist,91,96
ecru-uk-womens-g7,ecru,Ecru,UK,womens,22,,hip,120,125
ecru-uk-womens-g12,ecru,Ecru,UK,womens,10,,waist,64,68
ecru-uk-womens-g12,ecru,Ecru,UK,womens,10,,hip,93,97
ecru-uk-womens-g12,ecru,Ecru,UK,womens,12,,waist,68,72
ecru-uk-womens-g12,ecru,Ecru,UK,womens,12,,hip,97,101
ecru-uk-womens-g12,ecru,Ecru,UK,womens,14,,waist,72,76
ecru-uk-womens-g12,ecru,Ecru,UK,womens,14,,hip,101,105
ecru-uk-womens-g12,ecru,Ecru,UK,womens,16,,waist,76,81
ecru-uk-womens-g12,ecru,Ecru,UK,womens,16,,hip,105,110
ecru-uk-womens-g12,ecru,Ecru,UK,womens,18,,waist,81,86
ecru-uk-womens-g12,ecru,Ecru,UK,womens,18,,hip,110,115
ecru-uk-womens-g12,ecru,Ecru,UK,womens,20,,waist,86,91
ecru-uk-womens-g12,ecru,Ecru,UK,womens,20,,hip,115,120
ecru-uk-womens-g12,ecru,Ecru,UK,womens,22,,waist,91,96
ecru-uk-womens-g12,ecru,Ecru,UK,womens,22,,hip,120,125
ecru-fr-womens-g4,ecru,Ecru,FR,womens,36,,bust,81,85
ecru-fr-womens-g4,ecru,Ecru,FR,womens,36,,waist,64,68
ecru-fr-womens-g4,ecru,Ecru,FR,womens,36,,hip,93,97
ecru-fr-womens-g4,ecru,Ecru,FR,womens,38,,bust,85,89
ecru-fr-womens-g4,ecru,Ecru,FR,womens,38,,waist,68,72
ecru-fr-womens-g4,ecru,Ecru,FR,womens,38,,hip,97,101
ecru-fr-womens-g4,ecru,Ecru,FR,womens,40,,bust,89,93
ecru-fr-womens-g4,ecru,Ecru,FR,womens,40,,waist,72,76
ecru-fr-womens-g4,ecru,Ecru,FR,womens,40,,hip,101,105
ecru-fr-womens-g4,ecru,Ecru,FR,womens,42,,bust,93,98
ecru-fr-womens-g4,ecru,Ecru,FR,womens,42,,waist,76,81
ecru-fr-womens-g4,ecru,Ecru,FR,womens,42,,hip,105,110
ecru-fr-womens-g4,ecru,Ecru,FR,womens,44,,bust,98,103
ecru-fr-womens-g4,ecru,Ecru,FR,womens,44,,waist,81,86
ecru-fr-womens-g4,ecru,Ecru,FR,womens,44,,hip,110,115
ecru-fr-womens-g4,ecru,Ecru,FR,womens,46,,bust,103,108
ecru-fr-womens-g4,ecru,Ecru,FR,womens,46,,waist,86,91
ecru-fr-womens-g4,ecru,Ecru,FR,womens,46,,hip,115,120
ecru-fr-womens-g4,ecru,Ecru,FR,womens,48,,bust,108,113
ecru-fr-womens-g4,ecru,Ecru,FR,womens,48,,waist,91,96
ecru-fr-womens-g4,ecru,Ecru,FR,womens,48,,hip,120,125
ecru-fr-womens-g9,ecru,Ecru,FR,womens,36,,waist,64,68
ecru-fr-womens-g9,ecru,Ecru,FR,womens,36,,hip,93,97
ecru-fr-womens-g9,ecru,Ecru,FR,womens,38,,waist,68,72
ecru-fr-womens-g9,ecru,Ecru,FR,womens,38,,hip,97,101
ecru-fr-womens-g9,ecru,Ecru,FR,womens,40,,waist,72,76
ecru-fr-womens-g9,ecru,Ecru,FR,womens,40,,hip,101,105
ecru-fr-womens-g9,ecru,Ecru,FR,womens,42,,waist,76,81
ecru-fr-womens-g9,ecru,Ecru,FR,womens,42,,hip,105,110
ecru-fr-womens-g9,ecru,Ecru,FR,womens,44,,waist,81,86
ecru-fr-womens-g9,ecru,Ecru,FR,womens,44,,hip,110,115
ecru-fr-womens-g9,ecru,Ecru,FR,womens,46,,waist,86,91
ecru-fr-womens-g9,ecru,Ecru,FR,womens,46,,hip,115,120
ecru-fr-womens-g9,ecru,Ecru,FR,womens,48,,waist,91,96
ecru-fr-womens-g9,ecru,Ecru,FR,womens,48,,hip,120,125
ecru-it-womens-g6,ecru,Ecru,IT,womens,40,,bust,81,85
ecru-it-womens-g6,ecru,Ecru,IT,womens,40,,waist,64,68
ecru-it-womens-g6,ecru,Ecru,IT,womens,40,,hip,93,97
ecru-it-womens-g6,ecru,Ecru,IT,womens,42,,bust,85,89
ecru-it-womens-g6,ecru,Ecru,IT,womens,42,,waist,68,72
ecru-it-womens-g6,ecru,Ecru,IT,womens,42,,hip,97,101
ecru-it-womens-g6,ecru,Ecru,IT,womens,44,,bust,89,93
ecru-it-womens-g6,ecru,Ecru,IT,womens,44,,waist,72,76
ecru-it-womens-g6,ecru,Ecru,IT,womens,44,,hip,101,105
ecru-it-womens-g6,ecru,Ecru,IT,womens,46,,bust,93,98
ecru-it-womens-g6,ecru,Ecru,IT,womens,46,,waist,76,81
ecru-it-womens-g6,ecru,Ecru,IT,womens,46,,hip,105,110
ecru-it-womens-g6,ecru,Ecru,IT,womens,48,,bust,98,103
ecru-it-womens-g6,ecru,Ecru,IT,womens,48,,waist,81,86
ecru-it-womens-g6,ecru,Ecru,IT,womens,48,,hip,110,115
ecru-it-womens-g6,ecru,Ecru,IT,womens,50,,bust,103,108
ecru-it-womens-g6,ecru,Ecru,IT,womens,50,,waist,86,91
ecru-it-womens-g6,ecru,Ecru,IT,womens,50,,hip,115,120
ecru-it-womens-g6,ecru,Ecru,IT,womens,52,,bust,108,113
ecru-it-womens-g6,ecru,Ecru,IT,womens,52,,waist,91,96
ecru-it-womens-g6,ecru,Ecru,IT,womens,52,,hip,120,125
ecru-it-womens-g11,ecru,Ecru,IT,womens,40,,waist,64,68
ecru-it-womens-g11,ecru,Ecru,IT,womens,40,,hip,93,97
ecru-it-womens-g11,ecru,Ecru,IT,womens,42,,waist,68,72
ecru-it-womens-g11,ecru,Ecru,IT,womens,42,,hip,97,101
ecru-it-womens-g11,ecru,Ecru,IT,womens,44,,waist,72,76
ecru-it-womens-g11,ecru,Ecru,IT,womens,44,,hip,101,105
ecru-it-womens-g11,ecru,Ecru,IT,womens,46,,waist,76,81
ecru-it-womens-g11,ecru,Ecru,IT,womens,46,,hip,105,110
ecru-it-womens-g11,ecru,Ecru,IT,womens,48,,waist,81,86
ecru-it-womens-g11,ecru,Ecru,IT,womens,48,,hip,110,115
ecru-it-womens-g11,ecru,Ecru,IT,womens,50,,waist,86,91
ecru-it-womens-g11,ecru,Ecru,IT,womens,50,,hip,115,120
ecru-it-womens-g11,ecru,Ecru,IT,womens,52,,waist,91,96
ecru-it-womens-g11,ecru,Ecru,IT,womens,52,,hip,120,125
mango-uk-womens,mango,Mango,UK,womens,4,,bust,76,80
mango-uk-womens,mango,Mango,UK,womens,4,,waist,57.5,60.5
mango-uk-womens,mango,Mango,UK,womens,4,,hip,84,88
mango-uk-womens,mango,Mango,UK,womens,6,,bust,80,84
mango-uk-womens,mango,Mango,UK,womens,6,,waist,60.5,64
mango-uk-womens,mango,Mango,UK,womens,6,,hip,88,92
mango-uk-womens,mango,Mango,UK,womens,8,,bust,84,89
mango-uk-womens,mango,Mango,UK,womens,8,,waist,64,69
mango-uk-womens,mango,Mango,UK,womens,8,,hip,92,97
mango-uk-womens,mango,Mango,UK,womens,10,,bust,89,95
mango-uk-womens,mango,Mango,UK,womens,10,,waist,69,75
mango-uk-womens,mango,Mango,UK,womens,10,,hip,97,103
mango-uk-womens,mango,Mango,UK,womens,12,,bust,95,101
mango-uk-womens,mango,Mango,UK,womens,12,,waist,75,81.5
mango-uk-womens,mango,Mango,UK,womens,12,,hip,103,109
mango-uk-womens,mango,Mango,UK,womens,14,,bust,101,107
mango-uk-womens,mango,Mango,UK,womens,14,,waist,81.5,88.5
mango-uk-womens,mango,Mango,UK,womens,14,,hip,109,115
mango-uk-womens,mango,Mango,UK,womens,16,,bust,107,113
mango-uk-womens,mango,Mango,UK,womens,16,,waist,88.5,95.5
mango-uk-womens,mango,Mango,UK,womens,16,,hip,115,121
mango-uk-womens,mango,Mango,UK,womens,20,,bust,113,120
mango-uk-womens,mango,Mango,UK,womens,20,,waist,95.5,103.5
mango-uk-womens,mango,Mango,UK,womens,20,,hip,121,128
mango-uk-womens,mango,Mango,UK,womens,22,,bust,120,128
mango-uk-womens,mango,Mango,UK,womens,22,,waist,103.5,112.5
mango-uk-womens,mango,Mango,UK,womens,22,,hip,128,136
mango-uk-womens,mango,Mango,UK,womens,24,,bust,128,136
mango-uk-womens,mango,Mango,UK,womens,24,,waist,112.5,121.5
mango-uk-womens,mango,Mango,UK,womens,24,,hip,136,144
mango-uk-womens,mango,Mango,UK,womens,26,,bust,136,144
mango-uk-womens,mango,Mango,UK,womens,26,,waist,121.5,130.5
mango-uk-womens,mango,Mango,UK,womens,26,,hip,144,152
desigual-int-mens,desigual,Desigual,INT,mens,S,,bust,91,97
desigual-int-mens,desigual,Desigual,INT,mens,S,,waist,75,81
desigual-int-mens,desigual,Desigual,INT,mens,M,,bust,97,103
desigual-int-mens,desigual,Desigual,INT,mens,M,,waist,81,87
desigual-int-mens,desigual,Desigual,INT,mens,L,,bust,103,109
desigual-int-mens,desigual,Desigual,INT,mens,L,,waist,87,93
desigual-int-mens,desigual,Desigual,INT,mens,XL,,bust,109,115
desigual-int-mens,desigual,Desigual,INT,mens,XL,,waist,93,99
desigual-int-mens,desigual,Desigual,INT,mens,XXL,,bust,115,121
desigual-int-mens,desigual,Desigual,INT,mens,XXL,,waist,99,105
desigual-it-mens,desigual,Desigual,IT,mens,40,,waist,78,82
desigual-it-mens,desigual,Desigual,IT,mens,40,,hip,94,98
desigual-it-mens,desigual,Desigual,IT,mens,42,,waist,82,86
desigual-it-mens,desigual,Desigual,IT,mens,42,,hip,98,102
desigual-it-mens,desigual,Desigual,IT,mens,44,,waist,86,90
desigual-it-mens,desigual,Desigual,IT,mens,44,,hip,102,106
desigual-it-mens,desigual,Desigual,IT,mens,46,,waist,90,94
desigual-it-mens,desigual,Desigual,IT,mens,46,,hip,106,110
desigual-it-mens,desigual,Desigual,IT,mens,48,,waist,94,98
desigual-it-mens,desigual,Desigual,IT,mens,48,,hip,110,114
desigual-it-mens,desigual,Desigual,IT,mens,50,,waist,98,102
desigual-it-mens,desigual,Desigual,IT,mens,50,,hip,114,118
desigual-jp-mens,desigual,Desigual,JP,mens,M,,bust,91,97
desigual-jp-mens,desigual,Desigual,JP,mens,M,,waist,75,81
desigual-jp-mens,desigual,Desigual,JP,mens,L,,bust,97,103
desigual-jp-mens,desigual,Desigual,JP,mens,L,,waist,81,87
desigual-jp-mens,desigual,Desigual,JP,mens,XL,,bust,103,109
desigual-jp-mens,desigual,Desigual,JP,mens,XL,,waist,87,93
desigual-jp-mens,desigual,Desigual,JP,mens,XXL,,bust,109,115
desigual-jp-mens,desigual,Desigual,JP,mens,XXL,,waist,93,99
desigual-jp-mens,desigual,Desigual,JP,mens,XXXL,,bust,115,121
desigual-jp-mens,desigual,Desigual,JP,mens,XXXL,,waist,99,105
bimba-y-lola-eu-womens,bimba-y-lola,Bimba y Lola,EU,womens,34,,bust,78,82
bimba-y-lola-eu-womens,bimba-y-lola,Bimba y Lola,EU,womens,34,,waist,66,70
bimba-y-lola-eu-womens,bimba-y-lola,Bimba y Lola,EU,womens,34,,hip,86,90
bimba-y-lola-eu-womens,bimba-y-lola,Bimba y Lola,EU,womens,36,,bust,82,86
bimba-y-lola-eu-womens,bimba-y-lola,Bimba y Lola,EU,womens,36,,waist,70,74
bimba-y-lola-eu-womens,bimba-y-lola,Bimba y Lola,EU,womens,36,,hip,90,94
bimba-y-lola-eu-womens,bimba-y-lola,Bimba y Lola,EU,womens,38,,bust,86,90
bimba-y-lola-eu-womens,bimba-y-lola,Bimba y Lola,EU,womens,38,,waist,74,78
bimba-y-lola-eu-womens,bimba-y-lola,Bimba y Lola,EU,womens,38,,hip,94,98
bimba-y-lola-eu-womens,bimba-y-lola,Bimba y Lola,EU,womens,40,,bust,90,94
bimba-y-lola-eu-womens,bimba-y-lola,Bimba y Lola,EU,womens,40,,waist,78,82
bimba-y-lola-eu-womens,bimba-y-lola,Bimba y Lola,EU,womens,40,,hip,98,102
bimba-y-lola-eu-womens,bimba-y-lola,Bimba y Lola,EU,womens,42,,bust,94,98
bimba-y-lola-eu-womens,bimba-y-lola,Bimba y Lola,EU,womens,42,,waist,82,86
bimba-y-lola-eu-womens,bimba-y-lola,Bimba y Lola,EU,womens,42,,hip,102,106
bimba-y-lola-eu-womens,bimba-y-lola,Bimba y Lola,EU,womens,44,,bust,98,102
bimba-y-lola-eu-womens,bimba-y-lola,Bimba y Lola,EU,womens,44,,waist,86,90
bimba-y-lola-eu-womens,bimba-y-lola,Bimba y Lola,EU,womens,44,,hip,106,110
bimba-y-lola-eu-womens,bimba-y-lola,Bimba y Lola,EU,womens,46,,bust,102,106
bimba-y-lola-eu-womens,bimba-y-lola,Bimba y Lola,EU,womens,46,,waist,90,94
bimba-y-lola-eu-womens,bimba-y-lola,Bimba y Lola,EU,womens,46,,hip,110,114
bimba-y-lola-eu-womens,bimba-y-lola,Bimba y Lola,EU,womens,48,,bust,106,110
bimba-y-lola-eu-womens,bimba-y-lola,Bimba y Lola,EU,womens,48,,waist,94,98
bimba-y-lola-eu-womens,bimba-y-lola,Bimba y Lola,EU,womens,48,,hip,114,118
springfield-int-womens-g0,springfield,Springfield,INT,womens,XS,,bust,78,82
springfield-int-womens-g0,springfield,Springfield,INT,womens,XS,,waist,60,64
springfield-int-womens-g0,springfield,Springfield,INT,womens,XS,,hip,87,91
springfield-int-womens-g0,springfield,Springfield,INT,womens,S,,bust,84,88
springfield-int-womens-g0,springfield,Springfield,INT,womens,S,,waist,66,70
springfield-int-womens-g0,springfield,Springfield,INT,womens,S,,hip,91,97
springfield-int-womens-g0,springfield,Springfield,INT,womens,M,,bust,90,94
springfield-int-womens-g0,springfield,Springfield,INT,womens,M,,waist,72,76
springfield-int-womens-g0,springfield,Springfield,INT,womens,M,,hip,97,103
springfield-int-womens-g0,springfield,Springfield,INT,womens,L,,bust,96,101
springfield-int-womens-g0,springfield,Springfield,INT,womens,L,,waist,78,83
springfield-int-womens-g0,springfield,Springfield,INT,womens,L,,hip,105,111
springfield-int-womens-g0,springfield,Springfield,INT,womens,XL,,bust,103,109
springfield-int-womens-g0,springfield,Springfield,INT,womens,XL,,waist,84,90
springfield-int-womens-g0,springfield,Springfield,INT,womens,XL,,hip,113,115
springfield-int-womens-g0,springfield,Springfield,INT,womens,XXL,,bust,111,115
springfield-int-womens-g0,springfield,Springfield,INT,womens,XXL,,waist,92,96
springfield-int-womens-g0,springfield,Springfield,INT,womens,XXL,,hip,115,119
springfield-int-mens-g1,springfield,Springfield,INT,mens,XS,,bust,86,91
springfield-int-mens-g1,springfield,Springfield,INT,mens,S,,bust,91,96
springfield-int-mens-g1,springfield,Springfield,INT,mens,M,,bust,96,101
springfield-int-mens-g1,springfield,Springfield,INT,mens,L,,bust,101,107
springfield-int-mens-g1,springfield,Springfield,INT,mens,XL,,bust,107,112
springfield-int-mens-g1,springfield,Springfield,INT,mens,XXL,,bust,112,117
cortefiel-eu-mens,cortefiel,Cortefiel,EU,mens,48,,bust,94,98
cortefiel-eu-mens,cortefiel,Cortefiel,EU,mens,50,,bust,98,102
cortefiel-eu-mens,cortefiel,Cortefiel,EU,mens,52,,bust,102,106
cortefiel-eu-mens,cortefiel,Cortefiel,EU,mens,54,,bust,106,110
cortefiel-eu-mens,cortefiel,Cortefiel,EU,mens,56,,bust,110,114
cortefiel-eu-mens,cortefiel,Cortefiel,EU,mens,58,,bust,114,118
cortefiel-eu-mens,cortefiel,Cortefiel,EU,mens,60,,bust,118,122
cortefiel-int-mens-g1,cortefiel,Cortefiel,INT,mens,S,,bust,91,96
cortefiel-int-mens-g1,cortefiel,Cortefiel,INT,mens,M,,bust,96,101
cortefiel-int-mens-g1,cortefiel,Cortefiel,INT,mens,L,,bust,101,107
cortefiel-int-mens-g1,cortefiel,Cortefiel,INT,mens,XL,,bust,107,112
cortefiel-int-mens-g1,cortefiel,Cortefiel,INT,mens,XXL,,bust,112,117
cortefiel-int-mens-g1,cortefiel,Cortefiel,INT,mens,XXXL,,bust,117,122
cortefiel-int-mens-g2,cortefiel,Cortefiel,INT,mens,S,,waist,75,80
cortefiel-int-mens-g2,cortefiel,Cortefiel,INT,mens,S,,hip,91,96
cortefiel-int-mens-g2,cortefiel,Cortefiel,INT,mens,M,,waist,81,86
cortefiel-int-mens-g2,cortefiel,Cortefiel,INT,mens,M,,hip,97,102
cortefiel-int-mens-g2,cortefiel,Cortefiel,INT,mens,L,,waist,87,92
cortefiel-int-mens-g2,cortefiel,Cortefiel,INT,mens,L,,hip,103,108
cortefiel-int-mens-g2,cortefiel,Cortefiel,INT,mens,XL,,waist,93,98
cortefiel-int-mens-g2,cortefiel,Cortefiel,INT,mens,XL,,hip,109,114
cortefiel-int-mens-g2,cortefiel,Cortefiel,INT,mens,XXL,,waist,99,104
cortefiel-int-mens-g2,cortefiel,Cortefiel,INT,mens,XXL,,hip,115,120
sandro-eu-womens-g0,sandro,Sandro,EU,womens,34,XS,bust,80,84
sandro-eu-womens-g0,sandro,Sandro,EU,womens,34,XS,waist,62,66
sandro-eu-womens-g0,sandro,Sandro,EU,womens,34,XS,hip,86,90
sandro-eu-womens-g0,sandro,Sandro,EU,womens,36,S,bust,84,88
sandro-eu-womens-g0,sandro,Sandro,EU,womens,36,S,waist,66,70
sandro-eu-womens-g0,sandro,Sandro,EU,womens,36,S,hip,90,94
sandro-eu-womens-g0,sandro,Sandro,EU,womens,38,M,bust,88,92
sandro-eu-womens-g0,sandro,Sandro,EU,womens,38,M,waist,70,74
sandro-eu-womens-g0,sandro,Sandro,EU,womens,38,M,hip,94,98
sandro-eu-womens-g0,sandro,Sandro,EU,womens,40,L,bust,92,96
sandro-eu-womens-g0,sandro,Sandro,EU,womens,40,L,waist,74,78
sandro-eu-womens-g0,sandro,Sandro,EU,womens,40,L,hip,98,102
sandro-eu-womens-g0,sandro,Sandro,EU,womens,42,XL,bust,96,100
sandro-eu-womens-g0,sandro,Sandro,EU,womens,42,XL,waist,78,82
sandro-eu-womens-g0,sandro,Sandro,EU,womens,42,XL,hip,102,106
sandro-eu-mens-g4,sandro,Sandro,EU,mens,44,XS,bust,88,92
sandro-eu-mens-g4,sandro,Sandro,EU,mens,46,S,bust,92,96
sandro-eu-mens-g4,sandro,Sandro,EU,mens,48,M,bust,96,100
sandro-eu-mens-g4,sandro,Sandro,EU,mens,50,L,bust,100,104
sandro-eu-mens-g4,sandro,Sandro,EU,mens,52,XL,bust,104,108
sandro-eu-mens-g7,sandro,Sandro,EU,mens,36,XS,waist,73.7,76.2
sandro-eu-mens-g7,sandro,Sandro,EU,mens,36,XS,hip,86.4,88.9
sandro-eu-mens-g7,sandro,Sandro,EU,mens,38,S,waist,78.7,81.3
sandro-eu-mens-g7,sandro,Sandro,EU,mens,38,S,hip,91.4,94
sandro-eu-mens-g7,sandro,Sandro,EU,mens,40,M,waist,81.3,83.8
sandro-eu-mens-g7,sandro,Sandro,EU,mens,40,M,hip,96.5,99.1
sandro-eu-mens-g7,sandro,Sandro,EU,mens,42,L,waist,86.4,88.9
sandro-eu-mens-g7,sandro,Sandro,EU,mens,42,L,hip,101.6,104.1
sandro-eu-mens-g7,sandro,Sandro,EU,mens,44,XL,waist,88.9,91.4
sandro-eu-mens-g7,sandro,Sandro,EU,mens,44,XL,hip,106.7,109.2
sandro-eu-mens-g7,sandro,Sandro,EU,mens,46,XXL,waist,94,96.5
sandro-eu-mens-g7,sandro,Sandro,EU,mens,46,XXL,hip,111.8,114.3
sandro-eu-mens-g7,sandro,Sandro,EU,mens,48,3XL,waist,99.1,101.6
sandro-eu-mens-g7,sandro,Sandro,EU,mens,48,3XL,hip,116.8,119.4
sandro-int-womens-g3,sandro,Sandro,INT,womens,XS,,bust,80,84
sandro-int-womens-g3,sandro,Sandro,INT,womens,XS,,waist,62,66
sandro-int-womens-g3,sandro,Sandro,INT,womens,XS,,hip,86,90
sandro-int-womens-g3,sandro,Sandro,INT,womens,S,,bust,84,88
sandro-int-womens-g3,sandro,Sandro,INT,womens,S,,waist,66,70
sandro-int-womens-g3,sandro,Sandro,INT,womens,S,,hip,90,94
sandro-int-womens-g3,sandro,Sandro,INT,womens,M,,bust,88,92
sandro-int-womens-g3,sandro,Sandro,INT,womens,M,,waist,70,74
sandro-int-womens-g3,sandro,Sandro,INT,womens,M,,hip,94,98
sandro-int-womens-g3,sandro,Sandro,INT,womens,L,,bust,92,96
sandro-int-womens-g3,sandro,Sandro,INT,womens,L,,waist,74,78
sandro-int-womens-g3,sandro,Sandro,INT,womens,L,,hip,98,102
sandro-int-womens-g3,sandro,Sandro,INT,womens,XL,,bust,96,100
sandro-int-womens-g3,sandro,Sandro,INT,womens,XL,,waist,78,82
sandro-int-womens-g3,sandro,Sandro,INT,womens,XL,,hip,102,106
sandro-int-mens-g6,sandro,Sandro,INT,mens,XS,,bust,88,92
sandro-int-mens-g6,sandro,Sandro,INT,mens,S,,bust,92,96
sandro-int-mens-g6,sandro,Sandro,INT,mens,M,,bust,96,100
sandro-int-mens-g6,sandro,Sandro,INT,mens,L,,bust,100,104
sandro-int-mens-g6,sandro,Sandro,INT,mens,XL,,bust,104,108
sandro-int-mens-g8,sandro,Sandro,INT,mens,XS,,waist,73.7,76.2
sandro-int-mens-g8,sandro,Sandro,INT,mens,XS,,hip,86.4,88.9
sandro-int-mens-g8,sandro,Sandro,INT,mens,S,,waist,78.7,81.3
sandro-int-mens-g8,sandro,Sandro,INT,mens,S,,hip,91.4,94
sandro-int-mens-g8,sandro,Sandro,INT,mens,M,,waist,81.3,83.8
sandro-int-mens-g8,sandro,Sandro,INT,mens,M,,hip,96.5,99.1
sandro-int-mens-g8,sandro,Sandro,INT,mens,L,,waist,86.4,88.9
sandro-int-mens-g8,sandro,Sandro,INT,mens,L,,hip,101.6,104.1
sandro-int-mens-g8,sandro,Sandro,INT,mens,XL,,waist,88.9,91.4
sandro-int-mens-g8,sandro,Sandro,INT,mens,XL,,hip,106.7,109.2
sandro-int-mens-g8,sandro,Sandro,INT,mens,XXL,,waist,94,96.5
sandro-int-mens-g8,sandro,Sandro,INT,mens,XXL,,hip,111.8,114.3
sandro-int-mens-g8,sandro,Sandro,INT,mens,3XL,,waist,99.1,101.6
sandro-int-mens-g8,sandro,Sandro,INT,mens,3XL,,hip,116.8,119.4
sandro-us-womens-g2,sandro,Sandro,US,womens,2,XS,bust,80,84
sandro-us-womens-g2,sandro,Sandro,US,womens,2,XS,waist,62,66
sandro-us-womens-g2,sandro,Sandro,US,womens,2,XS,hip,86,90
sandro-us-womens-g2,sandro,Sandro,US,womens,4,S,bust,84,88
sandro-us-womens-g2,sandro,Sandro,US,womens,4,S,waist,66,70
sandro-us-womens-g2,sandro,Sandro,US,womens,4,S,hip,90,94
sandro-us-womens-g2,sandro,Sandro,US,womens,6,M,bust,88,92
sandro-us-womens-g2,sandro,Sandro,US,womens,6,M,waist,70,74
sandro-us-womens-g2,sandro,Sandro,US,womens,6,M,hip,94,98
sandro-us-womens-g2,sandro,Sandro,US,womens,8,L,bust,92,96
sandro-us-womens-g2,sandro,Sandro,US,womens,8,L,waist,74,78
sandro-us-womens-g2,sandro,Sandro,US,womens,8,L,hip,98,102
sandro-us-womens-g2,sandro,Sandro,US,womens,10,XL,bust,96,100
sandro-us-womens-g2,sandro,Sandro,US,womens,10,XL,waist,78,82
sandro-us-womens-g2,sandro,Sandro,US,womens,10,XL,hip,102,106
sandro-us-mens-g10,sandro,Sandro,US,mens,28,XS,waist,74,77
sandro-us-mens-g10,sandro,Sandro,US,mens,28,XS,hip,86,89
sandro-us-mens-g10,sandro,Sandro,US,mens,30,S,waist,78,81
sandro-us-mens-g10,sandro,Sandro,US,mens,30,S,hip,90,93
sandro-us-mens-g10,sandro,Sandro,US,mens,32,M,waist,81,85
sandro-us-mens-g10,sandro,Sandro,US,mens,32,M,hip,94,97
sandro-us-mens-g10,sandro,Sandro,US,mens,34,L,waist,86,89
sandro-us-mens-g10,sandro,Sandro,US,mens,34,L,hip,98,101
sandro-us-mens-g10,sandro,Sandro,US,mens,36,XL,waist,90,93
sandro-us-mens-g10,sandro,Sandro,US,mens,36,XL,hip,102,105
sandro-uk-womens-g1,sandro,Sandro,UK,womens,6,XS,bust,80,84
sandro-uk-womens-g1,sandro,Sandro,UK,womens,6,XS,waist,62,66
sandro-uk-womens-g1,sandro,Sandro,UK,womens,6,XS,hip,86,90
sandro-uk-womens-g1,sandro,Sandro,UK,womens,8,S,bust,84,88
sandro-uk-womens-g1,sandro,Sandro,UK,womens,8,S,waist,66,70
sandro-uk-womens-g1,sandro,Sandro,UK,womens,8,S,hip,90,94
sandro-uk-womens-g1,sandro,Sandro,UK,womens,10,M,bust,88,92
sandro-uk-womens-g1,sandro,Sandro,UK,womens,10,M,waist,70,74
sandro-uk-womens-g1,sandro,Sandro,UK,womens,10,M,hip,94,98
sandro-uk-womens-g1,sandro,Sandro,UK,womens,12,L,bust,92,96
sandro-uk-womens-g1,sandro,Sandro,UK,womens,12,L,waist,74,78
sandro-uk-womens-g1,sandro,Sandro,UK,womens,12,L,hip,98,102
sandro-uk-womens-g1,sandro,Sandro,UK,womens,14,XL,bust,96,100
sandro-uk-womens-g1,sandro,Sandro,UK,womens,14,XL,waist,78,82
sandro-uk-womens-g1,sandro,Sandro,UK,womens,14,XL,hip,102,106
sandro-uk-mens-g5,sandro,Sandro,UK,mens,34,XS,bust,88,92
sandro-uk-mens-g5,sandro,Sandro,UK,mens,36,S,bust,92,96
sandro-uk-mens-g5,sandro,Sandro,UK,mens,38,M,bust,96,100
sandro-uk-mens-g5,sandro,Sandro,UK,mens,40,L,bust,100,104
sandro-uk-mens-g5,sandro,Sandro,UK,mens,42,XL,bust,104,108
sandro-uk-mens-g9,sandro,Sandro,UK,mens,26,XS,waist,74,77
sandro-uk-mens-g9,sandro,Sandro,UK,mens,26,XS,hip,86,89
sandro-uk-mens-g9,sandro,Sandro,UK,mens,28,S,waist,78,81
sandro-uk-mens-g9,sandro,Sandro,UK,mens,28,S,hip,90,93
sandro-uk-mens-g9,sandro,Sandro,UK,mens,30,M,waist,81,85
sandro-uk-mens-g9,sandro,Sandro,UK,mens,30,M,hip,94,97
sandro-uk-mens-g9,sandro,Sandro,UK,mens,32,L,waist,86,89
sandro-uk-mens-g9,sandro,Sandro,UK,mens,32,L,hip,98,101
sandro-uk-mens-g9,sandro,Sandro,UK,mens,34,XL,waist,90,93
sandro-uk-mens-g9,sandro,Sandro,UK,mens,34,XL,hip,102,105
maje-eu-womens-g1,maje,Maje,EU,womens,34,,bust,80,84
maje-eu-womens-g1,maje,Maje,EU,womens,34,,waist,60,64
maje-eu-womens-g1,maje,Maje,EU,womens,34,,hip,88,92
maje-eu-womens-g1,maje,Maje,EU,womens,36,,bust,84,88
maje-eu-womens-g1,maje,Maje,EU,womens,36,,waist,64,68
maje-eu-womens-g1,maje,Maje,EU,womens,36,,hip,92,96
maje-eu-womens-g1,maje,Maje,EU,womens,38,,bust,88,91
maje-eu-womens-g1,maje,Maje,EU,womens,38,,waist,68,73
maje-eu-womens-g1,maje,Maje,EU,womens,38,,hip,96,101
maje-eu-womens-g1,maje,Maje,EU,womens,40,,bust,91,94
maje-eu-womens-g1,maje,Maje,EU,womens,40,,waist,73,79
maje-eu-womens-g1,maje,Maje,EU,womens,40,,hip,101,107
maje-eu-womens-g1,maje,Maje,EU,womens,42,,bust,94,98
maje-eu-womens-g1,maje,Maje,EU,womens,42,,waist,79,85
maje-eu-womens-g1,maje,Maje,EU,womens,42,,hip,107,113
maje-eu-womens-g6,maje,Maje,EU,womens,34,,hip,88,92
maje-eu-womens-g6,maje,Maje,EU,womens,36,,hip,92,96
maje-eu-womens-g6,maje,Maje,EU,womens,38,,hip,96,101
maje-eu-womens-g6,maje,Maje,EU,womens,40,,hip,101,107
maje-eu-womens-g6,maje,Maje,EU,womens,42,,hip,107,113
maje-int-womens-g4,maje,Maje,INT,womens,XS,,bust,80,84
maje-int-womens-g4,maje,Maje,INT,womens,XS,,waist,60,64
maje-int-womens-g4,maje,Maje,INT,womens,XS,,hip,88,92
maje-int-womens-g4,maje,Maje,INT,womens,S,,bust,84,88
maje-int-womens-g4,maje,Maje,INT,womens,S,,waist,64,68
maje-int-womens-g4,maje,Maje,INT,womens,S,,hip,92,96
maje-int-womens-g4,maje,Maje,INT,womens,M,,bust,88,91
maje-int-womens-g4,maje,Maje,INT,womens,M,,waist,68,73
maje-int-womens-g4,maje,Maje,INT,womens,M,,hip,96,101
maje-int-womens-g4,maje,Maje,INT,womens,L,,bust,91,94
maje-int-womens-g4,maje,Maje,INT,womens,L,,waist,73,79
maje-int-womens-g4,maje,Maje,INT,womens,L,,hip,101,107
maje-int-womens-g4,maje,Maje,INT,womens,XL,,bust,94,98
maje-int-womens-g4,maje,Maje,INT,womens,XL,,waist,79,85
maje-int-womens-g4,maje,Maje,INT,womens,XL,,hip,107,113
maje-int-womens-g9,maje,Maje,INT,womens,XS,,hip,88,92
maje-int-womens-g9,maje,Maje,INT,womens,S,,hip,92,96
maje-int-womens-g9,maje,Maje,INT,womens,M,,hip,96,101
maje-int-womens-g9,maje,Maje,INT,womens,L,,hip,101,107
maje-int-womens-g9,maje,Maje,INT,womens,XL,,hip,107,113
maje-uk-womens-g2,maje,Maje,UK,womens,6,,bust,80,84
maje-uk-womens-g2,maje,Maje,UK,womens,6,,waist,60,64
maje-uk-womens-g2,maje,Maje,UK,womens,6,,hip,88,92
maje-uk-womens-g2,maje,Maje,UK,womens,8,,bust,84,88
maje-uk-womens-g2,maje,Maje,UK,womens,8,,waist,64,68
maje-uk-womens-g2,maje,Maje,UK,womens,8,,hip,92,96
maje-uk-womens-g2,maje,Maje,UK,womens,10,,bust,88,91
maje-uk-womens-g2,maje,Maje,UK,womens,10,,waist,68,73
maje-uk-womens-g2,maje,Maje,UK,womens,10,,hip,96,101
maje-uk-womens-g2,maje,Maje,UK,womens,12,,bust,91,94
maje-uk-womens-g2,maje,Maje,UK,womens,12,,waist,73,79
maje-uk-womens-g2,maje,Maje,UK,womens,12,,hip,101,107
maje-uk-womens-g2,maje,Maje,UK,womens,14,,bust,94,98
maje-uk-womens-g2,maje,Maje,UK,womens,14,,waist,79,85
maje-uk-womens-g2,maje,Maje,UK,womens,14,,hip,107,113
maje-uk-womens-g7,maje,Maje,UK,womens,6,,hip,88,92
maje-uk-womens-g7,maje,Maje,UK,womens,8,,hip,92,96
maje-uk-womens-g7,maje,Maje,UK,womens,10,,hip,96,101
maje-uk-womens-g7,maje,Maje,UK,womens,12,,hip,101,107
maje-uk-womens-g7,maje,Maje,UK,womens,14,,hip,107,113
maje-fr-womens-g0,maje,Maje,FR,womens,34,,bust,80,84
maje-fr-womens-g0,maje,Maje,FR,womens,34,,waist,60,64
maje-fr-womens-g0,maje,Maje,FR,womens,34,,hip,88,92
maje-fr-womens-g0,maje,Maje,FR,womens,36,,bust,84,88
maje-fr-womens-g0,maje,Maje,FR,womens,36,,waist,64,68
maje-fr-womens-g0,maje,Maje,FR,womens,36,,hip,92,96
maje-fr-womens-g0,maje,Maje,FR,womens,38,,bust,88,91
maje-fr-womens-g0,maje,Maje,FR,womens,38,,waist,68,73
maje-fr-womens-g0,maje,Maje,FR,womens,38,,hip,96,101
maje-fr-womens-g0,maje,Maje,FR,womens,40,,bust,91,94
maje-fr-womens-g0,maje,Maje,FR,womens,40,,waist,73,79
maje-fr-womens-g0,maje,Maje,FR,womens,40,,hip,101,107
maje-fr-womens-g0,maje,Maje,FR,womens,42,,bust,94,98
maje-fr-womens-g0,maje,Maje,FR,womens,42,,waist,79,85
maje-fr-womens-g0,maje,Maje,FR,womens,42,,hip,107,113
maje-fr-womens-g5,maje,Maje,FR,womens,34,,hip,88,92
maje-fr-womens-g5,maje,Maje,FR,womens,36,,hip,92,96
maje-fr-womens-g5,maje,Maje,FR,womens,38,,hip,96,101
maje-fr-womens-g5,maje,Maje,FR,womens,40,,hip,101,107
maje-fr-womens-g5,maje,Maje,FR,womens,42,,hip,107,113
maje-it-womens-g3,maje,Maje,IT,womens,38,,bust,80,84
maje-it-womens-g3,maje,Maje,IT,womens,38,,waist,60,64
maje-it-womens-g3,maje,Maje,IT,womens,38,,hip,88,92
maje-it-womens-g3,maje,Maje,IT,womens,40,,bust,84,88
maje-it-womens-g3,maje,Maje,IT,womens,40,,waist,64,68
maje-it-womens-g3,maje,Maje,IT,womens,40,,hip,92,96
maje-it-womens-g3,maje,Maje,IT,womens,42,,bust,88,91
maje-it-womens-g3,maje,Maje,IT,womens,42,,waist,68,73
maje-it-womens-g3,maje,Maje,IT,womens,42,,hip,96,101
maje-it-womens-g3,maje,Maje,IT,womens,44,,bust,91,94
maje-it-womens-g3,maje,Maje,IT,womens,44,,waist,73,79
maje-it-womens-g3,maje,Maje,IT,womens,44,,hip,101,107
maje-it-womens-g3,maje,Maje,IT,womens,46,,bust,94,98
maje-it-womens-g3,maje,Maje,IT,womens,46,,waist,79,85
maje-it-womens-g3,maje,Maje,IT,womens,46,,hip,107,113
maje-it-womens-g8,maje,Maje,IT,womens,38,,hip,88,92
maje-it-womens-g8,maje,Maje,IT,womens,40,,hip,92,96
maje-it-womens-g8,maje,Maje,IT,womens,42,,hip,96,101
maje-it-womens-g8,maje,Maje,IT,womens,44,,hip,101,107
maje-it-womens-g8,maje,Maje,IT,womens,46,,hip,107,113
claudie-pierlot-fr-womens,claudie-pierlot,Claudie Pierlot,FR,womens,34,,bust,78,82
claudie-pierlot-fr-womens,claudie-pierlot,Claudie Pierlot,FR,womens,34,,waist,59,63
claudie-pierlot-fr-womens,claudie-pierlot,Claudie Pierlot,FR,womens,34,,hip,87,91
claudie-pierlot-fr-womens,claudie-pierlot,Claudie Pierlot,FR,womens,36,,bust,82,86
claudie-pierlot-fr-womens,claudie-pierlot,Claudie Pierlot,FR,womens,36,,waist,63,67
claudie-pierlot-fr-womens,claudie-pierlot,Claudie Pierlot,FR,womens,36,,hip,91,95
claudie-pierlot-fr-womens,claudie-pierlot,Claudie Pierlot,FR,womens,38,,bust,86,90
claudie-pierlot-fr-womens,claudie-pierlot,Claudie Pierlot,FR,womens,38,,waist,67,71
claudie-pierlot-fr-womens,claudie-pierlot,Claudie Pierlot,FR,womens,38,,hip,95,99
claudie-pierlot-fr-womens,claudie-pierlot,Claudie Pierlot,FR,womens,40,,bust,90,94
claudie-pierlot-fr-womens,claudie-pierlot,Claudie Pierlot,FR,womens,40,,waist,71,75
claudie-pierlot-fr-womens,claudie-pierlot,Claudie Pierlot,FR,womens,40,,hip,99,103
claudie-pierlot-fr-womens,claudie-pierlot,Claudie Pierlot,FR,womens,42,,bust,94,99
claudie-pierlot-fr-womens,claudie-pierlot,Claudie Pierlot,FR,womens,42,,waist,75,80
claudie-pierlot-fr-womens,claudie-pierlot,Claudie Pierlot,FR,womens,42,,hip,103,108
claudie-pierlot-fr-womens,claudie-pierlot,Claudie Pierlot,FR,womens,44,,bust,99,105
claudie-pierlot-fr-womens,claudie-pierlot,Claudie Pierlot,FR,womens,44,,waist,80,86
claudie-pierlot-fr-womens,claudie-pierlot,Claudie Pierlot,FR,womens,44,,hip,108,114
claudie-pierlot-fr-womens,claudie-pierlot,Claudie Pierlot,FR,womens,46,,bust,105,111
claudie-pierlot-fr-womens,claudie-pierlot,Claudie Pierlot,FR,womens,46,,waist,86,92
claudie-pierlot-fr-womens,claudie-pierlot,Claudie Pierlot,FR,womens,46,,hip,114,120
ba-sh-uk-womens,ba-sh,ba&sh,UK,womens,6,,bust,78.5,83.5
ba-sh-uk-womens,ba-sh,ba&sh,UK,womens,6,,waist,60.5,65.5
ba-sh-uk-womens,ba-sh,ba&sh,UK,womens,6,,hip,85.5,90.5
ba-sh-uk-womens,ba-sh,ba&sh,UK,womens,8,,bust,83.5,88.5
ba-sh-uk-womens,ba-sh,ba&sh,UK,womens,8,,waist,65.5,70.5
ba-sh-uk-womens,ba-sh,ba&sh,UK,womens,8,,hip,90.5,95.5
ba-sh-uk-womens,ba-sh,ba&sh,UK,womens,10,,bust,88.5,93.5
ba-sh-uk-womens,ba-sh,ba&sh,UK,womens,10,,waist,70.5,75.5
ba-sh-uk-womens,ba-sh,ba&sh,UK,womens,10,,hip,95.5,100.5
ba-sh-uk-womens,ba-sh,ba&sh,UK,womens,12,,bust,93.5,98.5
ba-sh-uk-womens,ba-sh,ba&sh,UK,womens,12,,waist,75.5,80.5
ba-sh-uk-womens,ba-sh,ba&sh,UK,womens,12,,hip,100.5,105.5
ba-sh-uk-womens,ba-sh,ba&sh,UK,womens,14,,bust,98.5,103.5
ba-sh-uk-womens,ba-sh,ba&sh,UK,womens,14,,waist,80.5,85.5
ba-sh-uk-womens,ba-sh,ba&sh,UK,womens,14,,hip,105.5,110.5
ba-sh-fr-womens,ba-sh,ba&sh,FR,womens,34,,bust,78.5,83.5
ba-sh-fr-womens,ba-sh,ba&sh,FR,womens,34,,waist,60.5,65.5
ba-sh-fr-womens,ba-sh,ba&sh,FR,womens,34,,hip,85.5,90.5
ba-sh-fr-womens,ba-sh,ba&sh,FR,womens,36,,bust,83.5,88.5
ba-sh-fr-womens,ba-sh,ba&sh,FR,womens,36,,waist,65.5,70.5
ba-sh-fr-womens,ba-sh,ba&sh,FR,womens,36,,hip,90.5,95.5
ba-sh-fr-womens,ba-sh,ba&sh,FR,womens,38,,bust,88.5,93.5
ba-sh-fr-womens,ba-sh,ba&sh,FR,womens,38,,waist,70.5,75.5
ba-sh-fr-womens,ba-sh,ba&sh,FR,womens,38,,hip,95.5,100.5
ba-sh-fr-womens,ba-sh,ba&sh,FR,womens,40,,bust,93.5,98.5
ba-sh-fr-womens,ba-sh,ba&sh,FR,womens,40,,waist,75.5,80.5
ba-sh-fr-womens,ba-sh,ba&sh,FR,womens,40,,hip,100.5,105.5
ba-sh-fr-womens,ba-sh,ba&sh,FR,womens,42,,bust,98.5,103.5
ba-sh-fr-womens,ba-sh,ba&sh,FR,womens,42,,waist,80.5,85.5
ba-sh-fr-womens,ba-sh,ba&sh,FR,womens,42,,hip,105.5,110.5
ba-sh-it-womens,ba-sh,ba&sh,IT,womens,38,,bust,78.5,83.5
ba-sh-it-womens,ba-sh,ba&sh,IT,womens,38,,waist,60.5,65.5
ba-sh-it-womens,ba-sh,ba&sh,IT,womens,38,,hip,85.5,90.5
ba-sh-it-womens,ba-sh,ba&sh,IT,womens,40,,bust,83.5,88.5
ba-sh-it-womens,ba-sh,ba&sh,IT,womens,40,,waist,65.5,70.5
ba-sh-it-womens,ba-sh,ba&sh,IT,womens,40,,hip,90.5,95.5
ba-sh-it-womens,ba-sh,ba&sh,IT,womens,42,,bust,88.5,93.5
ba-sh-it-womens,ba-sh,ba&sh,IT,womens,42,,waist,70.5,75.5
ba-sh-it-womens,ba-sh,ba&sh,IT,womens,42,,hip,95.5,100.5
ba-sh-it-womens,ba-sh,ba&sh,IT,womens,44,,bust,93.5,98.5
ba-sh-it-womens,ba-sh,ba&sh,IT,womens,44,,waist,75.5,80.5
ba-sh-it-womens,ba-sh,ba&sh,IT,womens,44,,hip,100.5,105.5
ba-sh-it-womens,ba-sh,ba&sh,IT,womens,46,,bust,98.5,103.5
ba-sh-it-womens,ba-sh,ba&sh,IT,womens,46,,waist,80.5,85.5
ba-sh-it-womens,ba-sh,ba&sh,IT,womens,46,,hip,105.5,110.5
promod-eu-womens,promod,Promod,EU,womens,34,,bust,80,84
promod-eu-womens,promod,Promod,EU,womens,34,,waist,60,65
promod-eu-womens,promod,Promod,EU,womens,34,,hip,86,90
promod-eu-womens,promod,Promod,EU,womens,36,,bust,84,88
promod-eu-womens,promod,Promod,EU,womens,36,,waist,65,70
promod-eu-womens,promod,Promod,EU,womens,36,,hip,90,94
promod-eu-womens,promod,Promod,EU,womens,38,,bust,88,92
promod-eu-womens,promod,Promod,EU,womens,38,,waist,70,75
promod-eu-womens,promod,Promod,EU,womens,38,,hip,94,98
promod-eu-womens,promod,Promod,EU,womens,40,,bust,92,96
promod-eu-womens,promod,Promod,EU,womens,40,,waist,75,80
promod-eu-womens,promod,Promod,EU,womens,40,,hip,98,102
promod-eu-womens,promod,Promod,EU,womens,42,,bust,96,100
promod-eu-womens,promod,Promod,EU,womens,42,,waist,80,85
promod-eu-womens,promod,Promod,EU,womens,42,,hip,102,106
promod-eu-womens,promod,Promod,EU,womens,44,,bust,100,105
promod-eu-womens,promod,Promod,EU,womens,44,,waist,85,91
promod-eu-womens,promod,Promod,EU,womens,44,,hip,106,111
promod-eu-womens,promod,Promod,EU,womens,46,,bust,105,111
promod-eu-womens,promod,Promod,EU,womens,46,,waist,91,97
promod-eu-womens,promod,Promod,EU,womens,46,,hip,111,116
promod-eu-womens,promod,Promod,EU,womens,48,,bust,111,117
promod-eu-womens,promod,Promod,EU,womens,48,,waist,97,103
promod-eu-womens,promod,Promod,EU,womens,48,,hip,116,121
promod-int-womens,promod,Promod,INT,womens,XS,XS,bust,77,83
promod-int-womens,promod,Promod,INT,womens,XS,XS,waist,58,64
promod-int-womens,promod,Promod,INT,womens,XS,XS,hip,83,89
promod-int-womens,promod,Promod,INT,womens,S,S,bust,83,89
promod-int-womens,promod,Promod,INT,womens,S,S,waist,64,71
promod-int-womens,promod,Promod,INT,womens,S,S,hip,89,95
promod-int-womens,promod,Promod,INT,womens,M,M,bust,89,95
promod-int-womens,promod,Promod,INT,womens,M,M,waist,71,78
promod-int-womens,promod,Promod,INT,womens,M,M,hip,95,101
promod-int-womens,promod,Promod,INT,womens,L,L,bust,95,101
promod-int-womens,promod,Promod,INT,womens,L,L,waist,78,85
promod-int-womens,promod,Promod,INT,womens,L,L,hip,101,107
promod-int-womens,promod,Promod,INT,womens,XL,XL,bust,101,108
promod-int-womens,promod,Promod,INT,womens,XL,XL,waist,85,93
promod-int-womens,promod,Promod,INT,womens,XL,XL,hip,107,114
promod-int-womens,promod,Promod,INT,womens,XXL,XXL,bust,108,116
promod-int-womens,promod,Promod,INT,womens,XXL,XXL,waist,93,102
promod-int-womens,promod,Promod,INT,womens,XXL,XXL,hip,114,122
jennyfer-int-womens,jennyfer,Jennyfer,INT,womens,XS,,bust,77,83
jennyfer-int-womens,jennyfer,Jennyfer,INT,womens,XS,,waist,59,65
jennyfer-int-womens,jennyfer,Jennyfer,INT,womens,XS,,hip,85,91
jennyfer-int-womens,jennyfer,Jennyfer,INT,womens,S,,bust,83,89
jennyfer-int-womens,jennyfer,Jennyfer,INT,womens,S,,waist,65,71
jennyfer-int-womens,jennyfer,Jennyfer,INT,womens,S,,hip,91,97
jennyfer-int-womens,jennyfer,Jennyfer,INT,womens,M,,bust,89,95
jennyfer-int-womens,jennyfer,Jennyfer,INT,womens,M,,waist,71,77
jennyfer-int-womens,jennyfer,Jennyfer,INT,womens,M,,hip,97,103
jennyfer-int-womens,jennyfer,Jennyfer,INT,womens,L,,bust,95,101
jennyfer-int-womens,jennyfer,Jennyfer,INT,womens,L,,waist,77,83.5
jennyfer-int-womens,jennyfer,Jennyfer,INT,womens,L,,hip,103,109
jennyfer-int-womens,jennyfer,Jennyfer,INT,womens,XL,,bust,101,107
jennyfer-int-womens,jennyfer,Jennyfer,INT,womens,XL,,waist,83.5,90.5
jennyfer-int-womens,jennyfer,Jennyfer,INT,womens,XL,,hip,109,115
jennyfer-fr-womens,jennyfer,Jennyfer,FR,womens,32,,bust,76,80
jennyfer-fr-womens,jennyfer,Jennyfer,FR,womens,32,,waist,59,62.5
jennyfer-fr-womens,jennyfer,Jennyfer,FR,womens,32,,hip,84,88
jennyfer-fr-womens,jennyfer,Jennyfer,FR,womens,34,,bust,80,84
jennyfer-fr-womens,jennyfer,Jennyfer,FR,womens,34,,waist,62.5,66
jennyfer-fr-womens,jennyfer,Jennyfer,FR,womens,34,,hip,88,92
jennyfer-fr-womens,jennyfer,Jennyfer,FR,womens,36,,bust,84,88
jennyfer-fr-womens,jennyfer,Jennyfer,FR,womens,36,,waist,66,70
jennyfer-fr-womens,jennyfer,Jennyfer,FR,womens,36,,hip,92,96
jennyfer-fr-womens,jennyfer,Jennyfer,FR,womens,38,,bust,88,92
jennyfer-fr-womens,jennyfer,Jennyfer,FR,womens,38,,waist,70,74
jennyfer-fr-womens,jennyfer,Jennyfer,FR,womens,38,,hip,96,100
jennyfer-fr-womens,jennyfer,Jennyfer,FR,womens,40,,bust,92,96
jennyfer-fr-womens,jennyfer,Jennyfer,FR,womens,40,,waist,74,78
jennyfer-fr-womens,jennyfer,Jennyfer,FR,womens,40,,hip,100,104
jennyfer-fr-womens,jennyfer,Jennyfer,FR,womens,42,,bust,96,100
jennyfer-fr-womens,jennyfer,Jennyfer,FR,womens,42,,waist,78,82.5
jennyfer-fr-womens,jennyfer,Jennyfer,FR,womens,42,,hip,104,108
jennyfer-fr-womens,jennyfer,Jennyfer,FR,womens,44,,bust,100,104
jennyfer-fr-womens,jennyfer,Jennyfer,FR,womens,44,,waist,82.5,87
jennyfer-fr-womens,jennyfer,Jennyfer,FR,womens,44,,hip,108,112
kiabi-eu-womens,kiabi,Kiabi,EU,womens,32,,bust,76,80
kiabi-eu-womens,kiabi,Kiabi,EU,womens,32,,waist,58.5,61.5
kiabi-eu-womens,kiabi,Kiabi,EU,womens,32,,hip,83,87
kiabi-eu-womens,kiabi,Kiabi,EU,womens,34,,bust,80,84
kiabi-eu-womens,kiabi,Kiabi,EU,womens,34,,waist,61.5,65
kiabi-eu-womens,kiabi,Kiabi,EU,womens,34,,hip,87,91
kiabi-eu-womens,kiabi,Kiabi,EU,womens,36,,bust,84,88
kiabi-eu-womens,kiabi,Kiabi,EU,womens,36,,waist,65,69
kiabi-eu-womens,kiabi,Kiabi,EU,womens,36,,hip,91,95
kiabi-eu-womens,kiabi,Kiabi,EU,womens,38,,bust,88,92
kiabi-eu-womens,kiabi,Kiabi,EU,womens,38,,waist,69,73
kiabi-eu-womens,kiabi,Kiabi,EU,womens,38,,hip,95,99
kiabi-eu-womens,kiabi,Kiabi,EU,womens,40,,bust,92,96
kiabi-eu-womens,kiabi,Kiabi,EU,womens,40,,waist,73,77
kiabi-eu-womens,kiabi,Kiabi,EU,womens,40,,hip,99,103
kiabi-eu-womens,kiabi,Kiabi,EU,womens,42,,bust,96,100
kiabi-eu-womens,kiabi,Kiabi,EU,womens,42,,waist,77,81
kiabi-eu-womens,kiabi,Kiabi,EU,womens,42,,hip,103,107
kiabi-eu-womens,kiabi,Kiabi,EU,womens,44,,bust,100,104
kiabi-eu-womens,kiabi,Kiabi,EU,womens,44,,waist,81,85
kiabi-eu-womens,kiabi,Kiabi,EU,womens,44,,hip,107,111
kiabi-eu-womens,kiabi,Kiabi,EU,womens,46,,bust,104,109
kiabi-eu-womens,kiabi,Kiabi,EU,womens,46,,waist,85,90
kiabi-eu-womens,kiabi,Kiabi,EU,womens,46,,hip,111,116
kiabi-eu-womens,kiabi,Kiabi,EU,womens,48,,bust,109,115
kiabi-eu-womens,kiabi,Kiabi,EU,womens,48,,waist,90,96
kiabi-eu-womens,kiabi,Kiabi,EU,womens,48,,hip,116,122
kiabi-int-womens,kiabi,Kiabi,INT,womens,2XS(28-30),,bust,73,76
kiabi-int-womens,kiabi,Kiabi,INT,womens,2XS(28-30),,waist,57,60
kiabi-int-womens,kiabi,Kiabi,INT,womens,2XS(28-30),,hip,82,85
kiabi-int-womens,kiabi,Kiabi,INT,womens,XS(32-34),,bust,77,82
kiabi-int-womens,kiabi,Kiabi,INT,womens,XS(32-34),,waist,61,66
kiabi-int-womens,kiabi,Kiabi,INT,womens,XS(32-34),,hip,86,91
kiabi-int-womens,kiabi,Kiabi,INT,womens,S(36-38),,bust,83,88
kiabi-int-womens,kiabi,Kiabi,INT,womens,S(36-38),,waist,67,72
kiabi-int-womens,kiabi,Kiabi,INT,womens,S(36-38),,hip,92,97
kiabi-int-womens,kiabi,Kiabi,INT,womens,M(40-42),,bust,89,94
kiabi-int-womens,kiabi,Kiabi,INT,womens,M(40-42),,waist,73,78
kiabi-int-womens,kiabi,Kiabi,INT,womens,M(40-42),,hip,98,103
kiabi-int-womens,kiabi,Kiabi,INT,womens,L(44-46),,bust,95,101
kiabi-int-womens,kiabi,Kiabi,INT,womens,L(44-46),,waist,79,85
kiabi-int-womens,kiabi,Kiabi,INT,womens,L(44-46),,hip,104,110
kiabi-int-womens,kiabi,Kiabi,INT,womens,XL(48-50),,bust,102,109
kiabi-int-womens,kiabi,Kiabi,INT,womens,XL(48-50),,waist,86,94
kiabi-int-womens,kiabi,Kiabi,INT,womens,XL(48-50),,hip,111,117
kiabi-int-womens,kiabi,Kiabi,INT,womens,2XL(52-54),,bust,110,118
kiabi-int-womens,kiabi,Kiabi,INT,womens,2XL(52-54),,waist,95,104
kiabi-int-womens,kiabi,Kiabi,INT,womens,2XL(52-54),,hip,118,125
naf-naf-eu-womens,naf-naf,Naf Naf,EU,womens,32,,bust,80,84
naf-naf-eu-womens,naf-naf,Naf Naf,EU,womens,32,,waist,60,64
naf-naf-eu-womens,naf-naf,Naf Naf,EU,womens,32,,hip,88,92
naf-naf-eu-womens,naf-naf,Naf Naf,EU,womens,34,,bust,84,88
naf-naf-eu-womens,naf-naf,Naf Naf,EU,womens,34,,waist,64,68
naf-naf-eu-womens,naf-naf,Naf Naf,EU,womens,34,,hip,92,96
naf-naf-eu-womens,naf-naf,Naf Naf,EU,womens,36,,bust,88,92
naf-naf-eu-womens,naf-naf,Naf Naf,EU,womens,36,,waist,68,72
naf-naf-eu-womens,naf-naf,Naf Naf,EU,womens,36,,hip,96,100
naf-naf-eu-womens,naf-naf,Naf Naf,EU,womens,38,,bust,92,96
naf-naf-eu-womens,naf-naf,Naf Naf,EU,womens,38,,waist,72,76
naf-naf-eu-womens,naf-naf,Naf Naf,EU,womens,38,,hip,100,104
naf-naf-eu-womens,naf-naf,Naf Naf,EU,womens,40,,bust,96,100
naf-naf-eu-womens,naf-naf,Naf Naf,EU,womens,40,,waist,76,80
naf-naf-eu-womens,naf-naf,Naf Naf,EU,womens,40,,hip,104,108
naf-naf-eu-womens,naf-naf,Naf Naf,EU,womens,42,,bust,100,104
naf-naf-eu-womens,naf-naf,Naf Naf,EU,womens,42,,waist,80,84
naf-naf-eu-womens,naf-naf,Naf Naf,EU,womens,42,,hip,108,112
naf-naf-uk-womens,naf-naf,Naf Naf,UK,womens,6,,bust,80,84
naf-naf-uk-womens,naf-naf,Naf Naf,UK,womens,6,,waist,60,64
naf-naf-uk-womens,naf-naf,Naf Naf,UK,womens,6,,hip,88,92
naf-naf-uk-womens,naf-naf,Naf Naf,UK,womens,8,,bust,84,88
naf-naf-uk-womens,naf-naf,Naf Naf,UK,womens,8,,waist,64,68
naf-naf-uk-womens,naf-naf,Naf Naf,UK,womens,8,,hip,92,96
naf-naf-uk-womens,naf-naf,Naf Naf,UK,womens,10,,bust,88,92
naf-naf-uk-womens,naf-naf,Naf Naf,UK,womens,10,,waist,68,72
naf-naf-uk-womens,naf-naf,Naf Naf,UK,womens,10,,hip,96,100
naf-naf-uk-womens,naf-naf,Naf Naf,UK,womens,12,,bust,92,96
naf-naf-uk-womens,naf-naf,Naf Naf,UK,womens,12,,waist,72,76
naf-naf-uk-womens,naf-naf,Naf Naf,UK,womens,12,,hip,100,104
naf-naf-uk-womens,naf-naf,Naf Naf,UK,womens,14,,bust,96,100
naf-naf-uk-womens,naf-naf,Naf Naf,UK,womens,14,,waist,76,80
naf-naf-uk-womens,naf-naf,Naf Naf,UK,womens,14,,hip,104,108
naf-naf-uk-womens,naf-naf,Naf Naf,UK,womens,16,,bust,100,104
naf-naf-uk-womens,naf-naf,Naf Naf,UK,womens,16,,waist,80,84
naf-naf-uk-womens,naf-naf,Naf Naf,UK,womens,16,,hip,108,112
naf-naf-fr-womens,naf-naf,Naf Naf,FR,womens,34,,bust,80,84
naf-naf-fr-womens,naf-naf,Naf Naf,FR,womens,34,,waist,60,64
naf-naf-fr-womens,naf-naf,Naf Naf,FR,womens,34,,hip,88,92
naf-naf-fr-womens,naf-naf,Naf Naf,FR,womens,36,,bust,84,88
naf-naf-fr-womens,naf-naf,Naf Naf,FR,womens,36,,waist,64,68
naf-naf-fr-womens,naf-naf,Naf Naf,FR,womens,36,,hip,92,96
naf-naf-fr-womens,naf-naf,Naf Naf,FR,womens,38,,bust,88,92
naf-naf-fr-womens,naf-naf,Naf Naf,FR,womens,38,,waist,68,72
naf-naf-fr-womens,naf-naf,Naf Naf,FR,womens,38,,hip,96,100
naf-naf-fr-womens,naf-naf,Naf Naf,FR,womens,40,,bust,92,96
naf-naf-fr-womens,naf-naf,Naf Naf,FR,womens,40,,waist,72,76
naf-naf-fr-womens,naf-naf,Naf Naf,FR,womens,40,,hip,100,104
naf-naf-fr-womens,naf-naf,Naf Naf,FR,womens,42,,bust,96,100
naf-naf-fr-womens,naf-naf,Naf Naf,FR,womens,42,,waist,76,80
naf-naf-fr-womens,naf-naf,Naf Naf,FR,womens,42,,hip,104,108
naf-naf-fr-womens,naf-naf,Naf Naf,FR,womens,44,,bust,100,104
naf-naf-fr-womens,naf-naf,Naf Naf,FR,womens,44,,waist,80,84
naf-naf-fr-womens,naf-naf,Naf Naf,FR,womens,44,,hip,108,112
etam-int-womens,etam,Etam,INT,womens,XS,,bust,69,77
etam-int-womens,etam,Etam,INT,womens,XS,,waist,50,58
etam-int-womens,etam,Etam,INT,womens,XS,,hip,76,84
etam-int-womens,etam,Etam,INT,womens,S,,bust,77,85
etam-int-womens,etam,Etam,INT,womens,S,,waist,58,66
etam-int-womens,etam,Etam,INT,womens,S,,hip,84,92
etam-int-womens,etam,Etam,INT,womens,M,,bust,85,93
etam-int-womens,etam,Etam,INT,womens,M,,waist,66,74
etam-int-womens,etam,Etam,INT,womens,M,,hip,92,100
etam-int-womens,etam,Etam,INT,womens,L,,bust,93,101
etam-int-womens,etam,Etam,INT,womens,L,,waist,74,82
etam-int-womens,etam,Etam,INT,womens,L,,hip,100,108
etam-int-womens,etam,Etam,INT,womens,XL,,bust,101,109
etam-int-womens,etam,Etam,INT,womens,XL,,waist,82,90
etam-int-womens,etam,Etam,INT,womens,XL,,hip,108,116
etam-us-womens,etam,Etam,US,womens,2/4,,bust,69,77
etam-us-womens,etam,Etam,US,womens,2/4,,waist,50,58
etam-us-womens,etam,Etam,US,womens,2/4,,hip,76,84
etam-us-womens,etam,Etam,US,womens,4/6,,bust,77,85
etam-us-womens,etam,Etam,US,womens,4/6,,waist,58,66
etam-us-womens,etam,Etam,US,womens,4/6,,hip,84,92
etam-us-womens,etam,Etam,US,womens,6/8,,bust,85,93
etam-us-womens,etam,Etam,US,womens,6/8,,waist,66,74
etam-us-womens,etam,Etam,US,womens,6/8,,hip,92,100
etam-us-womens,etam,Etam,US,womens,8/10,,bust,93,101
etam-us-womens,etam,Etam,US,womens,8/10,,waist,74,82
etam-us-womens,etam,Etam,US,womens,8/10,,hip,100,108
etam-us-womens,etam,Etam,US,womens,10/14,,bust,101,109
etam-us-womens,etam,Etam,US,womens,10/14,,waist,82,90
etam-us-womens,etam,Etam,US,womens,10/14,,hip,108,116
lacoste-eu-womens-g1,lacoste,Lacoste,EU,womens,32,,bust,78,78
lacoste-eu-womens-g1,lacoste,Lacoste,EU,womens,32,,waist,60,60
lacoste-eu-womens-g1,lacoste,Lacoste,EU,womens,32,,hip,86,86
lacoste-eu-womens-g1,lacoste,Lacoste,EU,womens,34-36,,bust,82,86
lacoste-eu-womens-g1,lacoste,Lacoste,EU,womens,34-36,,waist,64,68
lacoste-eu-womens-g1,lacoste,Lacoste,EU,womens,34-36,,hip,90,94
lacoste-eu-womens-g1,lacoste,Lacoste,EU,womens,38-40,,bust,90,94
lacoste-eu-womens-g1,lacoste,Lacoste,EU,womens,38-40,,waist,72,76
lacoste-eu-womens-g1,lacoste,Lacoste,EU,womens,38-40,,hip,98,102
lacoste-eu-womens-g1,lacoste,Lacoste,EU,womens,42-44,,bust,98,102
lacoste-eu-womens-g1,lacoste,Lacoste,EU,womens,42-44,,waist,80,84
lacoste-eu-womens-g1,lacoste,Lacoste,EU,womens,42-44,,hip,106,110
lacoste-eu-womens-g1,lacoste,Lacoste,EU,womens,46-48,,bust,107,112
lacoste-eu-womens-g1,lacoste,Lacoste,EU,womens,46-48,,waist,89,94
lacoste-eu-womens-g1,lacoste,Lacoste,EU,womens,46-48,,hip,115,120
lacoste-eu-mens-g4,lacoste,Lacoste,EU,mens,44,,bust,104,106
lacoste-eu-mens-g4,lacoste,Lacoste,EU,mens,46,,bust,106,108
lacoste-eu-mens-g4,lacoste,Lacoste,EU,mens,48,,bust,110,112
lacoste-eu-mens-g4,lacoste,Lacoste,EU,mens,50,,bust,114,116
lacoste-eu-mens-g4,lacoste,Lacoste,EU,mens,52,,bust,118,120
lacoste-eu-mens-g4,lacoste,Lacoste,EU,mens,54,,bust,123,125
lacoste-eu-mens-g4,lacoste,Lacoste,EU,mens,56,,bust,128,130
lacoste-eu-mens-g4,lacoste,Lacoste,EU,mens,58,,bust,133,135
lacoste-eu-mens-g4,lacoste,Lacoste,EU,mens,60,,bust,138,140
lacoste-int-womens,lacoste,Lacoste,INT,womens,XS,,bust,78,78
lacoste-int-womens,lacoste,Lacoste,INT,womens,XS,,waist,60,60
lacoste-int-womens,lacoste,Lacoste,INT,womens,XS,,hip,86,86
lacoste-int-womens,lacoste,Lacoste,INT,womens,S,,bust,82,86
lacoste-int-womens,lacoste,Lacoste,INT,womens,S,,waist,64,68
lacoste-int-womens,lacoste,Lacoste,INT,womens,S,,hip,90,94
lacoste-int-womens,lacoste,Lacoste,INT,womens,M,,bust,90,94
lacoste-int-womens,lacoste,Lacoste,INT,womens,M,,waist,72,76
lacoste-int-womens,lacoste,Lacoste,INT,womens,M,,hip,98,102
lacoste-int-womens,lacoste,Lacoste,INT,womens,L,,bust,98,102
lacoste-int-womens,lacoste,Lacoste,INT,womens,L,,waist,80,84
lacoste-int-womens,lacoste,Lacoste,INT,womens,L,,hip,106,110
lacoste-int-womens,lacoste,Lacoste,INT,womens,XL,,bust,107,112
lacoste-int-womens,lacoste,Lacoste,INT,womens,XL,,waist,89,94
lacoste-int-womens,lacoste,Lacoste,INT,womens,XL,,hip,115,120
lacoste-uk-womens,lacoste,Lacoste,UK,womens,4,,bust,78,78
lacoste-uk-womens,lacoste,Lacoste,UK,womens,4,,waist,60,60
lacoste-uk-womens,lacoste,Lacoste,UK,womens,4,,hip,86,86
lacoste-uk-womens,lacoste,Lacoste,UK,womens,6-8,,bust,82,86
lacoste-uk-womens,lacoste,Lacoste,UK,womens,6-8,,waist,64,68
lacoste-uk-womens,lacoste,Lacoste,UK,womens,6-8,,hip,90,94
lacoste-uk-womens,lacoste,Lacoste,UK,womens,10-12,,bust,90,94
lacoste-uk-womens,lacoste,Lacoste,UK,womens,10-12,,waist,72,76
lacoste-uk-womens,lacoste,Lacoste,UK,womens,10-12,,hip,98,102
lacoste-uk-womens,lacoste,Lacoste,UK,womens,14-16,,bust,98,102
lacoste-uk-womens,lacoste,Lacoste,UK,womens,14-16,,waist,80,84
lacoste-uk-womens,lacoste,Lacoste,UK,womens,14-16,,hip,106,110
lacoste-uk-womens,lacoste,Lacoste,UK,womens,18-20,,bust,107,112
lacoste-uk-womens,lacoste,Lacoste,UK,womens,18-20,,waist,89,94
lacoste-uk-womens,lacoste,Lacoste,UK,womens,18-20,,hip,115,120
lacoste-fr-mens,lacoste,Lacoste,FR,mens,30,,hip,80,84
lacoste-fr-mens,lacoste,Lacoste,FR,mens,32,,hip,84,87
lacoste-fr-mens,lacoste,Lacoste,FR,mens,33,,hip,87,89
lacoste-fr-mens,lacoste,Lacoste,FR,mens,34,,hip,89,92
lacoste-fr-mens,lacoste,Lacoste,FR,mens,36,,hip,92,96
lacoste-fr-mens,lacoste,Lacoste,FR,mens,38,,hip,96,100
lacoste-fr-mens,lacoste,Lacoste,FR,mens,40,,hip,100,104
lacoste-fr-mens,lacoste,Lacoste,FR,mens,42,,hip,104,108
lacoste-fr-mens,lacoste,Lacoste,FR,mens,44,,hip,108,112
lacoste-fr-mens,lacoste,Lacoste,FR,mens,46,,hip,112,116
lacoste-fr-mens,lacoste,Lacoste,FR,mens,48,,hip,116,120
lacoste-fr-mens,lacoste,Lacoste,FR,mens,50,,hip,120,124
lacoste-fr-mens,lacoste,Lacoste,FR,mens,52,,hip,124,127.5
lacoste-fr-mens,lacoste,Lacoste,FR,mens,54,,hip,127.5,130.5
lacoste-fr-mens,lacoste,Lacoste,FR,mens,56,,hip,130.5,133.5
lacoste-fr-mens,lacoste,Lacoste,FR,mens,58,,hip,133.5,136.5
lacoste-fr-mens,lacoste,Lacoste,FR,mens,60,,hip,136.5,139.5
celio-int-womens,celio,Celio,INT,womens,XS,,bust,75,81
celio-int-womens,celio,Celio,INT,womens,S,,bust,81,87
celio-int-womens,celio,Celio,INT,womens,M,,bust,87,94
celio-int-womens,celio,Celio,INT,womens,L,,bust,94,102
celio-int-womens,celio,Celio,INT,womens,XL,,bust,102,110
celio-int-womens,celio,Celio,INT,womens,XXL,,bust,110,118
decathlon-int-mens-tops,decathlon,Decathlon,INT,mens,XS,XS,bust,84,87
decathlon-int-mens-tops,decathlon,Decathlon,INT,mens,XS,XS,waist,70,73
decathlon-int-mens-tops,decathlon,Decathlon,INT,mens,S,S,bust,88,91
decathlon-int-mens-tops,decathlon,Decathlon,INT,mens,S,S,waist,74,77
decathlon-int-mens-tops,decathlon,Decathlon,INT,mens,M,M,bust,92,95
decathlon-int-mens-tops,decathlon,Decathlon,INT,mens,M,M,waist,78,81
decathlon-int-mens-tops,decathlon,Decathlon,INT,mens,L,L,bust,96,103
decathlon-int-mens-tops,decathlon,Decathlon,INT,mens,L,L,waist,82,89
decathlon-int-mens-tops,decathlon,Decathlon,INT,mens,XL,XL,bust,104,113
decathlon-int-mens-tops,decathlon,Decathlon,INT,mens,XL,XL,waist,90,100
decathlon-int-mens-tops,decathlon,Decathlon,INT,mens,2XL,2XL,bust,114,123
decathlon-int-mens-tops,decathlon,Decathlon,INT,mens,2XL,2XL,waist,101,111
decathlon-int-mens-tops,decathlon,Decathlon,INT,mens,3XL,3XL,bust,124,135
decathlon-int-mens-tops,decathlon,Decathlon,INT,mens,3XL,3XL,waist,112,123
decathlon-int-mens-bottoms,decathlon,Decathlon,INT,mens,XS,XS,waist,66,71
decathlon-int-mens-bottoms,decathlon,Decathlon,INT,mens,XS,XS,hip,80,85
decathlon-int-mens-bottoms,decathlon,Decathlon,INT,mens,S,S,waist,72,77
decathlon-int-mens-bottoms,decathlon,Decathlon,INT,mens,S,S,hip,86,91
decathlon-int-mens-bottoms,decathlon,Decathlon,INT,mens,M,M,waist,78,83
decathlon-int-mens-bottoms,decathlon,Decathlon,INT,mens,M,M,hip,92,97
decathlon-int-mens-bottoms,decathlon,Decathlon,INT,mens,L,L,waist,84,89
decathlon-int-mens-bottoms,decathlon,Decathlon,INT,mens,L,L,hip,98,104
decathlon-int-mens-bottoms,decathlon,Decathlon,INT,mens,XL,XL,waist,90,97
decathlon-int-mens-bottoms,decathlon,Decathlon,INT,mens,XL,XL,hip,105,111
decathlon-int-mens-bottoms,decathlon,Decathlon,INT,mens,2XL,2XL,waist,98,105
decathlon-int-mens-bottoms,decathlon,Decathlon,INT,mens,2XL,2XL,hip,112,118
decathlon-int-mens-bottoms,decathlon,Decathlon,INT,mens,3XL,3XL,waist,106,113
decathlon-int-mens-bottoms,decathlon,Decathlon,INT,mens,3XL,3XL,hip,119,126
decathlon-int-womens-tops,decathlon,Decathlon,INT,womens,2XS,2XS,bust,80,83
decathlon-int-womens-tops,decathlon,Decathlon,INT,womens,2XS,2XS,waist,58,62
decathlon-int-womens-tops,decathlon,Decathlon,INT,womens,XS,XS,bust,84,87
decathlon-int-womens-tops,decathlon,Decathlon,INT,womens,XS,XS,waist,62,65
decathlon-int-womens-tops,decathlon,Decathlon,INT,womens,S,S,bust,88,91
decathlon-int-womens-tops,decathlon,Decathlon,INT,womens,S,S,waist,66,69
decathlon-int-womens-tops,decathlon,Decathlon,INT,womens,M,M,bust,92,95
decathlon-int-womens-tops,decathlon,Decathlon,INT,womens,M,M,waist,70,73
decathlon-int-womens-tops,decathlon,Decathlon,INT,womens,L,L,bust,96,103
decathlon-int-womens-tops,decathlon,Decathlon,INT,womens,L,L,waist,74,84
decathlon-int-womens-tops,decathlon,Decathlon,INT,womens,XL,XL,bust,104,113
decathlon-int-womens-tops,decathlon,Decathlon,INT,womens,XL,XL,waist,85,96
decathlon-int-womens-tops,decathlon,Decathlon,INT,womens,2XL,2XL,bust,114,123
decathlon-int-womens-tops,decathlon,Decathlon,INT,womens,2XL,2XL,waist,97,108
decathlon-int-womens-bottoms,decathlon,Decathlon,INT,womens,2XS,2XS,waist,60,63
decathlon-int-womens-bottoms,decathlon,Decathlon,INT,womens,2XS,2XS,hip,79,85
decathlon-int-womens-bottoms,decathlon,Decathlon,INT,womens,XS,XS,waist,64,68
decathlon-int-womens-bottoms,decathlon,Decathlon,INT,womens,XS,XS,hip,85,90
decathlon-int-womens-bottoms,decathlon,Decathlon,INT,womens,S,S,waist,69,73
decathlon-int-womens-bottoms,decathlon,Decathlon,INT,womens,S,S,hip,90,96
decathlon-int-womens-bottoms,decathlon,Decathlon,INT,womens,M,M,waist,74,79
decathlon-int-womens-bottoms,decathlon,Decathlon,INT,womens,M,M,hip,96,102
decathlon-int-womens-bottoms,decathlon,Decathlon,INT,womens,L,L,waist,80,86
decathlon-int-womens-bottoms,decathlon,Decathlon,INT,womens,L,L,hip,102,108
decathlon-int-womens-bottoms,decathlon,Decathlon,INT,womens,XL,XL,waist,87,93
decathlon-int-womens-bottoms,decathlon,Decathlon,INT,womens,XL,XL,hip,108,114
decathlon-int-womens-bottoms,decathlon,Decathlon,INT,womens,2XL,2XL,waist,94,100
decathlon-int-womens-bottoms,decathlon,Decathlon,INT,womens,2XL,2XL,hip,114,120
benetton-int-womens-g2,benetton,United Colors of Benetton,INT,womens,XXS 36/38,,bust,73,79
benetton-int-womens-g2,benetton,United Colors of Benetton,INT,womens,XXS 36/38,,waist,55,61
benetton-int-womens-g2,benetton,United Colors of Benetton,INT,womens,XXS 36/38,,hip,80,86
benetton-int-womens-g2,benetton,United Colors of Benetton,INT,womens,XS 38/40,,bust,79,85
benetton-int-womens-g2,benetton,United Colors of Benetton,INT,womens,XS 38/40,,waist,61,67
benetton-int-womens-g2,benetton,United Colors of Benetton,INT,womens,XS 38/40,,hip,86,92
benetton-int-womens-g2,benetton,United Colors of Benetton,INT,womens,S 42,,bust,85,91
benetton-int-womens-g2,benetton,United Colors of Benetton,INT,womens,S 42,,waist,67,72.5
benetton-int-womens-g2,benetton,United Colors of Benetton,INT,womens,S 42,,hip,92,98
benetton-int-womens-g2,benetton,United Colors of Benetton,INT,womens,M 44/46,,bust,91,97
benetton-int-womens-g2,benetton,United Colors of Benetton,INT,womens,M 44/46,,waist,72.5,77.5
benetton-int-womens-g2,benetton,United Colors of Benetton,INT,womens,M 44/46,,hip,98,104
benetton-int-womens-g2,benetton,United Colors of Benetton,INT,womens,L 46/48,,bust,97,103
benetton-int-womens-g2,benetton,United Colors of Benetton,INT,womens,L 46/48,,waist,77.5,82.5
benetton-int-womens-g2,benetton,United Colors of Benetton,INT,womens,L 46/48,,hip,104,110
benetton-int-womens-g2,benetton,United Colors of Benetton,INT,womens,XL 48/50,,bust,103,109
benetton-int-womens-g2,benetton,United Colors of Benetton,INT,womens,XL 48/50,,waist,82.5,87.5
benetton-int-womens-g2,benetton,United Colors of Benetton,INT,womens,XL 48/50,,hip,110,116
benetton-int-womens-g2,benetton,United Colors of Benetton,INT,womens,XXL 50/52,,bust,109,115
benetton-int-womens-g2,benetton,United Colors of Benetton,INT,womens,XXL 50/52,,waist,87.5,92.5
benetton-int-womens-g2,benetton,United Colors of Benetton,INT,womens,XXL 50/52,,hip,116,122
benetton-int-mens-g3,benetton,United Colors of Benetton,INT,mens,XS42,,bust,81,87
benetton-int-mens-g3,benetton,United Colors of Benetton,INT,mens,XS42,,waist,71,77
benetton-int-mens-g3,benetton,United Colors of Benetton,INT,mens,XS42,,hip,85,91
benetton-int-mens-g3,benetton,United Colors of Benetton,INT,mens,S44/46,,bust,87,93
benetton-int-mens-g3,benetton,United Colors of Benetton,INT,mens,S44/46,,waist,77,83
benetton-int-mens-g3,benetton,United Colors of Benetton,INT,mens,S44/46,,hip,91,97
benetton-int-mens-g3,benetton,United Colors of Benetton,INT,mens,M46/48,,bust,93,99
benetton-int-mens-g3,benetton,United Colors of Benetton,INT,mens,M46/48,,waist,83,89
benetton-int-mens-g3,benetton,United Colors of Benetton,INT,mens,M46/48,,hip,97,103
benetton-int-mens-g3,benetton,United Colors of Benetton,INT,mens,L50,,bust,99,105
benetton-int-mens-g3,benetton,United Colors of Benetton,INT,mens,L50,,waist,89,95
benetton-int-mens-g3,benetton,United Colors of Benetton,INT,mens,L50,,hip,103,109
benetton-int-mens-g3,benetton,United Colors of Benetton,INT,mens,XL52/54,,bust,105,111
benetton-int-mens-g3,benetton,United Colors of Benetton,INT,mens,XL52/54,,waist,95,101
benetton-int-mens-g3,benetton,United Colors of Benetton,INT,mens,XL52/54,,hip,109,115
benetton-int-mens-g3,benetton,United Colors of Benetton,INT,mens,XXL54/56,,bust,111,117
benetton-int-mens-g3,benetton,United Colors of Benetton,INT,mens,XXL54/56,,waist,101,107
benetton-int-mens-g3,benetton,United Colors of Benetton,INT,mens,XXL54/56,,hip,115,121
benetton-int-mens-g3,benetton,United Colors of Benetton,INT,mens,XXXL58,,bust,117,123
benetton-int-mens-g3,benetton,United Colors of Benetton,INT,mens,XXXL58,,waist,107,113
benetton-int-mens-g3,benetton,United Colors of Benetton,INT,mens,XXXL58,,hip,121,127
benetton-it-mens-g0,benetton,United Colors of Benetton,IT,mens,42,,bust,82,86
benetton-it-mens-g0,benetton,United Colors of Benetton,IT,mens,42,,waist,72,76
benetton-it-mens-g0,benetton,United Colors of Benetton,IT,mens,42,,hip,86,90
benetton-it-mens-g0,benetton,United Colors of Benetton,IT,mens,44,,bust,86,90
benetton-it-mens-g0,benetton,United Colors of Benetton,IT,mens,44,,waist,76,80
benetton-it-mens-g0,benetton,United Colors of Benetton,IT,mens,44,,hip,90,94
benetton-it-mens-g0,benetton,United Colors of Benetton,IT,mens,46,,bust,90,94
benetton-it-mens-g0,benetton,United Colors of Benetton,IT,mens,46,,waist,80,84
benetton-it-mens-g0,benetton,United Colors of Benetton,IT,mens,46,,hip,94,98
benetton-it-mens-g0,benetton,United Colors of Benetton,IT,mens,48,,bust,94,98
benetton-it-mens-g0,benetton,United Colors of Benetton,IT,mens,48,,waist,84,88
benetton-it-mens-g0,benetton,United Colors of Benetton,IT,mens,48,,hip,98,102
benetton-it-mens-g0,benetton,United Colors of Benetton,IT,mens,50,,bust,98,102
benetton-it-mens-g0,benetton,United Colors of Benetton,IT,mens,50,,waist,88,92.3
benetton-it-mens-g0,benetton,United Colors of Benetton,IT,mens,50,,hip,102,106
benetton-it-mens-g0,benetton,United Colors of Benetton,IT,mens,52,,bust,102,106
benetton-it-mens-g0,benetton,United Colors of Benetton,IT,mens,52,,waist,92.3,96.9
benetton-it-mens-g0,benetton,United Colors of Benetton,IT,mens,52,,hip,106,110
benetton-it-mens-g0,benetton,United Colors of Benetton,IT,mens,54,,bust,106,110
benetton-it-mens-g0,benetton,United Colors of Benetton,IT,mens,54,,waist,96.9,101.1
benetton-it-mens-g0,benetton,United Colors of Benetton,IT,mens,54,,hip,110,114
benetton-it-mens-g0,benetton,United Colors of Benetton,IT,mens,56,,bust,110,114
benetton-it-mens-g0,benetton,United Colors of Benetton,IT,mens,56,,waist,101.1,105.7
benetton-it-mens-g0,benetton,United Colors of Benetton,IT,mens,56,,hip,114,118
benetton-it-mens-g0,benetton,United Colors of Benetton,IT,mens,58,,bust,114,118
benetton-it-mens-g0,benetton,United Colors of Benetton,IT,mens,58,,waist,105.7,111.1
benetton-it-mens-g0,benetton,United Colors of Benetton,IT,mens,58,,hip,118,122
benetton-it-womens-g1,benetton,United Colors of Benetton,IT,womens,36,,bust,74,78
benetton-it-womens-g1,benetton,United Colors of Benetton,IT,womens,36,,waist,56,60
benetton-it-womens-g1,benetton,United Colors of Benetton,IT,womens,36,,hip,81,85
benetton-it-womens-g1,benetton,United Colors of Benetton,IT,womens,38,,bust,78,82
benetton-it-womens-g1,benetton,United Colors of Benetton,IT,womens,38,,waist,60,64
benetton-it-womens-g1,benetton,United Colors of Benetton,IT,womens,38,,hip,85,89
benetton-it-womens-g1,benetton,United Colors of Benetton,IT,womens,40,,bust,82,86
benetton-it-womens-g1,benetton,United Colors of Benetton,IT,womens,40,,waist,64,68
benetton-it-womens-g1,benetton,United Colors of Benetton,IT,womens,40,,hip,89,93
benetton-it-womens-g1,benetton,United Colors of Benetton,IT,womens,42,,bust,86,90
benetton-it-womens-g1,benetton,United Colors of Benetton,IT,womens,42,,waist,68,72
benetton-it-womens-g1,benetton,United Colors of Benetton,IT,womens,42,,hip,93,97
benetton-it-womens-g1,benetton,United Colors of Benetton,IT,womens,44,,bust,90,94.5
benetton-it-womens-g1,benetton,United Colors of Benetton,IT,womens,44,,waist,72,76.5
benetton-it-womens-g1,benetton,United Colors of Benetton,IT,womens,44,,hip,97,101.5
benetton-it-womens-g1,benetton,United Colors of Benetton,IT,womens,46,,bust,94.5,99.5
benetton-it-womens-g1,benetton,United Colors of Benetton,IT,womens,46,,waist,76.5,81.5
benetton-it-womens-g1,benetton,United Colors of Benetton,IT,womens,46,,hip,101.5,106.5
benetton-it-womens-g1,benetton,United Colors of Benetton,IT,womens,48,,bust,99.5,104.5
benetton-it-womens-g1,benetton,United Colors of Benetton,IT,womens,48,,waist,81.5,86.5
benetton-it-womens-g1,benetton,United Colors of Benetton,IT,womens,48,,hip,106.5,111.5
benetton-it-womens-g1,benetton,United Colors of Benetton,IT,womens,50,,bust,104.5,109.5
benetton-it-womens-g1,benetton,United Colors of Benetton,IT,womens,50,,waist,86.5,91.5
benetton-it-womens-g1,benetton,United Colors of Benetton,IT,womens,50,,hip,111.5,116.5
calzedonia-eu-womens,calzedonia,Calzedonia,EU,womens,32-34,,waist,62,68
calzedonia-eu-womens,calzedonia,Calzedonia,EU,womens,32-34,,hip,82,88
calzedonia-eu-womens,calzedonia,Calzedonia,EU,womens,36-38,,waist,68,74
calzedonia-eu-womens,calzedonia,Calzedonia,EU,womens,36-38,,hip,88,94
calzedonia-eu-womens,calzedonia,Calzedonia,EU,womens,40-42,,waist,74,80
calzedonia-eu-womens,calzedonia,Calzedonia,EU,womens,40-42,,hip,94,100
calzedonia-eu-womens,calzedonia,Calzedonia,EU,womens,44-46,,waist,80,86
calzedonia-eu-womens,calzedonia,Calzedonia,EU,womens,44-46,,hip,100,106
calzedonia-eu-womens,calzedonia,Calzedonia,EU,womens,48-50,,waist,86,92
calzedonia-eu-womens,calzedonia,Calzedonia,EU,womens,48-50,,hip,106,112
calzedonia-int-womens,calzedonia,Calzedonia,INT,womens,1/XS,,bust,78,83
calzedonia-int-womens,calzedonia,Calzedonia,INT,womens,1/XS,,waist,60,66
calzedonia-int-womens,calzedonia,Calzedonia,INT,womens,1/XS,,hip,90,95
calzedonia-int-womens,calzedonia,Calzedonia,INT,womens,2/S,,bust,83,88
calzedonia-int-womens,calzedonia,Calzedonia,INT,womens,2/S,,waist,66,72
calzedonia-int-womens,calzedonia,Calzedonia,INT,womens,2/S,,hip,95,100
calzedonia-int-womens,calzedonia,Calzedonia,INT,womens,3/M,,bust,88,93
calzedonia-int-womens,calzedonia,Calzedonia,INT,womens,3/M,,waist,72,78
calzedonia-int-womens,calzedonia,Calzedonia,INT,womens,3/M,,hip,100,105
calzedonia-int-womens,calzedonia,Calzedonia,INT,womens,4/L,,bust,93,98
calzedonia-int-womens,calzedonia,Calzedonia,INT,womens,4/L,,waist,78,84
calzedonia-int-womens,calzedonia,Calzedonia,INT,womens,4/L,,hip,105,110
calzedonia-int-womens,calzedonia,Calzedonia,INT,womens,5/XL,,bust,98,103
calzedonia-int-womens,calzedonia,Calzedonia,INT,womens,5/XL,,waist,84,90
calzedonia-int-womens,calzedonia,Calzedonia,INT,womens,5/XL,,hip,110,115
calzedonia-int-womens,calzedonia,Calzedonia,INT,womens,6/XXL,,bust,103,108
calzedonia-int-womens,calzedonia,Calzedonia,INT,womens,6/XXL,,waist,90,96
calzedonia-int-womens,calzedonia,Calzedonia,INT,womens,6/XXL,,hip,115,120
calzedonia-us-womens,calzedonia,Calzedonia,US,womens,0-2,,waist,61,68.6
calzedonia-us-womens,calzedonia,Calzedonia,US,womens,0-2,,hip,81.3,88.9
calzedonia-us-womens,calzedonia,Calzedonia,US,womens,4-6,,waist,68.6,73.7
calzedonia-us-womens,calzedonia,Calzedonia,US,womens,4-6,,hip,88.9,94
calzedonia-us-womens,calzedonia,Calzedonia,US,womens,8-10,,waist,73.7,81.3
calzedonia-us-womens,calzedonia,Calzedonia,US,womens,8-10,,hip,94,99.1
calzedonia-us-womens,calzedonia,Calzedonia,US,womens,12-14,,waist,81.3,86.4
calzedonia-us-womens,calzedonia,Calzedonia,US,womens,12-14,,hip,99.1,106.7
calzedonia-us-womens,calzedonia,Calzedonia,US,womens,16-18,,waist,86.4,91.4
calzedonia-us-womens,calzedonia,Calzedonia,US,womens,16-18,,hip,106.7,111.8
calzedonia-it-womens,calzedonia,Calzedonia,IT,womens,36-38,,waist,62,68
calzedonia-it-womens,calzedonia,Calzedonia,IT,womens,36-38,,hip,82,88
calzedonia-it-womens,calzedonia,Calzedonia,IT,womens,38-40,,waist,68,74
calzedonia-it-womens,calzedonia,Calzedonia,IT,womens,38-40,,hip,88,94
calzedonia-it-womens,calzedonia,Calzedonia,IT,womens,42-44,,waist,74,80
calzedonia-it-womens,calzedonia,Calzedonia,IT,womens,42-44,,hip,94,100
calzedonia-it-womens,calzedonia,Calzedonia,IT,womens,46-48,,waist,80,86
calzedonia-it-womens,calzedonia,Calzedonia,IT,womens,46-48,,hip,100,106
calzedonia-it-womens,calzedonia,Calzedonia,IT,womens,50-52,,waist,86,92
calzedonia-it-womens,calzedonia,Calzedonia,IT,womens,50-52,,hip,106,112
intimissimi-eu-mens,intimissimi,Intimissimi,EU,mens,40/42,S,waist,86,90
intimissimi-eu-mens,intimissimi,Intimissimi,EU,mens,40/42,S,hip,92,96
intimissimi-eu-mens,intimissimi,Intimissimi,EU,mens,44/46,M,waist,90,94
intimissimi-eu-mens,intimissimi,Intimissimi,EU,mens,44/46,M,hip,96,100
intimissimi-eu-mens,intimissimi,Intimissimi,EU,mens,48/50,L,waist,94,100
intimissimi-eu-mens,intimissimi,Intimissimi,EU,mens,48/50,L,hip,100,106
intimissimi-eu-mens,intimissimi,Intimissimi,EU,mens,52/54,XL,waist,100,106
intimissimi-eu-mens,intimissimi,Intimissimi,EU,mens,52/54,XL,hip,106,112
intimissimi-eu-mens,intimissimi,Intimissimi,EU,mens,56/58,XXL,waist,106,112
intimissimi-eu-mens,intimissimi,Intimissimi,EU,mens,56/58,XXL,hip,112,118
intimissimi-int-mens-g0,intimissimi,Intimissimi,INT,mens,S,,waist,86,90
intimissimi-int-mens-g0,intimissimi,Intimissimi,INT,mens,S,,hip,92,96
intimissimi-int-mens-g0,intimissimi,Intimissimi,INT,mens,M,,waist,90,94
intimissimi-int-mens-g0,intimissimi,Intimissimi,INT,mens,M,,hip,96,100
intimissimi-int-mens-g0,intimissimi,Intimissimi,INT,mens,L,,waist,94,100
intimissimi-int-mens-g0,intimissimi,Intimissimi,INT,mens,L,,hip,100,106
intimissimi-int-mens-g0,intimissimi,Intimissimi,INT,mens,XL,,waist,100,106
intimissimi-int-mens-g0,intimissimi,Intimissimi,INT,mens,XL,,hip,106,112
intimissimi-int-mens-g0,intimissimi,Intimissimi,INT,mens,XXL,,waist,106,112
intimissimi-int-mens-g0,intimissimi,Intimissimi,INT,mens,XXL,,hip,112,118
intimissimi-int-womens-g4,intimissimi,Intimissimi,INT,womens,XS,,hip,86,90
intimissimi-int-womens-g4,intimissimi,Intimissimi,INT,womens,S,,hip,91,95
intimissimi-int-womens-g4,intimissimi,Intimissimi,INT,womens,M,,hip,96,100
intimissimi-int-womens-g4,intimissimi,Intimissimi,INT,womens,L,,hip,101,105
intimissimi-int-womens-g4,intimissimi,Intimissimi,INT,womens,XL,,hip,106,110
intimissimi-int-womens-g4,intimissimi,Intimissimi,INT,womens,XXL,,hip,111,115
intimissimi-int-womens-g4,intimissimi,Intimissimi,INT,womens,XXXL,,hip,116,120
intimissimi-us-mens,intimissimi,Intimissimi,US,mens,30/31,S,waist,86,90
intimissimi-us-mens,intimissimi,Intimissimi,US,mens,30/31,S,hip,92,96
intimissimi-us-mens,intimissimi,Intimissimi,US,mens,32/33,M,waist,90,94
intimissimi-us-mens,intimissimi,Intimissimi,US,mens,32/33,M,hip,96,100
intimissimi-us-mens,intimissimi,Intimissimi,US,mens,34/35,L,waist,94,100
intimissimi-us-mens,intimissimi,Intimissimi,US,mens,34/35,L,hip,100,106
intimissimi-us-mens,intimissimi,Intimissimi,US,mens,36/37,XL,waist,100,106
intimissimi-us-mens,intimissimi,Intimissimi,US,mens,36/37,XL,hip,106,112
intimissimi-us-mens,intimissimi,Intimissimi,US,mens,38/39,XXL,waist,106,112
intimissimi-us-mens,intimissimi,Intimissimi,US,mens,38/39,XXL,hip,112,118
intimissimi-fr-mens,intimissimi,Intimissimi,FR,mens,42,S,waist,86,90
intimissimi-fr-mens,intimissimi,Intimissimi,FR,mens,42,S,hip,92,96
intimissimi-fr-mens,intimissimi,Intimissimi,FR,mens,44,M,waist,90,94
intimissimi-fr-mens,intimissimi,Intimissimi,FR,mens,44,M,hip,96,100
intimissimi-fr-mens,intimissimi,Intimissimi,FR,mens,46,L,waist,94,100
intimissimi-fr-mens,intimissimi,Intimissimi,FR,mens,46,L,hip,100,106
intimissimi-fr-mens,intimissimi,Intimissimi,FR,mens,48,XL,waist,100,106
intimissimi-fr-mens,intimissimi,Intimissimi,FR,mens,48,XL,hip,106,112
intimissimi-fr-mens,intimissimi,Intimissimi,FR,mens,50,XXL,waist,106,112
intimissimi-fr-mens,intimissimi,Intimissimi,FR,mens,50,XXL,hip,112,118
intimissimi-it-mens,intimissimi,Intimissimi,IT,mens,44/46,S,waist,86,90
intimissimi-it-mens,intimissimi,Intimissimi,IT,mens,44/46,S,hip,92,96
intimissimi-it-mens,intimissimi,Intimissimi,IT,mens,46/48,M,waist,90,94
intimissimi-it-mens,intimissimi,Intimissimi,IT,mens,46/48,M,hip,96,100
intimissimi-it-mens,intimissimi,Intimissimi,IT,mens,48/50,L,waist,94,100
intimissimi-it-mens,intimissimi,Intimissimi,IT,mens,48/50,L,hip,100,106
intimissimi-it-mens,intimissimi,Intimissimi,IT,mens,52/54,XL,waist,100,106
intimissimi-it-mens,intimissimi,Intimissimi,IT,mens,52/54,XL,hip,106,112
intimissimi-it-mens,intimissimi,Intimissimi,IT,mens,56/58,XXL,waist,106,112
intimissimi-it-mens,intimissimi,Intimissimi,IT,mens,56/58,XXL,hip,112,118
tezenis-int-womens,tezenis,Tezenis,INT,womens,XS,,bust,78,83
tezenis-int-womens,tezenis,Tezenis,INT,womens,XS,,waist,63,67
tezenis-int-womens,tezenis,Tezenis,INT,womens,XS,,hip,86,90
tezenis-int-womens,tezenis,Tezenis,INT,womens,S,,bust,84,88
tezenis-int-womens,tezenis,Tezenis,INT,womens,S,,waist,68,72
tezenis-int-womens,tezenis,Tezenis,INT,womens,S,,hip,91,95
tezenis-int-womens,tezenis,Tezenis,INT,womens,M,,bust,89,93
tezenis-int-womens,tezenis,Tezenis,INT,womens,M,,waist,73,77
tezenis-int-womens,tezenis,Tezenis,INT,womens,M,,hip,96,100
tezenis-int-womens,tezenis,Tezenis,INT,womens,L,,bust,94,98
tezenis-int-womens,tezenis,Tezenis,INT,womens,L,,waist,78,82
tezenis-int-womens,tezenis,Tezenis,INT,womens,L,,hip,101,105
tezenis-int-womens,tezenis,Tezenis,INT,womens,XL,,bust,104,108
tezenis-int-womens,tezenis,Tezenis,INT,womens,XL,,waist,83,87
tezenis-int-womens,tezenis,Tezenis,INT,womens,XL,,hip,106,110
liu-jo-int-mens-g0,liu-jo,Liu Jo,INT,mens,XS,,bust,86,90
liu-jo-int-mens-g0,liu-jo,Liu Jo,INT,mens,XS,,waist,67,77
liu-jo-int-mens-g0,liu-jo,Liu Jo,INT,mens,XS,,hip,88,92
liu-jo-int-mens-g0,liu-jo,Liu Jo,INT,mens,S,,bust,90,94
liu-jo-int-mens-g0,liu-jo,Liu Jo,INT,mens,S,,waist,77,84
liu-jo-int-mens-g0,liu-jo,Liu Jo,INT,mens,S,,hip,92,96
liu-jo-int-mens-g0,liu-jo,Liu Jo,INT,mens,M,,bust,94,98
liu-jo-int-mens-g0,liu-jo,Liu Jo,INT,mens,M,,waist,84,88
liu-jo-int-mens-g0,liu-jo,Liu Jo,INT,mens,M,,hip,96,100
liu-jo-int-mens-g0,liu-jo,Liu Jo,INT,mens,L,,bust,98,102
liu-jo-int-mens-g0,liu-jo,Liu Jo,INT,mens,L,,waist,88,92
liu-jo-int-mens-g0,liu-jo,Liu Jo,INT,mens,L,,hip,100,104
liu-jo-int-mens-g0,liu-jo,Liu Jo,INT,mens,XL,,bust,102,106
liu-jo-int-mens-g0,liu-jo,Liu Jo,INT,mens,XL,,waist,92,96
liu-jo-int-mens-g0,liu-jo,Liu Jo,INT,mens,XL,,hip,104,108
liu-jo-int-mens-g0,liu-jo,Liu Jo,INT,mens,XXL,,bust,106,110
liu-jo-int-mens-g0,liu-jo,Liu Jo,INT,mens,XXL,,waist,96,100
liu-jo-int-mens-g0,liu-jo,Liu Jo,INT,mens,XXL,,hip,108,112
liu-jo-int-mens-g0,liu-jo,Liu Jo,INT,mens,XXXL,,bust,110,114
liu-jo-int-mens-g0,liu-jo,Liu Jo,INT,mens,XXXL,,waist,100,104
liu-jo-int-mens-g0,liu-jo,Liu Jo,INT,mens,XXXL,,hip,112,116
liu-jo-int-womens-g2,liu-jo,Liu Jo,INT,womens,XS,,bust,78,82
liu-jo-int-womens-g2,liu-jo,Liu Jo,INT,womens,XS,,waist,58,62
liu-jo-int-womens-g2,liu-jo,Liu Jo,INT,womens,XS,,hip,84,88
liu-jo-int-womens-g2,liu-jo,Liu Jo,INT,womens,S,,bust,82,86
liu-jo-int-womens-g2,liu-jo,Liu Jo,INT,womens,S,,waist,62,66
liu-jo-int-womens-g2,liu-jo,Liu Jo,INT,womens,S,,hip,88,92
liu-jo-int-womens-g2,liu-jo,Liu Jo,INT,womens,M,,bust,86,90
liu-jo-int-womens-g2,liu-jo,Liu Jo,INT,womens,M,,waist,66,70
liu-jo-int-womens-g2,liu-jo,Liu Jo,INT,womens,M,,hip,92,96
liu-jo-int-womens-g2,liu-jo,Liu Jo,INT,womens,L,,bust,90,94
liu-jo-int-womens-g2,liu-jo,Liu Jo,INT,womens,L,,waist,70,74
liu-jo-int-womens-g2,liu-jo,Liu Jo,INT,womens,L,,hip,96,100
liu-jo-int-womens-g2,liu-jo,Liu Jo,INT,womens,XL,,bust,94,98
liu-jo-int-womens-g2,liu-jo,Liu Jo,INT,womens,XL,,waist,74,78
liu-jo-int-womens-g2,liu-jo,Liu Jo,INT,womens,XL,,hip,100,104
liu-jo-int-womens-g2,liu-jo,Liu Jo,INT,womens,XXL,,bust,98,102
liu-jo-int-womens-g2,liu-jo,Liu Jo,INT,womens,XXL,,waist,78,82
liu-jo-int-womens-g2,liu-jo,Liu Jo,INT,womens,XXL,,hip,104,108
liu-jo-it-mens-g1,liu-jo,Liu Jo,IT,mens,44,XS,bust,86,90
liu-jo-it-mens-g1,liu-jo,Liu Jo,IT,mens,44,XS,waist,67,77
liu-jo-it-mens-g1,liu-jo,Liu Jo,IT,mens,44,XS,hip,88,92
liu-jo-it-mens-g1,liu-jo,Liu Jo,IT,mens,46,S,bust,90,94
liu-jo-it-mens-g1,liu-jo,Liu Jo,IT,mens,46,S,waist,77,84
liu-jo-it-mens-g1,liu-jo,Liu Jo,IT,mens,46,S,hip,92,96
liu-jo-it-mens-g1,liu-jo,Liu Jo,IT,mens,48,M,bust,94,98
liu-jo-it-mens-g1,liu-jo,Liu Jo,IT,mens,48,M,waist,84,88
liu-jo-it-mens-g1,liu-jo,Liu Jo,IT,mens,48,M,hip,96,100
liu-jo-it-mens-g1,liu-jo,Liu Jo,IT,mens,50,L,bust,98,102
liu-jo-it-mens-g1,liu-jo,Liu Jo,IT,mens,50,L,waist,88,92
liu-jo-it-mens-g1,liu-jo,Liu Jo,IT,mens,50,L,hip,100,104
liu-jo-it-mens-g1,liu-jo,Liu Jo,IT,mens,52,XL,bust,102,106
liu-jo-it-mens-g1,liu-jo,Liu Jo,IT,mens,52,XL,waist,92,96
liu-jo-it-mens-g1,liu-jo,Liu Jo,IT,mens,52,XL,hip,104,108
liu-jo-it-mens-g1,liu-jo,Liu Jo,IT,mens,54,XXL,bust,106,110
liu-jo-it-mens-g1,liu-jo,Liu Jo,IT,mens,54,XXL,waist,96,100
liu-jo-it-mens-g1,liu-jo,Liu Jo,IT,mens,54,XXL,hip,108,112
liu-jo-it-mens-g1,liu-jo,Liu Jo,IT,mens,56,XXXL,bust,110,114
liu-jo-it-mens-g1,liu-jo,Liu Jo,IT,mens,56,XXXL,waist,100,104
liu-jo-it-mens-g1,liu-jo,Liu Jo,IT,mens,56,XXXL,hip,112,116
liu-jo-it-womens-g3,liu-jo,Liu Jo,IT,womens,38,XS,bust,78,82
liu-jo-it-womens-g3,liu-jo,Liu Jo,IT,womens,38,XS,waist,58,62
liu-jo-it-womens-g3,liu-jo,Liu Jo,IT,womens,38,XS,hip,84,88
liu-jo-it-womens-g3,liu-jo,Liu Jo,IT,womens,40,S,bust,82,86
liu-jo-it-womens-g3,liu-jo,Liu Jo,IT,womens,40,S,waist,62,66
liu-jo-it-womens-g3,liu-jo,Liu Jo,IT,womens,40,S,hip,88,92
liu-jo-it-womens-g3,liu-jo,Liu Jo,IT,womens,42,M,bust,86,90
liu-jo-it-womens-g3,liu-jo,Liu Jo,IT,womens,42,M,waist,66,70
liu-jo-it-womens-g3,liu-jo,Liu Jo,IT,womens,42,M,hip,92,96
liu-jo-it-womens-g3,liu-jo,Liu Jo,IT,womens,44,L,bust,90,94
liu-jo-it-womens-g3,liu-jo,Liu Jo,IT,womens,44,L,waist,70,74
liu-jo-it-womens-g3,liu-jo,Liu Jo,IT,womens,44,L,hip,96,100
liu-jo-it-womens-g3,liu-jo,Liu Jo,IT,womens,46,XL,bust,94,98
liu-jo-it-womens-g3,liu-jo,Liu Jo,IT,womens,46,XL,waist,74,78
liu-jo-it-womens-g3,liu-jo,Liu Jo,IT,womens,46,XL,hip,100,104
liu-jo-it-womens-g3,liu-jo,Liu Jo,IT,womens,48,XXL,bust,98,102
liu-jo-it-womens-g3,liu-jo,Liu Jo,IT,womens,48,XXL,waist,78,82
liu-jo-it-womens-g3,liu-jo,Liu Jo,IT,womens,48,XXL,hip,104,108
twinset-eu-womens,twinset,TWINSET,EU,womens,34,,bust,80,84
twinset-eu-womens,twinset,TWINSET,EU,womens,34,,waist,62.5,66.5
twinset-eu-womens,twinset,TWINSET,EU,womens,34,,hip,89,93
twinset-eu-womens,twinset,TWINSET,EU,womens,36,,bust,84,88
twinset-eu-womens,twinset,TWINSET,EU,womens,36,,waist,66.5,70.5
twinset-eu-womens,twinset,TWINSET,EU,womens,36,,hip,93,97
twinset-eu-womens,twinset,TWINSET,EU,womens,38,,bust,88,92
twinset-eu-womens,twinset,TWINSET,EU,womens,38,,waist,70.5,74.5
twinset-eu-womens,twinset,TWINSET,EU,womens,38,,hip,97,101
twinset-eu-womens,twinset,TWINSET,EU,womens,40,,bust,92,96
twinset-eu-womens,twinset,TWINSET,EU,womens,40,,waist,74.5,78.5
twinset-eu-womens,twinset,TWINSET,EU,womens,40,,hip,101,105
twinset-eu-womens,twinset,TWINSET,EU,womens,42,,bust,96,100
twinset-eu-womens,twinset,TWINSET,EU,womens,42,,waist,78.5,82.5
twinset-eu-womens,twinset,TWINSET,EU,womens,42,,hip,105,109
twinset-int-womens,twinset,TWINSET,INT,womens,XS,,bust,84,88
twinset-int-womens,twinset,TWINSET,INT,womens,XS,,waist,62,66
twinset-int-womens,twinset,TWINSET,INT,womens,XS,,hip,88,92
twinset-int-womens,twinset,TWINSET,INT,womens,S,,bust,88,92
twinset-int-womens,twinset,TWINSET,INT,womens,S,,waist,66,70
twinset-int-womens,twinset,TWINSET,INT,womens,S,,hip,92,96
twinset-int-womens,twinset,TWINSET,INT,womens,M,,bust,92,96
twinset-int-womens,twinset,TWINSET,INT,womens,M,,waist,70,74
twinset-int-womens,twinset,TWINSET,INT,womens,M,,hip,96,100
twinset-int-womens,twinset,TWINSET,INT,womens,L,,bust,96,100
twinset-int-womens,twinset,TWINSET,INT,womens,L,,waist,74,78
twinset-int-womens,twinset,TWINSET,INT,womens,L,,hip,100,104
twinset-int-womens,twinset,TWINSET,INT,womens,XL,,bust,100,104
twinset-int-womens,twinset,TWINSET,INT,womens,XL,,waist,78,82
twinset-int-womens,twinset,TWINSET,INT,womens,XL,,hip,104,108
twinset-uk-womens,twinset,TWINSET,UK,womens,8,,bust,80,84
twinset-uk-womens,twinset,TWINSET,UK,womens,8,,waist,62.5,66.5
twinset-uk-womens,twinset,TWINSET,UK,womens,8,,hip,89,93
twinset-uk-womens,twinset,TWINSET,UK,womens,10,,bust,84,88
twinset-uk-womens,twinset,TWINSET,UK,womens,10,,waist,66.5,70.5
twinset-uk-womens,twinset,TWINSET,UK,womens,10,,hip,93,97
twinset-uk-womens,twinset,TWINSET,UK,womens,12,,bust,88,92
twinset-uk-womens,twinset,TWINSET,UK,womens,12,,waist,70.5,74.5
twinset-uk-womens,twinset,TWINSET,UK,womens,12,,hip,97,101
twinset-uk-womens,twinset,TWINSET,UK,womens,14,,bust,92,96
twinset-uk-womens,twinset,TWINSET,UK,womens,14,,waist,74.5,78.5
twinset-uk-womens,twinset,TWINSET,UK,womens,14,,hip,101,105
twinset-uk-womens,twinset,TWINSET,UK,womens,16,,bust,96,100
twinset-uk-womens,twinset,TWINSET,UK,womens,16,,waist,78.5,82.5
twinset-uk-womens,twinset,TWINSET,UK,womens,16,,hip,105,109
twinset-fr-womens,twinset,TWINSET,FR,womens,36,,bust,80,84
twinset-fr-womens,twinset,TWINSET,FR,womens,36,,waist,62.5,66.5
twinset-fr-womens,twinset,TWINSET,FR,womens,36,,hip,89,93
twinset-fr-womens,twinset,TWINSET,FR,womens,38,,bust,84,88
twinset-fr-womens,twinset,TWINSET,FR,womens,38,,waist,66.5,70.5
twinset-fr-womens,twinset,TWINSET,FR,womens,38,,hip,93,97
twinset-fr-womens,twinset,TWINSET,FR,womens,40,,bust,88,92
twinset-fr-womens,twinset,TWINSET,FR,womens,40,,waist,70.5,74.5
twinset-fr-womens,twinset,TWINSET,FR,womens,40,,hip,97,101
twinset-fr-womens,twinset,TWINSET,FR,womens,42,,bust,92,96
twinset-fr-womens,twinset,TWINSET,FR,womens,42,,waist,74.5,78.5
twinset-fr-womens,twinset,TWINSET,FR,womens,42,,hip,101,105
twinset-fr-womens,twinset,TWINSET,FR,womens,44,,bust,96,100
twinset-fr-womens,twinset,TWINSET,FR,womens,44,,waist,78.5,82.5
twinset-fr-womens,twinset,TWINSET,FR,womens,44,,hip,105,109
max-mara-eu-womens,max-mara,Max Mara,EU,womens,32,,waist,62.3,64.8
max-mara-eu-womens,max-mara,Max Mara,EU,womens,34,,waist,64.8,67.3
max-mara-eu-womens,max-mara,Max Mara,EU,womens,36,,waist,67.3,69.9
max-mara-eu-womens,max-mara,Max Mara,EU,womens,38,,waist,69.9,72.4
max-mara-eu-womens,max-mara,Max Mara,EU,womens,40,,waist,72.4,75
max-mara-eu-womens,max-mara,Max Mara,EU,womens,42,,waist,75,77.5
max-mara-eu-womens,max-mara,Max Mara,EU,womens,44,,waist,77.5,80
max-mara-eu-womens,max-mara,Max Mara,EU,womens,46,,waist,80,82.6
max-mara-eu-womens,max-mara,Max Mara,EU,womens,48,,waist,82.6,85.1
max-mara-int-womens,max-mara,Max Mara,INT,womens,XS,,waist,62.3,64.8
max-mara-int-womens,max-mara,Max Mara,INT,womens,S,,waist,64.8,67.3
max-mara-int-womens,max-mara,Max Mara,INT,womens,S-M,,waist,67.3,69.9
max-mara-int-womens,max-mara,Max Mara,INT,womens,M,,waist,69.9,72.4
max-mara-int-womens,max-mara,Max Mara,INT,womens,M-L,,waist,72.4,75
max-mara-int-womens,max-mara,Max Mara,INT,womens,L,,waist,75,77.5
max-mara-int-womens,max-mara,Max Mara,INT,womens,L-XL,,waist,77.5,80
max-mara-int-womens,max-mara,Max Mara,INT,womens,XL,,waist,80,82.6
max-mara-int-womens,max-mara,Max Mara,INT,womens,XXL,,waist,82.6,85.1
max-mara-us-womens,max-mara,Max Mara,US,womens,2,,waist,62.3,64.8
max-mara-us-womens,max-mara,Max Mara,US,womens,4,,waist,64.8,67.3
max-mara-us-womens,max-mara,Max Mara,US,womens,6,,waist,67.3,69.9
max-mara-us-womens,max-mara,Max Mara,US,womens,8,,waist,69.9,72.4
max-mara-us-womens,max-mara,Max Mara,US,womens,10,,waist,72.4,75
max-mara-us-womens,max-mara,Max Mara,US,womens,12,,waist,75,77.5
max-mara-us-womens,max-mara,Max Mara,US,womens,14,,waist,77.5,80
max-mara-us-womens,max-mara,Max Mara,US,womens,16,,waist,80,82.6
max-mara-us-womens,max-mara,Max Mara,US,womens,18,,waist,82.6,85.1
max-mara-uk-womens,max-mara,Max Mara,UK,womens,4,,waist,62.3,64.8
max-mara-uk-womens,max-mara,Max Mara,UK,womens,6,,waist,64.8,67.3
max-mara-uk-womens,max-mara,Max Mara,UK,womens,8,,waist,67.3,69.9
max-mara-uk-womens,max-mara,Max Mara,UK,womens,10,,waist,69.9,72.4
max-mara-uk-womens,max-mara,Max Mara,UK,womens,12,,waist,72.4,75
max-mara-uk-womens,max-mara,Max Mara,UK,womens,14,,waist,75,77.5
max-mara-uk-womens,max-mara,Max Mara,UK,womens,16,,waist,77.5,80
max-mara-uk-womens,max-mara,Max Mara,UK,womens,18,,waist,80,82.6
max-mara-uk-womens,max-mara,Max Mara,UK,womens,20,,waist,82.6,85.1
max-mara-fr-womens,max-mara,Max Mara,FR,womens,34,,waist,62.3,64.8
max-mara-fr-womens,max-mara,Max Mara,FR,womens,36,,waist,64.8,67.3
max-mara-fr-womens,max-mara,Max Mara,FR,womens,38,,waist,67.3,69.9
max-mara-fr-womens,max-mara,Max Mara,FR,womens,40,,waist,69.9,72.4
max-mara-fr-womens,max-mara,Max Mara,FR,womens,42,,waist,72.4,75
max-mara-fr-womens,max-mara,Max Mara,FR,womens,44,,waist,75,77.5
max-mara-fr-womens,max-mara,Max Mara,FR,womens,46,,waist,77.5,80
max-mara-fr-womens,max-mara,Max Mara,FR,womens,48,,waist,80,82.6
max-mara-fr-womens,max-mara,Max Mara,FR,womens,50,,waist,82.6,85.1
max-mara-it-womens,max-mara,Max Mara,IT,womens,36,,waist,62.3,64.8
max-mara-it-womens,max-mara,Max Mara,IT,womens,38,,waist,64.8,67.3
max-mara-it-womens,max-mara,Max Mara,IT,womens,40,,waist,67.3,69.9
max-mara-it-womens,max-mara,Max Mara,IT,womens,42,,waist,69.9,72.4
max-mara-it-womens,max-mara,Max Mara,IT,womens,44,,waist,72.4,75
max-mara-it-womens,max-mara,Max Mara,IT,womens,46,,waist,75,77.5
max-mara-it-womens,max-mara,Max Mara,IT,womens,48,,waist,77.5,80
max-mara-it-womens,max-mara,Max Mara,IT,womens,50,,waist,80,82.6
max-mara-it-womens,max-mara,Max Mara,IT,womens,52,,waist,82.6,85.1
marella-int-womens,marella,Marella,INT,womens,XS,,bust,80,82
marella-int-womens,marella,Marella,INT,womens,XS,,waist,63,65
marella-int-womens,marella,Marella,INT,womens,XS,,hip,88,90
marella-int-womens,marella,Marella,INT,womens,S,,bust,83,84
marella-int-womens,marella,Marella,INT,womens,S,,waist,66,67
marella-int-womens,marella,Marella,INT,womens,S,,hip,91,92
marella-int-womens,marella,Marella,INT,womens,S-M,,bust,85,86
marella-int-womens,marella,Marella,INT,womens,S-M,,waist,68,69
marella-int-womens,marella,Marella,INT,womens,S-M,,hip,93,94
marella-int-womens,marella,Marella,INT,womens,M,,bust,87,90
marella-int-womens,marella,Marella,INT,womens,M,,waist,70,73
marella-int-womens,marella,Marella,INT,womens,M,,hip,95,98
marella-int-womens,marella,Marella,INT,womens,M-L,,bust,91,93
marella-int-womens,marella,Marella,INT,womens,M-L,,waist,74,76
marella-int-womens,marella,Marella,INT,womens,M-L,,hip,99,101
marella-int-womens,marella,Marella,INT,womens,L,,bust,94,97
marella-int-womens,marella,Marella,INT,womens,L,,waist,77,80
marella-int-womens,marella,Marella,INT,womens,L,,hip,102,105
marella-int-womens,marella,Marella,INT,womens,L-XL,,bust,98,100
marella-int-womens,marella,Marella,INT,womens,L-XL,,waist,81,83
marella-int-womens,marella,Marella,INT,womens,L-XL,,hip,106,108
marella-int-womens,marella,Marella,INT,womens,XL,,bust,101,104
marella-int-womens,marella,Marella,INT,womens,XL,,waist,84,87
marella-int-womens,marella,Marella,INT,womens,XL,,hip,109,112
marella-int-womens,marella,Marella,INT,womens,XXL,,bust,105,109
marella-int-womens,marella,Marella,INT,womens,XXL,,waist,88,92
marella-int-womens,marella,Marella,INT,womens,XXL,,hip,113,117
marella-us-womens,marella,Marella,US,womens,0,,bust,80,82
marella-us-womens,marella,Marella,US,womens,0,,waist,63,65
marella-us-womens,marella,Marella,US,womens,0,,hip,88,90
marella-us-womens,marella,Marella,US,womens,2,,bust,83,84
marella-us-womens,marella,Marella,US,womens,2,,waist,66,67
marella-us-womens,marella,Marella,US,womens,2,,hip,91,92
marella-us-womens,marella,Marella,US,womens,4,,bust,85,86
marella-us-womens,marella,Marella,US,womens,4,,waist,68,69
marella-us-womens,marella,Marella,US,womens,4,,hip,93,94
marella-us-womens,marella,Marella,US,womens,6,,bust,87,90
marella-us-womens,marella,Marella,US,womens,6,,waist,70,73
marella-us-womens,marella,Marella,US,womens,6,,hip,95,98
marella-us-womens,marella,Marella,US,womens,8,,bust,91,93
marella-us-womens,marella,Marella,US,womens,8,,waist,74,76
marella-us-womens,marella,Marella,US,womens,8,,hip,99,101
marella-us-womens,marella,Marella,US,womens,10,,bust,94,97
marella-us-womens,marella,Marella,US,womens,10,,waist,77,80
marella-us-womens,marella,Marella,US,womens,10,,hip,102,105
marella-us-womens,marella,Marella,US,womens,12,,bust,98,100
marella-us-womens,marella,Marella,US,womens,12,,waist,81,83
marella-us-womens,marella,Marella,US,womens,12,,hip,106,108
marella-us-womens,marella,Marella,US,womens,14,,bust,101,104
marella-us-womens,marella,Marella,US,womens,14,,waist,84,87
marella-us-womens,marella,Marella,US,womens,14,,hip,109,112
marella-us-womens,marella,Marella,US,womens,16,,bust,105,109
marella-us-womens,marella,Marella,US,womens,16,,waist,88,92
marella-us-womens,marella,Marella,US,womens,16,,hip,113,117
marella-uk-womens,marella,Marella,UK,womens,4,,bust,80,82
marella-uk-womens,marella,Marella,UK,womens,4,,waist,63,65
marella-uk-womens,marella,Marella,UK,womens,4,,hip,88,90
marella-uk-womens,marella,Marella,UK,womens,6,,bust,83,84
marella-uk-womens,marella,Marella,UK,womens,6,,waist,66,67
marella-uk-womens,marella,Marella,UK,womens,6,,hip,91,92
marella-uk-womens,marella,Marella,UK,womens,8,,bust,85,86
marella-uk-womens,marella,Marella,UK,womens,8,,waist,68,69
marella-uk-womens,marella,Marella,UK,womens,8,,hip,93,94
marella-uk-womens,marella,Marella,UK,womens,10,,bust,87,90
marella-uk-womens,marella,Marella,UK,womens,10,,waist,70,73
marella-uk-womens,marella,Marella,UK,womens,10,,hip,95,98
marella-uk-womens,marella,Marella,UK,womens,12,,bust,91,93
marella-uk-womens,marella,Marella,UK,womens,12,,waist,74,76
marella-uk-womens,marella,Marella,UK,womens,12,,hip,99,101
marella-uk-womens,marella,Marella,UK,womens,14,,bust,94,97
marella-uk-womens,marella,Marella,UK,womens,14,,waist,77,80
marella-uk-womens,marella,Marella,UK,womens,14,,hip,102,105
marella-uk-womens,marella,Marella,UK,womens,16,,bust,98,100
marella-uk-womens,marella,Marella,UK,womens,16,,waist,81,83
marella-uk-womens,marella,Marella,UK,womens,16,,hip,106,108
marella-uk-womens,marella,Marella,UK,womens,18,,bust,101,104
marella-uk-womens,marella,Marella,UK,womens,18,,waist,84,87
marella-uk-womens,marella,Marella,UK,womens,18,,hip,109,112
marella-uk-womens,marella,Marella,UK,womens,20,,bust,105,109
marella-uk-womens,marella,Marella,UK,womens,20,,waist,88,92
marella-uk-womens,marella,Marella,UK,womens,20,,hip,113,117
marella-it-womens,marella,Marella,IT,womens,36,,bust,80,82
marella-it-womens,marella,Marella,IT,womens,36,,waist,63,65
marella-it-womens,marella,Marella,IT,womens,36,,hip,88,90
marella-it-womens,marella,Marella,IT,womens,38,,bust,83,84
marella-it-womens,marella,Marella,IT,womens,38,,waist,66,67
marella-it-womens,marella,Marella,IT,womens,38,,hip,91,92
marella-it-womens,marella,Marella,IT,womens,40,,bust,85,86
marella-it-womens,marella,Marella,IT,womens,40,,waist,68,69
marella-it-womens,marella,Marella,IT,womens,40,,hip,93,94
marella-it-womens,marella,Marella,IT,womens,42,,bust,87,90
marella-it-womens,marella,Marella,IT,womens,42,,waist,70,73
marella-it-womens,marella,Marella,IT,womens,42,,hip,95,98
marella-it-womens,marella,Marella,IT,womens,44,,bust,91,93
marella-it-womens,marella,Marella,IT,womens,44,,waist,74,76
marella-it-womens,marella,Marella,IT,womens,44,,hip,99,101
marella-it-womens,marella,Marella,IT,womens,46,,bust,94,97
marella-it-womens,marella,Marella,IT,womens,46,,waist,77,80
marella-it-womens,marella,Marella,IT,womens,46,,hip,102,105
marella-it-womens,marella,Marella,IT,womens,48,,bust,98,100
marella-it-womens,marella,Marella,IT,womens,48,,waist,81,83
marella-it-womens,marella,Marella,IT,womens,48,,hip,106,108
marella-it-womens,marella,Marella,IT,womens,50,,bust,101,104
marella-it-womens,marella,Marella,IT,womens,50,,waist,84,87
marella-it-womens,marella,Marella,IT,womens,50,,hip,109,112
marella-it-womens,marella,Marella,IT,womens,52,,bust,105,109
marella-it-womens,marella,Marella,IT,womens,52,,waist,88,92
marella-it-womens,marella,Marella,IT,womens,52,,hip,113,117
diesel-uk-mens,diesel,Diesel,UK,mens,26,,waist,75,77
diesel-uk-mens,diesel,Diesel,UK,mens,26,,hip,84,86
diesel-uk-mens,diesel,Diesel,UK,mens,27,,waist,78,79
diesel-uk-mens,diesel,Diesel,UK,mens,27,,hip,87,88
diesel-uk-mens,diesel,Diesel,UK,mens,28,,waist,80,82
diesel-uk-mens,diesel,Diesel,UK,mens,28,,hip,89,91
diesel-uk-mens,diesel,Diesel,UK,mens,29,,waist,83,84
diesel-uk-mens,diesel,Diesel,UK,mens,29,,hip,92,93
diesel-uk-mens,diesel,Diesel,UK,mens,30,,waist,85,86
diesel-uk-mens,diesel,Diesel,UK,mens,30,,hip,94,95
diesel-uk-mens,diesel,Diesel,UK,mens,31,,waist,87,89
diesel-uk-mens,diesel,Diesel,UK,mens,31,,hip,96,98
diesel-uk-mens,diesel,Diesel,UK,mens,32,,waist,90,91
diesel-uk-mens,diesel,Diesel,UK,mens,32,,hip,99,100
ovs-it-womens-g0,ovs,OVS,IT,womens,38,,bust,81,85
ovs-it-womens-g0,ovs,OVS,IT,womens,38,,waist,61,65
ovs-it-womens-g0,ovs,OVS,IT,womens,38,,hip,87,91
ovs-it-womens-g0,ovs,OVS,IT,womens,40,,bust,85,89
ovs-it-womens-g0,ovs,OVS,IT,womens,40,,waist,65,69
ovs-it-womens-g0,ovs,OVS,IT,womens,40,,hip,91,95
ovs-it-womens-g0,ovs,OVS,IT,womens,42,,bust,89,93
ovs-it-womens-g0,ovs,OVS,IT,womens,42,,waist,69,73
ovs-it-womens-g0,ovs,OVS,IT,womens,42,,hip,95,99
ovs-it-womens-g0,ovs,OVS,IT,womens,44,,bust,93,97
ovs-it-womens-g0,ovs,OVS,IT,womens,44,,waist,73,77
ovs-it-womens-g0,ovs,OVS,IT,womens,44,,hip,99,103
ovs-it-womens-g0,ovs,OVS,IT,womens,46,,bust,97,101
ovs-it-womens-g0,ovs,OVS,IT,womens,46,,waist,77,81
ovs-it-womens-g0,ovs,OVS,IT,womens,46,,hip,103,107
ovs-it-womens-g0,ovs,OVS,IT,womens,48,,bust,101,105
ovs-it-womens-g0,ovs,OVS,IT,womens,48,,waist,81,85
ovs-it-womens-g0,ovs,OVS,IT,womens,48,,hip,107,111
ovs-it-womens-g0,ovs,OVS,IT,womens,50,,bust,105,109
ovs-it-womens-g0,ovs,OVS,IT,womens,50,,waist,85,89
ovs-it-womens-g0,ovs,OVS,IT,womens,50,,hip,111,115
ovs-it-womens-g0,ovs,OVS,IT,womens,52,,bust,109,113
ovs-it-womens-g0,ovs,OVS,IT,womens,52,,waist,89,93
ovs-it-womens-g0,ovs,OVS,IT,womens,52,,hip,115,119
ovs-eu-womens-g1,ovs,OVS,EU,womens,34,,bust,81,85
ovs-eu-womens-g1,ovs,OVS,EU,womens,34,,waist,61,65
ovs-eu-womens-g1,ovs,OVS,EU,womens,34,,hip,87,91
ovs-eu-womens-g1,ovs,OVS,EU,womens,36,,bust,85,89
ovs-eu-womens-g1,ovs,OVS,EU,womens,36,,waist,65,69
ovs-eu-womens-g1,ovs,OVS,EU,womens,36,,hip,91,95
ovs-eu-womens-g1,ovs,OVS,EU,womens,38,,bust,89,93
ovs-eu-womens-g1,ovs,OVS,EU,womens,38,,waist,69,73
ovs-eu-womens-g1,ovs,OVS,EU,womens,38,,hip,95,99
ovs-eu-womens-g1,ovs,OVS,EU,womens,40,,bust,93,97
ovs-eu-womens-g1,ovs,OVS,EU,womens,40,,waist,73,77
ovs-eu-womens-g1,ovs,OVS,EU,womens,40,,hip,99,103
ovs-eu-womens-g1,ovs,OVS,EU,womens,42,,bust,97,101
ovs-eu-womens-g1,ovs,OVS,EU,womens,42,,waist,77,81
ovs-eu-womens-g1,ovs,OVS,EU,womens,42,,hip,103,107
ovs-eu-womens-g1,ovs,OVS,EU,womens,44,,bust,101,105
ovs-eu-womens-g1,ovs,OVS,EU,womens,44,,waist,81,85
ovs-eu-womens-g1,ovs,OVS,EU,womens,44,,hip,107,111
ovs-eu-womens-g1,ovs,OVS,EU,womens,46,,bust,105,109
ovs-eu-womens-g1,ovs,OVS,EU,womens,46,,waist,85,89
ovs-eu-womens-g1,ovs,OVS,EU,womens,46,,hip,111,115
ovs-eu-womens-g1,ovs,OVS,EU,womens,48,,bust,109,113
ovs-eu-womens-g1,ovs,OVS,EU,womens,48,,waist,89,93
ovs-eu-womens-g1,ovs,OVS,EU,womens,48,,hip,115,119
ovs-int-womens-g2,ovs,OVS,INT,womens,XS,,bust,81.5,86.5
ovs-int-womens-g2,ovs,OVS,INT,womens,XS,,waist,61.5,66.5
ovs-int-womens-g2,ovs,OVS,INT,womens,XS,,hip,87.5,92.5
ovs-int-womens-g2,ovs,OVS,INT,womens,S,,bust,86.5,92
ovs-int-womens-g2,ovs,OVS,INT,womens,S,,waist,66.5,72
ovs-int-womens-g2,ovs,OVS,INT,womens,S,,hip,92.5,98
ovs-int-womens-g2,ovs,OVS,INT,womens,M,,bust,92,98
ovs-int-womens-g2,ovs,OVS,INT,womens,M,,waist,72,78
ovs-int-womens-g2,ovs,OVS,INT,womens,M,,hip,98,104
ovs-int-womens-g2,ovs,OVS,INT,womens,L,,bust,98,104
ovs-int-womens-g2,ovs,OVS,INT,womens,L,,waist,78,84
ovs-int-womens-g2,ovs,OVS,INT,womens,L,,hip,104,110
ovs-int-womens-g2,ovs,OVS,INT,womens,XL,,bust,104,110
ovs-int-womens-g2,ovs,OVS,INT,womens,XL,,waist,84,90
ovs-int-womens-g2,ovs,OVS,INT,womens,XL,,hip,110,116
ovs-int-womens-g2,ovs,OVS,INT,womens,XXL,,bust,110,116.5
ovs-int-womens-g2,ovs,OVS,INT,womens,XXL,,waist,90,96.5
ovs-int-womens-g2,ovs,OVS,INT,womens,XXL,,hip,116,122.5
ovs-int-womens-g2,ovs,OVS,INT,womens,XXXL,,bust,116.5,123.5
ovs-int-womens-g2,ovs,OVS,INT,womens,XXXL,,waist,96.5,103.5
ovs-int-womens-g2,ovs,OVS,INT,womens,XXXL,,hip,122.5,129.5
esprit-eu-womens-g0,esprit,Esprit,EU,womens,32,,bust,78,82
esprit-eu-womens-g0,esprit,Esprit,EU,womens,32,,waist,61.3,64.8
esprit-eu-womens-g0,esprit,Esprit,EU,womens,32,,hip,84,88
esprit-eu-womens-g0,esprit,Esprit,EU,womens,34,,bust,82,86
esprit-eu-womens-g0,esprit,Esprit,EU,womens,34,,waist,64.8,68.3
esprit-eu-womens-g0,esprit,Esprit,EU,womens,34,,hip,88,92
esprit-eu-womens-g0,esprit,Esprit,EU,womens,36,,bust,86,90
esprit-eu-womens-g0,esprit,Esprit,EU,womens,36,,waist,68.3,72
esprit-eu-womens-g0,esprit,Esprit,EU,womens,36,,hip,92,96
esprit-eu-womens-g0,esprit,Esprit,EU,womens,38,,bust,90,94
esprit-eu-womens-g0,esprit,Esprit,EU,womens,38,,waist,72,76
esprit-eu-womens-g0,esprit,Esprit,EU,womens,38,,hip,96,100
esprit-eu-womens-g0,esprit,Esprit,EU,womens,40,,bust,94,98.5
esprit-eu-womens-g0,esprit,Esprit,EU,womens,40,,waist,76,80.5
esprit-eu-womens-g0,esprit,Esprit,EU,womens,40,,hip,100,104
esprit-eu-womens-g0,esprit,Esprit,EU,womens,42,,bust,98.5,103.5
esprit-eu-womens-g0,esprit,Esprit,EU,womens,42,,waist,80.5,85.8
esprit-eu-womens-g0,esprit,Esprit,EU,womens,42,,hip,104,108.5
esprit-eu-womens-g0,esprit,Esprit,EU,womens,44,,bust,103.5,109
esprit-eu-womens-g0,esprit,Esprit,EU,womens,44,,waist,85.8,91.5
esprit-eu-womens-g0,esprit,Esprit,EU,womens,44,,hip,108.5,113.5
esprit-eu-womens-g0,esprit,Esprit,EU,womens,46,,bust,109,115
esprit-eu-womens-g0,esprit,Esprit,EU,womens,46,,waist,91.5,97.5
esprit-eu-womens-g0,esprit,Esprit,EU,womens,46,,hip,113.5,118.5
esprit-eu-womens-g2,esprit,Esprit,EU,womens,32,,waist,61.3,64.8
esprit-eu-womens-g2,esprit,Esprit,EU,womens,32,,hip,84,88
esprit-eu-womens-g2,esprit,Esprit,EU,womens,34,,waist,64.8,68.3
esprit-eu-womens-g2,esprit,Esprit,EU,womens,34,,hip,88,92
esprit-eu-womens-g2,esprit,Esprit,EU,womens,36,,waist,68.3,72
esprit-eu-womens-g2,esprit,Esprit,EU,womens,36,,hip,92,96
esprit-eu-womens-g2,esprit,Esprit,EU,womens,38,,waist,72,76
esprit-eu-womens-g2,esprit,Esprit,EU,womens,38,,hip,96,100
esprit-eu-womens-g2,esprit,Esprit,EU,womens,40,,waist,76,80.5
esprit-eu-womens-g2,esprit,Esprit,EU,womens,40,,hip,100,104
esprit-eu-womens-g2,esprit,Esprit,EU,womens,42,,waist,80.5,85.8
esprit-eu-womens-g2,esprit,Esprit,EU,womens,42,,hip,104,108.5
esprit-eu-womens-g2,esprit,Esprit,EU,womens,44,,waist,85.8,91.5
esprit-eu-womens-g2,esprit,Esprit,EU,womens,44,,hip,108.5,113.5
esprit-eu-womens-g2,esprit,Esprit,EU,womens,46,,waist,91.5,97.5
esprit-eu-womens-g2,esprit,Esprit,EU,womens,46,,hip,113.5,118.5
esprit-int-womens-g1,esprit,Esprit,INT,womens,XXS,,bust,78,82
esprit-int-womens-g1,esprit,Esprit,INT,womens,XXS,,waist,61.3,64.8
esprit-int-womens-g1,esprit,Esprit,INT,womens,XXS,,hip,84,88
esprit-int-womens-g1,esprit,Esprit,INT,womens,XS,,bust,82,86
esprit-int-womens-g1,esprit,Esprit,INT,womens,XS,,waist,64.8,68.3
esprit-int-womens-g1,esprit,Esprit,INT,womens,XS,,hip,88,92
esprit-int-womens-g1,esprit,Esprit,INT,womens,S,,bust,86,90
esprit-int-womens-g1,esprit,Esprit,INT,womens,S,,waist,68.3,72
esprit-int-womens-g1,esprit,Esprit,INT,womens,S,,hip,92,96
esprit-int-womens-g1,esprit,Esprit,INT,womens,M,,bust,90,94
esprit-int-womens-g1,esprit,Esprit,INT,womens,M,,waist,72,76
esprit-int-womens-g1,esprit,Esprit,INT,womens,M,,hip,96,100
esprit-int-womens-g1,esprit,Esprit,INT,womens,L,,bust,94,98.5
esprit-int-womens-g1,esprit,Esprit,INT,womens,L,,waist,76,80.5
esprit-int-womens-g1,esprit,Esprit,INT,womens,L,,hip,100,104
esprit-int-womens-g1,esprit,Esprit,INT,womens,XL,,bust,98.5,103.5
esprit-int-womens-g1,esprit,Esprit,INT,womens,XL,,waist,80.5,85.8
esprit-int-womens-g1,esprit,Esprit,INT,womens,XL,,hip,104,108.5
esprit-int-womens-g1,esprit,Esprit,INT,womens,XXL,,bust,103.5,109
esprit-int-womens-g1,esprit,Esprit,INT,womens,XXL,,waist,85.8,91.5
esprit-int-womens-g1,esprit,Esprit,INT,womens,XXL,,hip,108.5,113.5
esprit-int-womens-g1,esprit,Esprit,INT,womens,3XL,,bust,109,115
esprit-int-womens-g1,esprit,Esprit,INT,womens,3XL,,waist,91.5,97.5
esprit-int-womens-g1,esprit,Esprit,INT,womens,3XL,,hip,113.5,118.5
esprit-int-womens-g3,esprit,Esprit,INT,womens,XXS,,waist,61.3,64.8
esprit-int-womens-g3,esprit,Esprit,INT,womens,XXS,,hip,84,88
esprit-int-womens-g3,esprit,Esprit,INT,womens,XS,,waist,64.8,68.3
esprit-int-womens-g3,esprit,Esprit,INT,womens,XS,,hip,88,92
esprit-int-womens-g3,esprit,Esprit,INT,womens,S,,waist,68.3,72
esprit-int-womens-g3,esprit,Esprit,INT,womens,S,,hip,92,96
esprit-int-womens-g3,esprit,Esprit,INT,womens,M,,waist,72,76
esprit-int-womens-g3,esprit,Esprit,INT,womens,M,,hip,96,100
esprit-int-womens-g3,esprit,Esprit,INT,womens,L,,waist,76,80.5
esprit-int-womens-g3,esprit,Esprit,INT,womens,L,,hip,100,104
esprit-int-womens-g3,esprit,Esprit,INT,womens,XL,,waist,80.5,85.8
esprit-int-womens-g3,esprit,Esprit,INT,womens,XL,,hip,104,108.5
esprit-int-womens-g3,esprit,Esprit,INT,womens,XXL,,waist,85.8,91.5
esprit-int-womens-g3,esprit,Esprit,INT,womens,XXL,,hip,108.5,113.5
esprit-int-womens-g3,esprit,Esprit,INT,womens,3XL,,waist,91.5,97.5
esprit-int-womens-g3,esprit,Esprit,INT,womens,3XL,,hip,113.5,118.5
s-oliver-eu-womens,s-oliver,s.Oliver,EU,womens,32,,bust,78,82
s-oliver-eu-womens,s-oliver,s.Oliver,EU,womens,32,,waist,59,63
s-oliver-eu-womens,s-oliver,s.Oliver,EU,womens,32,,hip,85,89
s-oliver-eu-womens,s-oliver,s.Oliver,EU,womens,34,,bust,82,86
s-oliver-eu-womens,s-oliver,s.Oliver,EU,womens,34,,waist,63,67
s-oliver-eu-womens,s-oliver,s.Oliver,EU,womens,34,,hip,89,93
s-oliver-eu-womens,s-oliver,s.Oliver,EU,womens,36,,bust,86,90
s-oliver-eu-womens,s-oliver,s.Oliver,EU,womens,36,,waist,67,71
s-oliver-eu-womens,s-oliver,s.Oliver,EU,womens,36,,hip,93,97
s-oliver-eu-womens,s-oliver,s.Oliver,EU,womens,38,,bust,90,94
s-oliver-eu-womens,s-oliver,s.Oliver,EU,womens,38,,waist,71,75
s-oliver-eu-womens,s-oliver,s.Oliver,EU,womens,38,,hip,97,101
s-oliver-eu-womens,s-oliver,s.Oliver,EU,womens,40,,bust,94,98.5
s-oliver-eu-womens,s-oliver,s.Oliver,EU,womens,40,,waist,75,79.5
s-oliver-eu-womens,s-oliver,s.Oliver,EU,womens,40,,hip,101,105.5
s-oliver-eu-womens,s-oliver,s.Oliver,EU,womens,42,,bust,98.5,103.5
s-oliver-eu-womens,s-oliver,s.Oliver,EU,womens,42,,waist,79.5,84.5
s-oliver-eu-womens,s-oliver,s.Oliver,EU,womens,42,,hip,105.5,110.5
s-oliver-eu-womens,s-oliver,s.Oliver,EU,womens,44,,bust,103.5,108.5
s-oliver-eu-womens,s-oliver,s.Oliver,EU,womens,44,,waist,84.5,89.5
s-oliver-eu-womens,s-oliver,s.Oliver,EU,womens,44,,hip,110.5,115.5
s-oliver-eu-womens,s-oliver,s.Oliver,EU,womens,46,,bust,108.5,113.5
s-oliver-eu-womens,s-oliver,s.Oliver,EU,womens,46,,waist,89.5,94.5
s-oliver-eu-womens,s-oliver,s.Oliver,EU,womens,46,,hip,115.5,120.5
s-oliver-eu-womens,s-oliver,s.Oliver,EU,womens,48,,bust,113.5,118.5
s-oliver-eu-womens,s-oliver,s.Oliver,EU,womens,48,,waist,94.5,99.5
s-oliver-eu-womens,s-oliver,s.Oliver,EU,womens,48,,hip,120.5,125.5
s-oliver-int-womens,s-oliver,s.Oliver,INT,womens,XXS,,bust,78,82
s-oliver-int-womens,s-oliver,s.Oliver,INT,womens,XXS,,waist,59,63
s-oliver-int-womens,s-oliver,s.Oliver,INT,womens,XXS,,hip,85,89
s-oliver-int-womens,s-oliver,s.Oliver,INT,womens,XS,,bust,82,86
s-oliver-int-womens,s-oliver,s.Oliver,INT,womens,XS,,waist,63,67
s-oliver-int-womens,s-oliver,s.Oliver,INT,womens,XS,,hip,89,93
s-oliver-int-womens,s-oliver,s.Oliver,INT,womens,S,,bust,86,90
s-oliver-int-womens,s-oliver,s.Oliver,INT,womens,S,,waist,67,71
s-oliver-int-womens,s-oliver,s.Oliver,INT,womens,S,,hip,93,97
s-oliver-int-womens,s-oliver,s.Oliver,INT,womens,M,,bust,90,94
s-oliver-int-womens,s-oliver,s.Oliver,INT,womens,M,,waist,71,75
s-oliver-int-womens,s-oliver,s.Oliver,INT,womens,M,,hip,97,101
s-oliver-int-womens,s-oliver,s.Oliver,INT,womens,L,,bust,94,98.5
s-oliver-int-womens,s-oliver,s.Oliver,INT,womens,L,,waist,75,79.5
s-oliver-int-womens,s-oliver,s.Oliver,INT,womens,L,,hip,101,105.5
s-oliver-int-womens,s-oliver,s.Oliver,INT,womens,XL,,bust,98.5,103.5
s-oliver-int-womens,s-oliver,s.Oliver,INT,womens,XL,,waist,79.5,84.5
s-oliver-int-womens,s-oliver,s.Oliver,INT,womens,XL,,hip,105.5,110.5
s-oliver-int-womens,s-oliver,s.Oliver,INT,womens,XXL,,bust,103.5,108.5
s-oliver-int-womens,s-oliver,s.Oliver,INT,womens,XXL,,waist,84.5,89.5
s-oliver-int-womens,s-oliver,s.Oliver,INT,womens,XXL,,hip,110.5,115.5
s-oliver-int-womens,s-oliver,s.Oliver,INT,womens,XXXL,,bust,108.5,113.5
s-oliver-int-womens,s-oliver,s.Oliver,INT,womens,XXXL,,waist,89.5,94.5
s-oliver-int-womens,s-oliver,s.Oliver,INT,womens,XXXL,,hip,115.5,120.5
s-oliver-int-womens,s-oliver,s.Oliver,INT,womens,4XL,,bust,113.5,118.5
s-oliver-int-womens,s-oliver,s.Oliver,INT,womens,4XL,,waist,94.5,99.5
s-oliver-int-womens,s-oliver,s.Oliver,INT,womens,4XL,,hip,120.5,125.5
tom-tailor-eu-womens-g0,tom-tailor,Tom Tailor,EU,womens,32,,bust,76,79
tom-tailor-eu-womens-g0,tom-tailor,Tom Tailor,EU,womens,32,,waist,58,61
tom-tailor-eu-womens-g0,tom-tailor,Tom Tailor,EU,womens,32,,hip,84,87
tom-tailor-eu-womens-g0,tom-tailor,Tom Tailor,EU,womens,34,,bust,80,83
tom-tailor-eu-womens-g0,tom-tailor,Tom Tailor,EU,womens,34,,waist,62,65
tom-tailor-eu-womens-g0,tom-tailor,Tom Tailor,EU,womens,34,,hip,88,91
tom-tailor-eu-womens-g0,tom-tailor,Tom Tailor,EU,womens,36,,bust,84,87
tom-tailor-eu-womens-g0,tom-tailor,Tom Tailor,EU,womens,36,,waist,66,69
tom-tailor-eu-womens-g0,tom-tailor,Tom Tailor,EU,womens,36,,hip,92,95
tom-tailor-eu-womens-g0,tom-tailor,Tom Tailor,EU,womens,38,,bust,88,91
tom-tailor-eu-womens-g0,tom-tailor,Tom Tailor,EU,womens,38,,waist,70,73
tom-tailor-eu-womens-g0,tom-tailor,Tom Tailor,EU,womens,38,,hip,96,99
tom-tailor-eu-womens-g0,tom-tailor,Tom Tailor,EU,womens,40,,bust,92,95
tom-tailor-eu-womens-g0,tom-tailor,Tom Tailor,EU,womens,40,,waist,74,77
tom-tailor-eu-womens-g0,tom-tailor,Tom Tailor,EU,womens,40,,hip,100,103
tom-tailor-eu-womens-g0,tom-tailor,Tom Tailor,EU,womens,42,,bust,96,100
tom-tailor-eu-womens-g0,tom-tailor,Tom Tailor,EU,womens,42,,waist,78,82
tom-tailor-eu-womens-g0,tom-tailor,Tom Tailor,EU,womens,42,,hip,104,108
tom-tailor-eu-womens-g0,tom-tailor,Tom Tailor,EU,womens,44,,bust,101,105
tom-tailor-eu-womens-g0,tom-tailor,Tom Tailor,EU,womens,44,,waist,83,87
tom-tailor-eu-womens-g0,tom-tailor,Tom Tailor,EU,womens,44,,hip,109,113
tom-tailor-eu-womens-g0,tom-tailor,Tom Tailor,EU,womens,46,,bust,106,111
tom-tailor-eu-womens-g0,tom-tailor,Tom Tailor,EU,womens,46,,waist,88,93
tom-tailor-eu-womens-g0,tom-tailor,Tom Tailor,EU,womens,46,,hip,114,119
tom-tailor-eu-mens-g4,tom-tailor,Tom Tailor,EU,mens,44,,bust,86,89
tom-tailor-eu-mens-g4,tom-tailor,Tom Tailor,EU,mens,44,,waist,74,77
tom-tailor-eu-mens-g4,tom-tailor,Tom Tailor,EU,mens,44,,hip,90,93
tom-tailor-eu-mens-g4,tom-tailor,Tom Tailor,EU,mens,46,,bust,90,93
tom-tailor-eu-mens-g4,tom-tailor,Tom Tailor,EU,mens,46,,waist,78,81
tom-tailor-eu-mens-g4,tom-tailor,Tom Tailor,EU,mens,46,,hip,94,97
tom-tailor-eu-mens-g4,tom-tailor,Tom Tailor,EU,mens,48,,bust,94,97
tom-tailor-eu-mens-g4,tom-tailor,Tom Tailor,EU,mens,48,,waist,82,85
tom-tailor-eu-mens-g4,tom-tailor,Tom Tailor,EU,mens,48,,hip,98,101
tom-tailor-eu-mens-g4,tom-tailor,Tom Tailor,EU,mens,50,,bust,98,101
tom-tailor-eu-mens-g4,tom-tailor,Tom Tailor,EU,mens,50,,waist,86,89
tom-tailor-eu-mens-g4,tom-tailor,Tom Tailor,EU,mens,50,,hip,102,105
tom-tailor-eu-mens-g4,tom-tailor,Tom Tailor,EU,mens,52,,bust,102,105
tom-tailor-eu-mens-g4,tom-tailor,Tom Tailor,EU,mens,52,,waist,90,93
tom-tailor-eu-mens-g4,tom-tailor,Tom Tailor,EU,mens,52,,hip,106,109
tom-tailor-eu-mens-g4,tom-tailor,Tom Tailor,EU,mens,54,,bust,106,109
tom-tailor-eu-mens-g4,tom-tailor,Tom Tailor,EU,mens,54,,waist,94,97
tom-tailor-eu-mens-g4,tom-tailor,Tom Tailor,EU,mens,54,,hip,110,113
tom-tailor-eu-mens-g4,tom-tailor,Tom Tailor,EU,mens,56,,bust,110,113
tom-tailor-eu-mens-g4,tom-tailor,Tom Tailor,EU,mens,56,,waist,98,101
tom-tailor-eu-mens-g4,tom-tailor,Tom Tailor,EU,mens,56,,hip,114,117
tom-tailor-eu-mens-g4,tom-tailor,Tom Tailor,EU,mens,58,,bust,114,117
tom-tailor-eu-mens-g4,tom-tailor,Tom Tailor,EU,mens,58,,waist,102,105
tom-tailor-eu-mens-g4,tom-tailor,Tom Tailor,EU,mens,58,,hip,118,121
tom-tailor-eu-mens-g5,tom-tailor,Tom Tailor,EU,mens,44,,waist,74,77
tom-tailor-eu-mens-g5,tom-tailor,Tom Tailor,EU,mens,44,,hip,90,93
tom-tailor-eu-mens-g5,tom-tailor,Tom Tailor,EU,mens,46,,waist,78,81
tom-tailor-eu-mens-g5,tom-tailor,Tom Tailor,EU,mens,46,,hip,94,97
tom-tailor-eu-mens-g5,tom-tailor,Tom Tailor,EU,mens,48,,waist,82,85
tom-tailor-eu-mens-g5,tom-tailor,Tom Tailor,EU,mens,48,,hip,98,101
tom-tailor-eu-mens-g5,tom-tailor,Tom Tailor,EU,mens,50,,waist,86,89
tom-tailor-eu-mens-g5,tom-tailor,Tom Tailor,EU,mens,50,,hip,102,105
tom-tailor-eu-mens-g5,tom-tailor,Tom Tailor,EU,mens,52,,waist,90,93
tom-tailor-eu-mens-g5,tom-tailor,Tom Tailor,EU,mens,52,,hip,106,109
tom-tailor-eu-mens-g5,tom-tailor,Tom Tailor,EU,mens,54,,waist,94,97
tom-tailor-eu-mens-g5,tom-tailor,Tom Tailor,EU,mens,54,,hip,110,113
tom-tailor-eu-mens-g5,tom-tailor,Tom Tailor,EU,mens,56,,waist,98,101
tom-tailor-eu-mens-g5,tom-tailor,Tom Tailor,EU,mens,56,,hip,114,117
tom-tailor-eu-mens-g5,tom-tailor,Tom Tailor,EU,mens,58,,waist,102,105
tom-tailor-eu-mens-g5,tom-tailor,Tom Tailor,EU,mens,58,,hip,118,121
tom-tailor-int-womens-g1,tom-tailor,Tom Tailor,INT,womens,XXS/32,,bust,76,79
tom-tailor-int-womens-g1,tom-tailor,Tom Tailor,INT,womens,XXS/32,,waist,57,60
tom-tailor-int-womens-g1,tom-tailor,Tom Tailor,INT,womens,XXS/32,,hip,84,87
tom-tailor-int-womens-g1,tom-tailor,Tom Tailor,INT,womens,XS/34,,bust,80,83
tom-tailor-int-womens-g1,tom-tailor,Tom Tailor,INT,womens,XS/34,,waist,61,64
tom-tailor-int-womens-g1,tom-tailor,Tom Tailor,INT,womens,XS/34,,hip,88,91
tom-tailor-int-womens-g1,tom-tailor,Tom Tailor,INT,womens,S/36,,bust,84,87
tom-tailor-int-womens-g1,tom-tailor,Tom Tailor,INT,womens,S/36,,waist,65,68
tom-tailor-int-womens-g1,tom-tailor,Tom Tailor,INT,womens,S/36,,hip,92,95
tom-tailor-int-womens-g1,tom-tailor,Tom Tailor,INT,womens,M/38,,bust,88,91
tom-tailor-int-womens-g1,tom-tailor,Tom Tailor,INT,womens,M/38,,waist,69,72
tom-tailor-int-womens-g1,tom-tailor,Tom Tailor,INT,womens,M/38,,hip,96,99
tom-tailor-int-womens-g1,tom-tailor,Tom Tailor,INT,womens,L/40,,bust,92,95
tom-tailor-int-womens-g1,tom-tailor,Tom Tailor,INT,womens,L/40,,waist,73,76
tom-tailor-int-womens-g1,tom-tailor,Tom Tailor,INT,womens,L/40,,hip,100,103
tom-tailor-int-womens-g1,tom-tailor,Tom Tailor,INT,womens,XL/42,,bust,96,99
tom-tailor-int-womens-g1,tom-tailor,Tom Tailor,INT,womens,XL/42,,waist,77,80
tom-tailor-int-womens-g1,tom-tailor,Tom Tailor,INT,womens,XL/42,,hip,104,107
tom-tailor-int-womens-g1,tom-tailor,Tom Tailor,INT,womens,XXL/44,,bust,100,104
tom-tailor-int-womens-g1,tom-tailor,Tom Tailor,INT,womens,XXL/44,,waist,81,85
tom-tailor-int-womens-g1,tom-tailor,Tom Tailor,INT,womens,XXL/44,,hip,108,112
tom-tailor-int-mens-g3,tom-tailor,Tom Tailor,INT,mens,XXS,,bust,80,83
tom-tailor-int-mens-g3,tom-tailor,Tom Tailor,INT,mens,XXS,,waist,68,71
tom-tailor-int-mens-g3,tom-tailor,Tom Tailor,INT,mens,XS,,bust,84,87
tom-tailor-int-mens-g3,tom-tailor,Tom Tailor,INT,mens,XS,,waist,72,75
tom-tailor-int-mens-g3,tom-tailor,Tom Tailor,INT,mens,S,,bust,88,92
tom-tailor-int-mens-g3,tom-tailor,Tom Tailor,INT,mens,S,,waist,76,80
tom-tailor-int-mens-g3,tom-tailor,Tom Tailor,INT,mens,M,,bust,93,98
tom-tailor-int-mens-g3,tom-tailor,Tom Tailor,INT,mens,M,,waist,81,86
tom-tailor-int-mens-g3,tom-tailor,Tom Tailor,INT,mens,L,,bust,99,104
tom-tailor-int-mens-g3,tom-tailor,Tom Tailor,INT,mens,L,,waist,87,92
tom-tailor-int-mens-g3,tom-tailor,Tom Tailor,INT,mens,XL,,bust,105,110
tom-tailor-int-mens-g3,tom-tailor,Tom Tailor,INT,mens,XL,,waist,93,98
tom-tailor-int-mens-g3,tom-tailor,Tom Tailor,INT,mens,XXL,,bust,111,116
tom-tailor-int-mens-g3,tom-tailor,Tom Tailor,INT,mens,XXL,,waist,99,104
tom-tailor-int-mens-g3,tom-tailor,Tom Tailor,INT,mens,XXXL,,bust,117,122
tom-tailor-int-mens-g3,tom-tailor,Tom Tailor,INT,mens,XXXL,,waist,105,110
tom-tailor-int-mens-g6,tom-tailor,Tom Tailor,INT,mens,XXS,,waist,68,71
tom-tailor-int-mens-g6,tom-tailor,Tom Tailor,INT,mens,XXS,,hip,84,87
tom-tailor-int-mens-g6,tom-tailor,Tom Tailor,INT,mens,XS,,waist,72,75
tom-tailor-int-mens-g6,tom-tailor,Tom Tailor,INT,mens,XS,,hip,88,91
tom-tailor-int-mens-g6,tom-tailor,Tom Tailor,INT,mens,S,,waist,76,80
tom-tailor-int-mens-g6,tom-tailor,Tom Tailor,INT,mens,S,,hip,92,96
tom-tailor-int-mens-g6,tom-tailor,Tom Tailor,INT,mens,M,,waist,81,86
tom-tailor-int-mens-g6,tom-tailor,Tom Tailor,INT,mens,M,,hip,97,102
tom-tailor-int-mens-g6,tom-tailor,Tom Tailor,INT,mens,L,,waist,87,92
tom-tailor-int-mens-g6,tom-tailor,Tom Tailor,INT,mens,L,,hip,103,108
tom-tailor-int-mens-g6,tom-tailor,Tom Tailor,INT,mens,XL,,waist,93,98
tom-tailor-int-mens-g6,tom-tailor,Tom Tailor,INT,mens,XL,,hip,109,114
tom-tailor-int-mens-g6,tom-tailor,Tom Tailor,INT,mens,XXL,,waist,99,104
tom-tailor-int-mens-g6,tom-tailor,Tom Tailor,INT,mens,XXL,,hip,115,120
tom-tailor-int-mens-g6,tom-tailor,Tom Tailor,INT,mens,XXXL,,waist,105,110
tom-tailor-int-mens-g6,tom-tailor,Tom Tailor,INT,mens,XXXL,,hip,121,126
tom-tailor-uk-mens,tom-tailor,Tom Tailor,UK,mens,26,,waist,67,69
tom-tailor-uk-mens,tom-tailor,Tom Tailor,UK,mens,26,,hip,83,85
tom-tailor-uk-mens,tom-tailor,Tom Tailor,UK,mens,27,,waist,70,71
tom-tailor-uk-mens,tom-tailor,Tom Tailor,UK,mens,27,,hip,86,87
tom-tailor-uk-mens,tom-tailor,Tom Tailor,UK,mens,28,,waist,72,74
tom-tailor-uk-mens,tom-tailor,Tom Tailor,UK,mens,28,,hip,88,90
tom-tailor-uk-mens,tom-tailor,Tom Tailor,UK,mens,29,,waist,75,76
tom-tailor-uk-mens,tom-tailor,Tom Tailor,UK,mens,29,,hip,91,92
tom-tailor-uk-mens,tom-tailor,Tom Tailor,UK,mens,30,,waist,77,79
tom-tailor-uk-mens,tom-tailor,Tom Tailor,UK,mens,30,,hip,93,95
tom-tailor-uk-mens,tom-tailor,Tom Tailor,UK,mens,31,,waist,80,81
tom-tailor-uk-mens,tom-tailor,Tom Tailor,UK,mens,31,,hip,96,97
tom-tailor-uk-mens,tom-tailor,Tom Tailor,UK,mens,32,,waist,82,84
tom-tailor-uk-mens,tom-tailor,Tom Tailor,UK,mens,32,,hip,98,100
tom-tailor-uk-mens,tom-tailor,Tom Tailor,UK,mens,33,,waist,85,86
tom-tailor-uk-mens,tom-tailor,Tom Tailor,UK,mens,33,,hip,101,102
tom-tailor-uk-mens,tom-tailor,Tom Tailor,UK,mens,34,,waist,87,89
tom-tailor-uk-mens,tom-tailor,Tom Tailor,UK,mens,34,,hip,103,105
tom-tailor-uk-mens,tom-tailor,Tom Tailor,UK,mens,36,,waist,90,94
tom-tailor-uk-mens,tom-tailor,Tom Tailor,UK,mens,36,,hip,106,110
marc-o-polo-eu-womens-g1,marc-o-polo,Marc O'Polo,EU,womens,32,,bust,78,82
marc-o-polo-eu-womens-g1,marc-o-polo,Marc O'Polo,EU,womens,32,,waist,58,62
marc-o-polo-eu-womens-g1,marc-o-polo,Marc O'Polo,EU,womens,32,,hip,85,89
marc-o-polo-eu-womens-g1,marc-o-polo,Marc O'Polo,EU,womens,34,,bust,82,86
marc-o-polo-eu-womens-g1,marc-o-polo,Marc O'Polo,EU,womens,34,,waist,62,66
marc-o-polo-eu-womens-g1,marc-o-polo,Marc O'Polo,EU,womens,34,,hip,89,93
marc-o-polo-eu-womens-g1,marc-o-polo,Marc O'Polo,EU,womens,36,,bust,86,90
marc-o-polo-eu-womens-g1,marc-o-polo,Marc O'Polo,EU,womens,36,,waist,66,70
marc-o-polo-eu-womens-g1,marc-o-polo,Marc O'Polo,EU,womens,36,,hip,93,97
marc-o-polo-eu-womens-g1,marc-o-polo,Marc O'Polo,EU,womens,38,,bust,90,94
marc-o-polo-eu-womens-g1,marc-o-polo,Marc O'Polo,EU,womens,38,,waist,70,74
marc-o-polo-eu-womens-g1,marc-o-polo,Marc O'Polo,EU,womens,38,,hip,97,101
marc-o-polo-eu-womens-g1,marc-o-polo,Marc O'Polo,EU,womens,40,,bust,94,98
marc-o-polo-eu-womens-g1,marc-o-polo,Marc O'Polo,EU,womens,40,,waist,74,78
marc-o-polo-eu-womens-g1,marc-o-polo,Marc O'Polo,EU,womens,40,,hip,101,105
marc-o-polo-eu-womens-g1,marc-o-polo,Marc O'Polo,EU,womens,42,,bust,98,105
marc-o-polo-eu-womens-g1,marc-o-polo,Marc O'Polo,EU,womens,42,,waist,78,85
marc-o-polo-eu-womens-g1,marc-o-polo,Marc O'Polo,EU,womens,42,,hip,105,112
marc-o-polo-eu-womens-g1,marc-o-polo,Marc O'Polo,EU,womens,44,,bust,105,111
marc-o-polo-eu-womens-g1,marc-o-polo,Marc O'Polo,EU,womens,44,,waist,85,91
marc-o-polo-eu-womens-g1,marc-o-polo,Marc O'Polo,EU,womens,44,,hip,112,118
marc-o-polo-eu-womens-g1,marc-o-polo,Marc O'Polo,EU,womens,46,,bust,111,117
marc-o-polo-eu-womens-g1,marc-o-polo,Marc O'Polo,EU,womens,46,,waist,91,97
marc-o-polo-eu-womens-g1,marc-o-polo,Marc O'Polo,EU,womens,46,,hip,118,124
marc-o-polo-eu-mens-g3,marc-o-polo,Marc O'Polo,EU,mens,44,,bust,88,92
marc-o-polo-eu-mens-g3,marc-o-polo,Marc O'Polo,EU,mens,44,,hip,89,93
marc-o-polo-eu-mens-g3,marc-o-polo,Marc O'Polo,EU,mens,46,,bust,92,96
marc-o-polo-eu-mens-g3,marc-o-polo,Marc O'Polo,EU,mens,46,,hip,93,97
marc-o-polo-eu-mens-g3,marc-o-polo,Marc O'Polo,EU,mens,48,,bust,96,100
marc-o-polo-eu-mens-g3,marc-o-polo,Marc O'Polo,EU,mens,48,,hip,97,101
marc-o-polo-eu-mens-g3,marc-o-polo,Marc O'Polo,EU,mens,50,,bust,100,104
marc-o-polo-eu-mens-g3,marc-o-polo,Marc O'Polo,EU,mens,50,,hip,101,105
marc-o-polo-eu-mens-g3,marc-o-polo,Marc O'Polo,EU,mens,52,,bust,104,108
marc-o-polo-eu-mens-g3,marc-o-polo,Marc O'Polo,EU,mens,52,,hip,105,109
marc-o-polo-eu-mens-g3,marc-o-polo,Marc O'Polo,EU,mens,54,,bust,108,112
marc-o-polo-eu-mens-g3,marc-o-polo,Marc O'Polo,EU,mens,54,,hip,109,113
marc-o-polo-eu-mens-g3,marc-o-polo,Marc O'Polo,EU,mens,56,,bust,112,116
marc-o-polo-eu-mens-g3,marc-o-polo,Marc O'Polo,EU,mens,56,,hip,113,117
marc-o-polo-eu-mens-g3,marc-o-polo,Marc O'Polo,EU,mens,58,,bust,116,120
marc-o-polo-eu-mens-g3,marc-o-polo,Marc O'Polo,EU,mens,58,,hip,117,121
marc-o-polo-int-womens-g0,marc-o-polo,Marc O'Polo,INT,womens,XXS,,bust,78,82
marc-o-polo-int-womens-g0,marc-o-polo,Marc O'Polo,INT,womens,XXS,,waist,58,62
marc-o-polo-int-womens-g0,marc-o-polo,Marc O'Polo,INT,womens,XXS,,hip,85,89
marc-o-polo-int-womens-g0,marc-o-polo,Marc O'Polo,INT,womens,XS,,bust,82,86
marc-o-polo-int-womens-g0,marc-o-polo,Marc O'Polo,INT,womens,XS,,waist,62,66
marc-o-polo-int-womens-g0,marc-o-polo,Marc O'Polo,INT,womens,XS,,hip,89,93
marc-o-polo-int-womens-g0,marc-o-polo,Marc O'Polo,INT,womens,S,,bust,86,90
marc-o-polo-int-womens-g0,marc-o-polo,Marc O'Polo,INT,womens,S,,waist,66,70
marc-o-polo-int-womens-g0,marc-o-polo,Marc O'Polo,INT,womens,S,,hip,93,97
marc-o-polo-int-womens-g0,marc-o-polo,Marc O'Polo,INT,womens,M,,bust,90,94
marc-o-polo-int-womens-g0,marc-o-polo,Marc O'Polo,INT,womens,M,,waist,70,74
marc-o-polo-int-womens-g0,marc-o-polo,Marc O'Polo,INT,womens,M,,hip,97,101
marc-o-polo-int-womens-g0,marc-o-polo,Marc O'Polo,INT,womens,L,,bust,94,98
marc-o-polo-int-womens-g0,marc-o-polo,Marc O'Polo,INT,womens,L,,waist,74,78
marc-o-polo-int-womens-g0,marc-o-polo,Marc O'Polo,INT,womens,L,,hip,101,105
marc-o-polo-int-womens-g0,marc-o-polo,Marc O'Polo,INT,womens,XL,,bust,98,105
marc-o-polo-int-womens-g0,marc-o-polo,Marc O'Polo,INT,womens,XL,,waist,78,85
marc-o-polo-int-womens-g0,marc-o-polo,Marc O'Polo,INT,womens,XL,,hip,105,112
marc-o-polo-int-womens-g0,marc-o-polo,Marc O'Polo,INT,womens,XXL,,bust,105,111
marc-o-polo-int-womens-g0,marc-o-polo,Marc O'Polo,INT,womens,XXL,,waist,85,91
marc-o-polo-int-womens-g0,marc-o-polo,Marc O'Polo,INT,womens,XXL,,hip,112,118
marc-o-polo-int-womens-g0,marc-o-polo,Marc O'Polo,INT,womens,XXXL,,bust,111,117
marc-o-polo-int-womens-g0,marc-o-polo,Marc O'Polo,INT,womens,XXXL,,waist,91,97
marc-o-polo-int-womens-g0,marc-o-polo,Marc O'Polo,INT,womens,XXXL,,hip,118,124
marc-o-polo-int-mens-g2,marc-o-polo,Marc O'Polo,INT,mens,XS,,bust,88,92
marc-o-polo-int-mens-g2,marc-o-polo,Marc O'Polo,INT,mens,XS,,hip,89,93
marc-o-polo-int-mens-g2,marc-o-polo,Marc O'Polo,INT,mens,S,,bust,92,96
marc-o-polo-int-mens-g2,marc-o-polo,Marc O'Polo,INT,mens,S,,hip,93,97
marc-o-polo-int-mens-g2,marc-o-polo,Marc O'Polo,INT,mens,M,,bust,96,100
marc-o-polo-int-mens-g2,marc-o-polo,Marc O'Polo,INT,mens,M,,hip,97,101
marc-o-polo-int-mens-g2,marc-o-polo,Marc O'Polo,INT,mens,M/L,,bust,100,104
marc-o-polo-int-mens-g2,marc-o-polo,Marc O'Polo,INT,mens,M/L,,hip,101,105
marc-o-polo-int-mens-g2,marc-o-polo,Marc O'Polo,INT,mens,L,,bust,104,108
marc-o-polo-int-mens-g2,marc-o-polo,Marc O'Polo,INT,mens,L,,hip,105,109
marc-o-polo-int-mens-g2,marc-o-polo,Marc O'Polo,INT,mens,XL,,bust,108,112
marc-o-polo-int-mens-g2,marc-o-polo,Marc O'Polo,INT,mens,XL,,hip,109,113
marc-o-polo-int-mens-g2,marc-o-polo,Marc O'Polo,INT,mens,XXL,,bust,112,116
marc-o-polo-int-mens-g2,marc-o-polo,Marc O'Polo,INT,mens,XXL,,hip,113,117
marc-o-polo-int-mens-g2,marc-o-polo,Marc O'Polo,INT,mens,XXXL,,bust,116,120
marc-o-polo-int-mens-g2,marc-o-polo,Marc O'Polo,INT,mens,XXXL,,hip,117,121
marc-o-polo-it-womens,marc-o-polo,Marc O'Polo,IT,womens,36,,bust,78,82
marc-o-polo-it-womens,marc-o-polo,Marc O'Polo,IT,womens,36,,waist,58,62
marc-o-polo-it-womens,marc-o-polo,Marc O'Polo,IT,womens,36,,hip,85,89
marc-o-polo-it-womens,marc-o-polo,Marc O'Polo,IT,womens,38,,bust,82,86
marc-o-polo-it-womens,marc-o-polo,Marc O'Polo,IT,womens,38,,waist,62,66
marc-o-polo-it-womens,marc-o-polo,Marc O'Polo,IT,womens,38,,hip,89,93
marc-o-polo-it-womens,marc-o-polo,Marc O'Polo,IT,womens,40,,bust,86,90
marc-o-polo-it-womens,marc-o-polo,Marc O'Polo,IT,womens,40,,waist,66,70
marc-o-polo-it-womens,marc-o-polo,Marc O'Polo,IT,womens,40,,hip,93,97
marc-o-polo-it-womens,marc-o-polo,Marc O'Polo,IT,womens,42,,bust,90,94
marc-o-polo-it-womens,marc-o-polo,Marc O'Polo,IT,womens,42,,waist,70,74
marc-o-polo-it-womens,marc-o-polo,Marc O'Polo,IT,womens,42,,hip,97,101
marc-o-polo-it-womens,marc-o-polo,Marc O'Polo,IT,womens,44,,bust,94,98
marc-o-polo-it-womens,marc-o-polo,Marc O'Polo,IT,womens,44,,waist,74,78
marc-o-polo-it-womens,marc-o-polo,Marc O'Polo,IT,womens,44,,hip,101,105
marc-o-polo-it-womens,marc-o-polo,Marc O'Polo,IT,womens,46,,bust,98,105
marc-o-polo-it-womens,marc-o-polo,Marc O'Polo,IT,womens,46,,waist,78,85
marc-o-polo-it-womens,marc-o-polo,Marc O'Polo,IT,womens,46,,hip,105,112
hugo-boss-eu-womens,hugo-boss,HUGO BOSS,EU,womens,32,XXS,bust,75,79
hugo-boss-eu-womens,hugo-boss,HUGO BOSS,EU,womens,32,XXS,waist,57,61
hugo-boss-eu-womens,hugo-boss,HUGO BOSS,EU,womens,32,XXS,hip,83,87
hugo-boss-eu-womens,hugo-boss,HUGO BOSS,EU,womens,34,XS,bust,79,83
hugo-boss-eu-womens,hugo-boss,HUGO BOSS,EU,womens,34,XS,waist,61,65
hugo-boss-eu-womens,hugo-boss,HUGO BOSS,EU,womens,34,XS,hip,87,91
hugo-boss-eu-womens,hugo-boss,HUGO BOSS,EU,womens,36,S,bust,83,87
hugo-boss-eu-womens,hugo-boss,HUGO BOSS,EU,womens,36,S,waist,65,69
hugo-boss-eu-womens,hugo-boss,HUGO BOSS,EU,womens,36,S,hip,91,95
hugo-boss-eu-womens,hugo-boss,HUGO BOSS,EU,womens,38,M,bust,87,91
hugo-boss-eu-womens,hugo-boss,HUGO BOSS,EU,womens,38,M,waist,69,73
hugo-boss-eu-womens,hugo-boss,HUGO BOSS,EU,womens,38,M,hip,95,99
hugo-boss-eu-womens,hugo-boss,HUGO BOSS,EU,womens,40,L,bust,91,95
hugo-boss-eu-womens,hugo-boss,HUGO BOSS,EU,womens,40,L,waist,73,77
hugo-boss-eu-womens,hugo-boss,HUGO BOSS,EU,womens,40,L,hip,99,103
hugo-boss-eu-womens,hugo-boss,HUGO BOSS,EU,womens,42,XL,bust,95,99
hugo-boss-eu-womens,hugo-boss,HUGO BOSS,EU,womens,42,XL,waist,77,81
hugo-boss-eu-womens,hugo-boss,HUGO BOSS,EU,womens,42,XL,hip,103,107
hugo-boss-us-womens,hugo-boss,HUGO BOSS,US,womens,0,XXS,bust,75,79
hugo-boss-us-womens,hugo-boss,HUGO BOSS,US,womens,0,XXS,waist,57,61
hugo-boss-us-womens,hugo-boss,HUGO BOSS,US,womens,0,XXS,hip,83,87
hugo-boss-us-womens,hugo-boss,HUGO BOSS,US,womens,2,XS,bust,79,83
hugo-boss-us-womens,hugo-boss,HUGO BOSS,US,womens,2,XS,waist,61,65
hugo-boss-us-womens,hugo-boss,HUGO BOSS,US,womens,2,XS,hip,87,91
hugo-boss-us-womens,hugo-boss,HUGO BOSS,US,womens,4,S,bust,83,87
hugo-boss-us-womens,hugo-boss,HUGO BOSS,US,womens,4,S,waist,65,69
hugo-boss-us-womens,hugo-boss,HUGO BOSS,US,womens,4,S,hip,91,95
hugo-boss-us-womens,hugo-boss,HUGO BOSS,US,womens,6,M,bust,87,91
hugo-boss-us-womens,hugo-boss,HUGO BOSS,US,womens,6,M,waist,69,73
hugo-boss-us-womens,hugo-boss,HUGO BOSS,US,womens,6,M,hip,95,99
hugo-boss-us-womens,hugo-boss,HUGO BOSS,US,womens,8,L,bust,91,95
hugo-boss-us-womens,hugo-boss,HUGO BOSS,US,womens,8,L,waist,73,77
hugo-boss-us-womens,hugo-boss,HUGO BOSS,US,womens,8,L,hip,99,103
hugo-boss-us-womens,hugo-boss,HUGO BOSS,US,womens,10,XL,bust,95,99
hugo-boss-us-womens,hugo-boss,HUGO BOSS,US,womens,10,XL,waist,77,81
hugo-boss-us-womens,hugo-boss,HUGO BOSS,US,womens,10,XL,hip,103,107
hugo-boss-uk-womens,hugo-boss,HUGO BOSS,UK,womens,4,XXS,bust,75,79
hugo-boss-uk-womens,hugo-boss,HUGO BOSS,UK,womens,4,XXS,waist,57,61
hugo-boss-uk-womens,hugo-boss,HUGO BOSS,UK,womens,4,XXS,hip,83,87
hugo-boss-uk-womens,hugo-boss,HUGO BOSS,UK,womens,6,XS,bust,79,83
hugo-boss-uk-womens,hugo-boss,HUGO BOSS,UK,womens,6,XS,waist,61,65
hugo-boss-uk-womens,hugo-boss,HUGO BOSS,UK,womens,6,XS,hip,87,91
hugo-boss-uk-womens,hugo-boss,HUGO BOSS,UK,womens,8,S,bust,83,87
hugo-boss-uk-womens,hugo-boss,HUGO BOSS,UK,womens,8,S,waist,65,69
hugo-boss-uk-womens,hugo-boss,HUGO BOSS,UK,womens,8,S,hip,91,95
hugo-boss-uk-womens,hugo-boss,HUGO BOSS,UK,womens,10,M,bust,87,91
hugo-boss-uk-womens,hugo-boss,HUGO BOSS,UK,womens,10,M,waist,69,73
hugo-boss-uk-womens,hugo-boss,HUGO BOSS,UK,womens,10,M,hip,95,99
hugo-boss-uk-womens,hugo-boss,HUGO BOSS,UK,womens,12,L,bust,91,95
hugo-boss-uk-womens,hugo-boss,HUGO BOSS,UK,womens,12,L,waist,73,77
hugo-boss-uk-womens,hugo-boss,HUGO BOSS,UK,womens,12,L,hip,99,103
hugo-boss-uk-womens,hugo-boss,HUGO BOSS,UK,womens,14,XL,bust,95,99
hugo-boss-uk-womens,hugo-boss,HUGO BOSS,UK,womens,14,XL,waist,77,81
hugo-boss-uk-womens,hugo-boss,HUGO BOSS,UK,womens,14,XL,hip,103,107
hugo-boss-fr-womens,hugo-boss,HUGO BOSS,FR,womens,34,XXS,bust,75,79
hugo-boss-fr-womens,hugo-boss,HUGO BOSS,FR,womens,34,XXS,waist,57,61
hugo-boss-fr-womens,hugo-boss,HUGO BOSS,FR,womens,34,XXS,hip,83,87
hugo-boss-fr-womens,hugo-boss,HUGO BOSS,FR,womens,36,XS,bust,79,83
hugo-boss-fr-womens,hugo-boss,HUGO BOSS,FR,womens,36,XS,waist,61,65
hugo-boss-fr-womens,hugo-boss,HUGO BOSS,FR,womens,36,XS,hip,87,91
hugo-boss-fr-womens,hugo-boss,HUGO BOSS,FR,womens,38,S,bust,83,87
hugo-boss-fr-womens,hugo-boss,HUGO BOSS,FR,womens,38,S,waist,65,69
hugo-boss-fr-womens,hugo-boss,HUGO BOSS,FR,womens,38,S,hip,91,95
hugo-boss-fr-womens,hugo-boss,HUGO BOSS,FR,womens,40,M,bust,87,91
hugo-boss-fr-womens,hugo-boss,HUGO BOSS,FR,womens,40,M,waist,69,73
hugo-boss-fr-womens,hugo-boss,HUGO BOSS,FR,womens,40,M,hip,95,99
hugo-boss-fr-womens,hugo-boss,HUGO BOSS,FR,womens,42,L,bust,91,95
hugo-boss-fr-womens,hugo-boss,HUGO BOSS,FR,womens,42,L,waist,73,77
hugo-boss-fr-womens,hugo-boss,HUGO BOSS,FR,womens,42,L,hip,99,103
hugo-boss-fr-womens,hugo-boss,HUGO BOSS,FR,womens,44,XL,bust,95,99
hugo-boss-fr-womens,hugo-boss,HUGO BOSS,FR,womens,44,XL,waist,77,81
hugo-boss-fr-womens,hugo-boss,HUGO BOSS,FR,womens,44,XL,hip,103,107
hugo-boss-it-womens,hugo-boss,HUGO BOSS,IT,womens,36,XXS,bust,75,79
hugo-boss-it-womens,hugo-boss,HUGO BOSS,IT,womens,36,XXS,waist,57,61
hugo-boss-it-womens,hugo-boss,HUGO BOSS,IT,womens,36,XXS,hip,83,87
hugo-boss-it-womens,hugo-boss,HUGO BOSS,IT,womens,38,XS,bust,79,83
hugo-boss-it-womens,hugo-boss,HUGO BOSS,IT,womens,38,XS,waist,61,65
hugo-boss-it-womens,hugo-boss,HUGO BOSS,IT,womens,38,XS,hip,87,91
hugo-boss-it-womens,hugo-boss,HUGO BOSS,IT,womens,40,S,bust,83,87
hugo-boss-it-womens,hugo-boss,HUGO BOSS,IT,womens,40,S,waist,65,69
hugo-boss-it-womens,hugo-boss,HUGO BOSS,IT,womens,40,S,hip,91,95
hugo-boss-it-womens,hugo-boss,HUGO BOSS,IT,womens,42,M,bust,87,91
hugo-boss-it-womens,hugo-boss,HUGO BOSS,IT,womens,42,M,waist,69,73
hugo-boss-it-womens,hugo-boss,HUGO BOSS,IT,womens,42,M,hip,95,99
hugo-boss-it-womens,hugo-boss,HUGO BOSS,IT,womens,44,L,bust,91,95
hugo-boss-it-womens,hugo-boss,HUGO BOSS,IT,womens,44,L,waist,73,77
hugo-boss-it-womens,hugo-boss,HUGO BOSS,IT,womens,44,L,hip,99,103
hugo-boss-it-womens,hugo-boss,HUGO BOSS,IT,womens,46,XL,bust,95,99
hugo-boss-it-womens,hugo-boss,HUGO BOSS,IT,womens,46,XL,waist,77,81
hugo-boss-it-womens,hugo-boss,HUGO BOSS,IT,womens,46,XL,hip,103,107
street-one-eu-womens-g0,street-one,Street One,EU,womens,32,,waist,63,67
street-one-eu-womens-g0,street-one,Street One,EU,womens,32,,hip,86,90
street-one-eu-womens-g0,street-one,Street One,EU,womens,34,,waist,67,71
street-one-eu-womens-g0,street-one,Street One,EU,womens,34,,hip,90,94
street-one-eu-womens-g0,street-one,Street One,EU,womens,36,,waist,71,75
street-one-eu-womens-g0,street-one,Street One,EU,womens,36,,hip,94,98
street-one-eu-womens-g0,street-one,Street One,EU,womens,38,,waist,75,80
street-one-eu-womens-g0,street-one,Street One,EU,womens,38,,hip,98,103
street-one-eu-womens-g0,street-one,Street One,EU,womens,40,,waist,80,86
street-one-eu-womens-g0,street-one,Street One,EU,womens,40,,hip,103,108
street-one-eu-womens-g0,street-one,Street One,EU,womens,42,,waist,86,92
street-one-eu-womens-g0,street-one,Street One,EU,womens,42,,hip,108,115
street-one-eu-womens-g0,street-one,Street One,EU,womens,44,,waist,92,98
street-one-eu-womens-g0,street-one,Street One,EU,womens,44,,hip,115,121
street-one-eu-womens-g0,street-one,Street One,EU,womens,46,,waist,98,104
street-one-eu-womens-g0,street-one,Street One,EU,womens,46,,hip,121,127
street-one-eu-womens-g2,street-one,Street One,EU,womens,34,,bust,82,86
street-one-eu-womens-g2,street-one,Street One,EU,womens,34,,waist,67,71
street-one-eu-womens-g2,street-one,Street One,EU,womens,36,,bust,86,90
street-one-eu-womens-g2,street-one,Street One,EU,womens,36,,waist,71,75
street-one-eu-womens-g2,street-one,Street One,EU,womens,38,,bust,90,95
street-one-eu-womens-g2,street-one,Street One,EU,womens,38,,waist,75,80
street-one-eu-womens-g2,street-one,Street One,EU,womens,40,,bust,95,100
street-one-eu-womens-g2,street-one,Street One,EU,womens,40,,waist,80,86
street-one-eu-womens-g2,street-one,Street One,EU,womens,42,,bust,100,106
street-one-eu-womens-g2,street-one,Street One,EU,womens,42,,waist,86,92
street-one-eu-womens-g2,street-one,Street One,EU,womens,44,,bust,106,112
street-one-eu-womens-g2,street-one,Street One,EU,womens,44,,waist,92,98
street-one-eu-womens-g2,street-one,Street One,EU,womens,46,,bust,112,118
street-one-eu-womens-g2,street-one,Street One,EU,womens,46,,waist,98,104
street-one-int-womens-g1,street-one,Street One,INT,womens,XXS,,waist,63,67
street-one-int-womens-g1,street-one,Street One,INT,womens,XXS,,hip,86,90
street-one-int-womens-g1,street-one,Street One,INT,womens,XS,,waist,67,71
street-one-int-womens-g1,street-one,Street One,INT,womens,XS,,hip,90,94
street-one-int-womens-g1,street-one,Street One,INT,womens,S,,waist,71,75
street-one-int-womens-g1,street-one,Street One,INT,womens,S,,hip,94,98
street-one-int-womens-g1,street-one,Street One,INT,womens,M,,waist,75,80
street-one-int-womens-g1,street-one,Street One,INT,womens,M,,hip,98,103
street-one-int-womens-g1,street-one,Street One,INT,womens,L,,waist,80,86
street-one-int-womens-g1,street-one,Street One,INT,womens,L,,hip,103,108
street-one-int-womens-g1,street-one,Street One,INT,womens,XL,,waist,86,92
street-one-int-womens-g1,street-one,Street One,INT,womens,XL,,hip,108,115
street-one-int-womens-g1,street-one,Street One,INT,womens,XXL,,waist,92,98
street-one-int-womens-g1,street-one,Street One,INT,womens,XXL,,hip,115,121
street-one-int-womens-g1,street-one,Street One,INT,womens,XXXL,,waist,98,104
street-one-int-womens-g1,street-one,Street One,INT,womens,XXXL,,hip,121,127
street-one-int-womens-g3,street-one,Street One,INT,womens,XS,,bust,82,86
street-one-int-womens-g3,street-one,Street One,INT,womens,XS,,waist,67,71
street-one-int-womens-g3,street-one,Street One,INT,womens,S,,bust,86,90
street-one-int-womens-g3,street-one,Street One,INT,womens,S,,waist,71,75
street-one-int-womens-g3,street-one,Street One,INT,womens,M,,bust,90,95
street-one-int-womens-g3,street-one,Street One,INT,womens,M,,waist,75,80
street-one-int-womens-g3,street-one,Street One,INT,womens,L,,bust,95,100
street-one-int-womens-g3,street-one,Street One,INT,womens,L,,waist,80,86
street-one-int-womens-g3,street-one,Street One,INT,womens,XL,,bust,100,106
street-one-int-womens-g3,street-one,Street One,INT,womens,XL,,waist,86,92
street-one-int-womens-g3,street-one,Street One,INT,womens,XXL,,bust,106,112
street-one-int-womens-g3,street-one,Street One,INT,womens,XXL,,waist,92,98
street-one-int-womens-g3,street-one,Street One,INT,womens,XXXL,,bust,112,118
street-one-int-womens-g3,street-one,Street One,INT,womens,XXXL,,waist,98,104
street-one-int-mens-g4,street-one,Street One,INT,mens,S,,hip,96,100
street-one-int-mens-g4,street-one,Street One,INT,mens,M,,hip,100,104
street-one-int-mens-g4,street-one,Street One,INT,mens,L,,hip,104,108
street-one-int-mens-g4,street-one,Street One,INT,mens,XL,,hip,108,112
street-one-int-mens-g4,street-one,Street One,INT,mens,XXL,,hip,112,116
street-one-int-mens-g4,street-one,Street One,INT,mens,XXXL,,hip,116,122
bonprix-eu-womens-g0,bonprix,bonprix,EU,womens,32,,bust,74,77
bonprix-eu-womens-g0,bonprix,bonprix,EU,womens,32,,waist,60,62
bonprix-eu-womens-g0,bonprix,bonprix,EU,womens,32,,hip,84,87
bonprix-eu-womens-g0,bonprix,bonprix,EU,womens,34,,bust,78,81
bonprix-eu-womens-g0,bonprix,bonprix,EU,womens,34,,waist,63,65
bonprix-eu-womens-g0,bonprix,bonprix,EU,womens,34,,hip,88,91
bonprix-eu-womens-g0,bonprix,bonprix,EU,womens,36,,bust,82,85
bonprix-eu-womens-g0,bonprix,bonprix,EU,womens,36,,waist,66,69
bonprix-eu-womens-g0,bonprix,bonprix,EU,womens,36,,hip,92,95
bonprix-eu-womens-g0,bonprix,bonprix,EU,womens,38,,bust,86,89
bonprix-eu-womens-g0,bonprix,bonprix,EU,womens,38,,waist,70,73
bonprix-eu-womens-g0,bonprix,bonprix,EU,womens,38,,hip,96,98
bonprix-eu-womens-g0,bonprix,bonprix,EU,womens,40,,bust,90,93
bonprix-eu-womens-g0,bonprix,bonprix,EU,womens,40,,waist,74,77
bonprix-eu-womens-g0,bonprix,bonprix,EU,womens,40,,hip,99,102
bonprix-eu-womens-g0,bonprix,bonprix,EU,womens,42,,bust,94,97
bonprix-eu-womens-g0,bonprix,bonprix,EU,womens,42,,waist,78,81
bonprix-eu-womens-g0,bonprix,bonprix,EU,womens,42,,hip,103,106
bonprix-eu-womens-g0,bonprix,bonprix,EU,womens,44,,bust,98,102
bonprix-eu-womens-g0,bonprix,bonprix,EU,womens,44,,waist,82,86
bonprix-eu-womens-g0,bonprix,bonprix,EU,womens,44,,hip,107,110
bonprix-eu-womens-g0,bonprix,bonprix,EU,womens,46,,bust,103,107
bonprix-eu-womens-g0,bonprix,bonprix,EU,womens,46,,waist,87,91
bonprix-eu-womens-g0,bonprix,bonprix,EU,womens,46,,hip,111,115
bonprix-eu-womens-g0,bonprix,bonprix,EU,womens,48,,bust,108,113
bonprix-eu-womens-g0,bonprix,bonprix,EU,womens,48,,waist,92,96
bonprix-eu-womens-g0,bonprix,bonprix,EU,womens,48,,hip,116,120
bonprix-eu-womens-g0,bonprix,bonprix,EU,womens,50,,bust,114,119
bonprix-eu-womens-g0,bonprix,bonprix,EU,womens,50,,waist,97,102
bonprix-eu-womens-g0,bonprix,bonprix,EU,womens,50,,hip,121,125
bonprix-eu-womens-g0,bonprix,bonprix,EU,womens,52,,bust,120,125
bonprix-eu-womens-g0,bonprix,bonprix,EU,womens,52,,waist,103,108
bonprix-eu-womens-g0,bonprix,bonprix,EU,womens,52,,hip,126,130
bonprix-eu-womens-g0,bonprix,bonprix,EU,womens,54,,bust,126,131
bonprix-eu-womens-g0,bonprix,bonprix,EU,womens,54,,waist,109,114
bonprix-eu-womens-g0,bonprix,bonprix,EU,womens,54,,hip,131,135
bonprix-eu-womens-g0,bonprix,bonprix,EU,womens,56,,bust,132,137
bonprix-eu-womens-g0,bonprix,bonprix,EU,womens,56,,waist,115,120
bonprix-eu-womens-g0,bonprix,bonprix,EU,womens,56,,hip,136,141
bonprix-eu-womens-g0,bonprix,bonprix,EU,womens,58,,bust,138,143
bonprix-eu-womens-g0,bonprix,bonprix,EU,womens,58,,waist,121,126
bonprix-eu-womens-g0,bonprix,bonprix,EU,womens,58,,hip,142,147
bonprix-eu-mens-g2,bonprix,bonprix,EU,mens,44,,bust,86,89
bonprix-eu-mens-g2,bonprix,bonprix,EU,mens,44,,waist,74,77
bonprix-eu-mens-g2,bonprix,bonprix,EU,mens,46,,bust,90,93
bonprix-eu-mens-g2,bonprix,bonprix,EU,mens,46,,waist,78,81
bonprix-eu-mens-g2,bonprix,bonprix,EU,mens,48,,bust,93,97
bonprix-eu-mens-g2,bonprix,bonprix,EU,mens,48,,waist,82,85
bonprix-eu-mens-g2,bonprix,bonprix,EU,mens,50,,bust,98,101
bonprix-eu-mens-g2,bonprix,bonprix,EU,mens,50,,waist,86,89
bonprix-eu-mens-g2,bonprix,bonprix,EU,mens,52,,bust,102,105
bonprix-eu-mens-g2,bonprix,bonprix,EU,mens,52,,waist,90,94
bonprix-eu-mens-g2,bonprix,bonprix,EU,mens,54,,bust,106,109
bonprix-eu-mens-g2,bonprix,bonprix,EU,mens,54,,waist,95,99
bonprix-eu-mens-g2,bonprix,bonprix,EU,mens,56,,bust,110,113
bonprix-eu-mens-g2,bonprix,bonprix,EU,mens,56,,waist,100,104
bonprix-eu-mens-g2,bonprix,bonprix,EU,mens,58,,bust,114,117
bonprix-eu-mens-g2,bonprix,bonprix,EU,mens,58,,waist,105,109
bonprix-eu-mens-g2,bonprix,bonprix,EU,mens,60,,bust,118,121
bonprix-eu-mens-g2,bonprix,bonprix,EU,mens,60,,waist,110,114
bonprix-eu-mens-g2,bonprix,bonprix,EU,mens,62,,bust,122,125
bonprix-eu-mens-g2,bonprix,bonprix,EU,mens,62,,waist,115,119
bonprix-eu-mens-g2,bonprix,bonprix,EU,mens,64,,bust,126,129
bonprix-eu-mens-g2,bonprix,bonprix,EU,mens,64,,waist,120,124
bonprix-eu-mens-g2,bonprix,bonprix,EU,mens,66,,bust,130,133
bonprix-eu-mens-g2,bonprix,bonprix,EU,mens,66,,waist,125,129
bonprix-eu-mens-g2,bonprix,bonprix,EU,mens,68,,bust,134,137
bonprix-eu-mens-g2,bonprix,bonprix,EU,mens,68,,waist,130,134
bonprix-eu-mens-g2,bonprix,bonprix,EU,mens,70,,bust,138,141
bonprix-eu-mens-g2,bonprix,bonprix,EU,mens,70,,waist,135,139
bonprix-us-womens-g3,bonprix,bonprix,US,womens,XS,,bust,74,81
bonprix-us-womens-g3,bonprix,bonprix,US,womens,XS,,waist,60,65
bonprix-us-womens-g3,bonprix,bonprix,US,womens,XS,,hip,84,91
bonprix-us-womens-g3,bonprix,bonprix,US,womens,S,,bust,82,89
bonprix-us-womens-g3,bonprix,bonprix,US,womens,S,,waist,66,73
bonprix-us-womens-g3,bonprix,bonprix,US,womens,S,,hip,92,98
bonprix-us-womens-g3,bonprix,bonprix,US,womens,M,,bust,90,97
bonprix-us-womens-g3,bonprix,bonprix,US,womens,M,,waist,74,81
bonprix-us-womens-g3,bonprix,bonprix,US,womens,M,,hip,99,106
bonprix-us-womens-g3,bonprix,bonprix,US,womens,L,,bust,98,107
bonprix-us-womens-g3,bonprix,bonprix,US,womens,L,,waist,82,91
bonprix-us-womens-g3,bonprix,bonprix,US,womens,L,,hip,107,115
bonprix-us-womens-g3,bonprix,bonprix,US,womens,XL,,bust,108,119
bonprix-us-womens-g3,bonprix,bonprix,US,womens,XL,,waist,92,102
bonprix-us-womens-g3,bonprix,bonprix,US,womens,XL,,hip,116,125
bonprix-us-womens-g3,bonprix,bonprix,US,womens,XXL,,bust,120,131
bonprix-us-womens-g3,bonprix,bonprix,US,womens,XXL,,waist,103,114
bonprix-us-womens-g3,bonprix,bonprix,US,womens,XXL,,hip,126,135
bonprix-us-womens-g3,bonprix,bonprix,US,womens,3XL,,bust,132,143
bonprix-us-womens-g3,bonprix,bonprix,US,womens,3XL,,waist,115,126
bonprix-us-womens-g3,bonprix,bonprix,US,womens,3XL,,hip,136,147
bonprix-us-mens-g5,bonprix,bonprix,US,mens,S,,waist,74,81
bonprix-us-mens-g5,bonprix,bonprix,US,mens,M,,waist,82,89
bonprix-us-mens-g5,bonprix,bonprix,US,mens,L,,waist,90,99
bonprix-us-mens-g5,bonprix,bonprix,US,mens,XL,,waist,100,109
bonprix-us-mens-g5,bonprix,bonprix,US,mens,XXL,,waist,110,119
bonprix-us-mens-g5,bonprix,bonprix,US,mens,3XL,,waist,120,129
bonprix-us-mens-g5,bonprix,bonprix,US,mens,4XL,,waist,130,139
bonprix-us-mens-g5,bonprix,bonprix,US,mens,5XL,,waist,140,149
bonprix-us-mens-g5,bonprix,bonprix,US,mens,6XL,,waist,150,159
bonprix-fr-womens-g1,bonprix,bonprix,FR,womens,34,,bust,74,77
bonprix-fr-womens-g1,bonprix,bonprix,FR,womens,34,,waist,60,62
bonprix-fr-womens-g1,bonprix,bonprix,FR,womens,34,,hip,84,87
bonprix-fr-womens-g1,bonprix,bonprix,FR,womens,36,,bust,78,81
bonprix-fr-womens-g1,bonprix,bonprix,FR,womens,36,,waist,63,65
bonprix-fr-womens-g1,bonprix,bonprix,FR,womens,36,,hip,88,91
bonprix-fr-womens-g1,bonprix,bonprix,FR,womens,38,,bust,82,85
bonprix-fr-womens-g1,bonprix,bonprix,FR,womens,38,,waist,66,69
bonprix-fr-womens-g1,bonprix,bonprix,FR,womens,38,,hip,92,95
bonprix-fr-womens-g1,bonprix,bonprix,FR,womens,40,,bust,86,89
bonprix-fr-womens-g1,bonprix,bonprix,FR,womens,40,,waist,70,73
bonprix-fr-womens-g1,bonprix,bonprix,FR,womens,40,,hip,96,98
bonprix-fr-womens-g1,bonprix,bonprix,FR,womens,42,,bust,90,93
bonprix-fr-womens-g1,bonprix,bonprix,FR,womens,42,,waist,74,77
bonprix-fr-womens-g1,bonprix,bonprix,FR,womens,42,,hip,99,102
bonprix-fr-womens-g1,bonprix,bonprix,FR,womens,44,,bust,94,97
bonprix-fr-womens-g1,bonprix,bonprix,FR,womens,44,,waist,78,81
bonprix-fr-womens-g1,bonprix,bonprix,FR,womens,44,,hip,103,106
bonprix-fr-womens-g1,bonprix,bonprix,FR,womens,46,,bust,98,102
bonprix-fr-womens-g1,bonprix,bonprix,FR,womens,46,,waist,82,86
bonprix-fr-womens-g1,bonprix,bonprix,FR,womens,46,,hip,107,110
bonprix-fr-womens-g1,bonprix,bonprix,FR,womens,48,,bust,103,107
bonprix-fr-womens-g1,bonprix,bonprix,FR,womens,48,,waist,87,91
bonprix-fr-womens-g1,bonprix,bonprix,FR,womens,48,,hip,111,115
bonprix-fr-womens-g1,bonprix,bonprix,FR,womens,50,,bust,108,113
bonprix-fr-womens-g1,bonprix,bonprix,FR,womens,50,,waist,92,96
bonprix-fr-womens-g1,bonprix,bonprix,FR,womens,50,,hip,116,120
bonprix-fr-womens-g1,bonprix,bonprix,FR,womens,52,,bust,114,119
bonprix-fr-womens-g1,bonprix,bonprix,FR,womens,52,,waist,97,102
bonprix-fr-womens-g1,bonprix,bonprix,FR,womens,52,,hip,121,125
bonprix-fr-womens-g1,bonprix,bonprix,FR,womens,54,,bust,120,125
bonprix-fr-womens-g1,bonprix,bonprix,FR,womens,54,,waist,103,108
bonprix-fr-womens-g1,bonprix,bonprix,FR,womens,54,,hip,126,130
bonprix-fr-womens-g1,bonprix,bonprix,FR,womens,56,,bust,126,131
bonprix-fr-womens-g1,bonprix,bonprix,FR,womens,56,,waist,109,114
bonprix-fr-womens-g1,bonprix,bonprix,FR,womens,56,,hip,131,135
bonprix-fr-womens-g1,bonprix,bonprix,FR,womens,58,,bust,132,137
bonprix-fr-womens-g1,bonprix,bonprix,FR,womens,58,,waist,115,120
bonprix-fr-womens-g1,bonprix,bonprix,FR,womens,58,,hip,136,141
bonprix-fr-womens-g1,bonprix,bonprix,FR,womens,60,,bust,138,143
bonprix-fr-womens-g1,bonprix,bonprix,FR,womens,60,,waist,121,126
bonprix-fr-womens-g1,bonprix,bonprix,FR,womens,60,,hip,142,147
bonprix-fr-mens-g4,bonprix,bonprix,FR,mens,38,,waist,74,77
bonprix-fr-mens-g4,bonprix,bonprix,FR,mens,40,,waist,78,81
bonprix-fr-mens-g4,bonprix,bonprix,FR,mens,42,,waist,82,85
bonprix-fr-mens-g4,bonprix,bonprix,FR,mens,44,,waist,86,89
bonprix-fr-mens-g4,bonprix,bonprix,FR,mens,46,,waist,90,94
bonprix-fr-mens-g4,bonprix,bonprix,FR,mens,48,,waist,95,99
bonprix-fr-mens-g4,bonprix,bonprix,FR,mens,50,,waist,100,104
bonprix-fr-mens-g4,bonprix,bonprix,FR,mens,52,,waist,105,109
bonprix-fr-mens-g4,bonprix,bonprix,FR,mens,54,,waist,110,114
bonprix-fr-mens-g4,bonprix,bonprix,FR,mens,56,,waist,114,119
bonprix-fr-mens-g4,bonprix,bonprix,FR,mens,58,,waist,120,124
bonprix-fr-mens-g4,bonprix,bonprix,FR,mens,60,,waist,125,129
bonprix-fr-mens-g4,bonprix,bonprix,FR,mens,62,,waist,130,134
bonprix-fr-mens-g4,bonprix,bonprix,FR,mens,64,,waist,135,139
bonprix-fr-mens-g4,bonprix,bonprix,FR,mens,66,,waist,140,144
bonprix-fr-mens-g4,bonprix,bonprix,FR,mens,68,,waist,145,149
bonprix-fr-mens-g4,bonprix,bonprix,FR,mens,70,,waist,150,154
bonprix-fr-mens-g4,bonprix,bonprix,FR,mens,72,,waist,155,159
c-and-a-eu-womens-g0,c-and-a,C&A,EU,womens,34,,bust,80,84
c-and-a-eu-womens-g0,c-and-a,C&A,EU,womens,34,,waist,64,68
c-and-a-eu-womens-g0,c-and-a,C&A,EU,womens,34,,hip,88,92
c-and-a-eu-womens-g0,c-and-a,C&A,EU,womens,36,,bust,84,88
c-and-a-eu-womens-g0,c-and-a,C&A,EU,womens,36,,waist,68,72
c-and-a-eu-womens-g0,c-and-a,C&A,EU,womens,36,,hip,92,96
c-and-a-eu-womens-g0,c-and-a,C&A,EU,womens,38,,bust,88,92.5
c-and-a-eu-womens-g0,c-and-a,C&A,EU,womens,38,,waist,72,76.5
c-and-a-eu-womens-g0,c-and-a,C&A,EU,womens,38,,hip,96,100.5
c-and-a-eu-womens-g0,c-and-a,C&A,EU,womens,40,,bust,92.5,97.5
c-and-a-eu-womens-g0,c-and-a,C&A,EU,womens,40,,waist,76.5,81.5
c-and-a-eu-womens-g0,c-and-a,C&A,EU,womens,40,,hip,100.5,105.5
c-and-a-eu-womens-g0,c-and-a,C&A,EU,womens,42,,bust,97.5,102.5
c-and-a-eu-womens-g0,c-and-a,C&A,EU,womens,42,,waist,81.5,86.5
c-and-a-eu-womens-g0,c-and-a,C&A,EU,womens,42,,hip,105.5,110.5
c-and-a-eu-womens-g0,c-and-a,C&A,EU,womens,44,,bust,102.5,107.5
c-and-a-eu-womens-g0,c-and-a,C&A,EU,womens,44,,waist,86.5,91.5
c-and-a-eu-womens-g0,c-and-a,C&A,EU,womens,44,,hip,110.5,115.5
c-and-a-eu-womens-g0,c-and-a,C&A,EU,womens,46,,bust,107.5,112.5
c-and-a-eu-womens-g0,c-and-a,C&A,EU,womens,46,,waist,91.5,97
c-and-a-eu-womens-g0,c-and-a,C&A,EU,womens,46,,hip,115.5,120.5
c-and-a-eu-womens-g0,c-and-a,C&A,EU,womens,48,,bust,112.5,117.5
c-and-a-eu-womens-g0,c-and-a,C&A,EU,womens,48,,waist,97,103
c-and-a-eu-womens-g0,c-and-a,C&A,EU,womens,48,,hip,120.5,125.5
c-and-a-eu-womens-g0,c-and-a,C&A,EU,womens,50,,bust,117.5,122.5
c-and-a-eu-womens-g0,c-and-a,C&A,EU,womens,50,,waist,103,109
c-and-a-eu-womens-g0,c-and-a,C&A,EU,womens,50,,hip,125.5,130.5
c-and-a-eu-womens-g0,c-and-a,C&A,EU,womens,52,,bust,122.5,127.5
c-and-a-eu-womens-g0,c-and-a,C&A,EU,womens,52,,waist,109,115
c-and-a-eu-womens-g0,c-and-a,C&A,EU,womens,52,,hip,130.5,135.5
c-and-a-eu-womens-g0,c-and-a,C&A,EU,womens,54,,bust,127.5,132.5
c-and-a-eu-womens-g0,c-and-a,C&A,EU,womens,54,,waist,115,121
c-and-a-eu-womens-g0,c-and-a,C&A,EU,womens,54,,hip,135.5,140.5
c-and-a-eu-womens-g0,c-and-a,C&A,EU,womens,56,,bust,132.5,137.5
c-and-a-eu-womens-g0,c-and-a,C&A,EU,womens,56,,waist,121,127
c-and-a-eu-womens-g0,c-and-a,C&A,EU,womens,56,,hip,140.5,145.5
c-and-a-eu-womens-g0,c-and-a,C&A,EU,womens,58,,bust,137.5,142.5
c-and-a-eu-womens-g0,c-and-a,C&A,EU,womens,58,,waist,127,133
c-and-a-eu-womens-g0,c-and-a,C&A,EU,womens,58,,hip,145.5,150.5
c-and-a-eu-womens-g0,c-and-a,C&A,EU,womens,60,,bust,142.5,147.5
c-and-a-eu-womens-g0,c-and-a,C&A,EU,womens,60,,waist,133,139
c-and-a-eu-womens-g0,c-and-a,C&A,EU,womens,60,,hip,150.5,155.5
c-and-a-eu-womens-g0,c-and-a,C&A,EU,womens,62,,bust,147.5,152.5
c-and-a-eu-womens-g0,c-and-a,C&A,EU,womens,62,,waist,139,145
c-and-a-eu-womens-g0,c-and-a,C&A,EU,womens,62,,hip,155.5,160.5
c-and-a-eu-mens-g1,c-and-a,C&A,EU,mens,44,,bust,88,92
c-and-a-eu-mens-g1,c-and-a,C&A,EU,mens,44,,waist,74,78
c-and-a-eu-mens-g1,c-and-a,C&A,EU,mens,46,,bust,92,96
c-and-a-eu-mens-g1,c-and-a,C&A,EU,mens,46,,waist,78,82
c-and-a-eu-mens-g1,c-and-a,C&A,EU,mens,48,,bust,96,100
c-and-a-eu-mens-g1,c-and-a,C&A,EU,mens,48,,waist,82,86
c-and-a-eu-mens-g1,c-and-a,C&A,EU,mens,50,,bust,100,104
c-and-a-eu-mens-g1,c-and-a,C&A,EU,mens,50,,waist,86,90
c-and-a-eu-mens-g1,c-and-a,C&A,EU,mens,52,,bust,104,108
c-and-a-eu-mens-g1,c-and-a,C&A,EU,mens,52,,waist,90,94
c-and-a-eu-mens-g1,c-and-a,C&A,EU,mens,54,,bust,108,112
c-and-a-eu-mens-g1,c-and-a,C&A,EU,mens,54,,waist,94,98
c-and-a-eu-mens-g1,c-and-a,C&A,EU,mens,56,,bust,112,116.5
c-and-a-eu-mens-g1,c-and-a,C&A,EU,mens,56,,waist,98,102.5
c-and-a-eu-mens-g1,c-and-a,C&A,EU,mens,58,,bust,116.5,121.5
c-and-a-eu-mens-g1,c-and-a,C&A,EU,mens,58,,waist,102.5,107.5
c-and-a-eu-mens-g1,c-and-a,C&A,EU,mens,60,,bust,121.5,126.5
c-and-a-eu-mens-g1,c-and-a,C&A,EU,mens,60,,waist,107.5,112.5
c-and-a-eu-mens-g1,c-and-a,C&A,EU,mens,62,,bust,126.5,131.5
c-and-a-eu-mens-g1,c-and-a,C&A,EU,mens,62,,waist,112.5,117.5
c-and-a-eu-mens-g1,c-and-a,C&A,EU,mens,64,,bust,131.5,136.5
c-and-a-eu-mens-g1,c-and-a,C&A,EU,mens,64,,waist,117.5,122.5
c-and-a-eu-mens-g1,c-and-a,C&A,EU,mens,66,,bust,136.5,141.5
c-and-a-eu-mens-g1,c-and-a,C&A,EU,mens,66,,waist,122.5,127.5
c-and-a-eu-mens-g1,c-and-a,C&A,EU,mens,68,,bust,141.5,146.5
c-and-a-eu-mens-g1,c-and-a,C&A,EU,mens,68,,waist,127.5,132.5
c-and-a-eu-mens-g1,c-and-a,C&A,EU,mens,70,,bust,146.5,151.5
c-and-a-eu-mens-g1,c-and-a,C&A,EU,mens,70,,waist,132.5,137.5
c-and-a-eu-mens-g1,c-and-a,C&A,EU,mens,72,,bust,151.5,156.5
c-and-a-eu-mens-g1,c-and-a,C&A,EU,mens,72,,waist,137.5,142.5
c-and-a-eu-mens-g1,c-and-a,C&A,EU,mens,74,,bust,156.5,161.5
c-and-a-eu-mens-g1,c-and-a,C&A,EU,mens,74,,waist,142.5,147.5
c-and-a-eu-mens-g1,c-and-a,C&A,EU,mens,76,,bust,161.5,166.5
c-and-a-eu-mens-g1,c-and-a,C&A,EU,mens,76,,waist,147.5,152.5
c-and-a-eu-mens-g1,c-and-a,C&A,EU,mens,78,,bust,166.5,171.5
c-and-a-eu-mens-g1,c-and-a,C&A,EU,mens,78,,waist,152.5,157.5
adidas-eu-womens,adidas,adidas,EU,womens,28,,bust,74.5,77.5
adidas-eu-womens,adidas,adidas,EU,womens,28,,waist,58.5,61.5
adidas-eu-womens,adidas,adidas,EU,womens,28,,hip,83.5,86.5
adidas-eu-womens,adidas,adidas,EU,womens,30,,bust,77.5,80.5
adidas-eu-womens,adidas,adidas,EU,womens,30,,waist,61.5,64.5
adidas-eu-womens,adidas,adidas,EU,womens,30,,hip,86.5,89.5
adidas-eu-womens,adidas,adidas,EU,womens,32,,bust,80.5,83.5
adidas-eu-womens,adidas,adidas,EU,womens,32,,waist,64.5,67.5
adidas-eu-womens,adidas,adidas,EU,womens,32,,hip,89.5,92.5
adidas-eu-womens,adidas,adidas,EU,womens,34,,bust,83.5,86.5
adidas-eu-womens,adidas,adidas,EU,womens,34,,waist,67.5,70.5
adidas-eu-womens,adidas,adidas,EU,womens,34,,hip,92.5,95.5
adidas-eu-womens,adidas,adidas,EU,womens,36,,bust,86.5,89.5
adidas-eu-womens,adidas,adidas,EU,womens,36,,waist,70.5,73.5
adidas-eu-womens,adidas,adidas,EU,womens,36,,hip,95.5,98.5
adidas-eu-womens,adidas,adidas,EU,womens,38,,bust,89.5,92.5
adidas-eu-womens,adidas,adidas,EU,womens,38,,waist,73.5,76.5
adidas-eu-womens,adidas,adidas,EU,womens,38,,hip,98.5,101.5
adidas-eu-womens,adidas,adidas,EU,womens,40,,bust,92.5,95.8
adidas-eu-womens,adidas,adidas,EU,womens,40,,waist,76.5,79.8
adidas-eu-womens,adidas,adidas,EU,womens,40,,hip,101.5,104.8
adidas-eu-womens,adidas,adidas,EU,womens,42,,bust,95.8,99.3
adidas-eu-womens,adidas,adidas,EU,womens,42,,waist,79.8,83.3
adidas-eu-womens,adidas,adidas,EU,womens,42,,hip,104.8,108.3
adidas-eu-womens,adidas,adidas,EU,womens,44,,bust,99.3,103
adidas-eu-womens,adidas,adidas,EU,womens,44,,waist,83.3,87.3
adidas-eu-womens,adidas,adidas,EU,womens,44,,hip,108.3,111.8
adidas-eu-womens,adidas,adidas,EU,womens,46,,bust,103,107
adidas-eu-womens,adidas,adidas,EU,womens,46,,waist,87.3,91.8
adidas-eu-womens,adidas,adidas,EU,womens,46,,hip,111.8,115.3
adidas-eu-womens,adidas,adidas,EU,womens,48,,bust,107,111.3
adidas-eu-womens,adidas,adidas,EU,womens,48,,waist,91.8,96.5
adidas-eu-womens,adidas,adidas,EU,womens,48,,hip,115.3,119
adidas-eu-womens,adidas,adidas,EU,womens,50,,bust,111.3,115.8
adidas-eu-womens,adidas,adidas,EU,womens,50,,waist,96.5,101.5
adidas-eu-womens,adidas,adidas,EU,womens,50,,hip,119,123
adidas-eu-womens,adidas,adidas,EU,womens,52,,bust,115.8,120.3
adidas-eu-womens,adidas,adidas,EU,womens,52,,waist,101.5,106.5
adidas-eu-womens,adidas,adidas,EU,womens,52,,hip,123,127
adidas-int-womens,adidas,adidas,INT,womens,3XS,,bust,73,78
adidas-int-womens,adidas,adidas,INT,womens,3XS,,waist,57,60
adidas-int-womens,adidas,adidas,INT,womens,3XS,,hip,81,85
adidas-int-womens,adidas,adidas,INT,womens,2XS,,bust,78,82
adidas-int-womens,adidas,adidas,INT,womens,2XS,,waist,61,68
adidas-int-womens,adidas,adidas,INT,womens,2XS,,hip,86,91
adidas-int-womens,adidas,adidas,INT,womens,XS,,bust,83,88
adidas-int-womens,adidas,adidas,INT,womens,XS,,waist,69,72
adidas-int-womens,adidas,adidas,INT,womens,XS,,hip,92,97
adidas-int-womens,adidas,adidas,INT,womens,S,,bust,89,94
adidas-int-womens,adidas,adidas,INT,womens,S,,waist,73,78
adidas-int-womens,adidas,adidas,INT,womens,S,,hip,98,103
adidas-int-womens,adidas,adidas,INT,womens,M,,bust,95,100
adidas-int-womens,adidas,adidas,INT,womens,M,,waist,79,88
adidas-int-womens,adidas,adidas,INT,womens,M,,hip,104,110
adidas-int-womens,adidas,adidas,INT,womens,L,,bust,101,108
adidas-int-womens,adidas,adidas,INT,womens,L,,waist,89,96
adidas-int-womens,adidas,adidas,INT,womens,L,,hip,111,117
adidas-int-womens,adidas,adidas,INT,womens,XL,,bust,109,118
adidas-int-womens,adidas,adidas,INT,womens,XL,,waist,97,106
adidas-int-womens,adidas,adidas,INT,womens,XL,,hip,118,125
adidas-int-womens,adidas,adidas,INT,womens,2XL,,bust,119,130
adidas-int-womens,adidas,adidas,INT,womens,2XL,,waist,107,119
adidas-int-womens,adidas,adidas,INT,womens,2XL,,hip,126,130
adidas-int-womens,adidas,adidas,INT,womens,3XL,,bust,131,142
adidas-int-womens,adidas,adidas,INT,womens,3XL,,waist,120,132
adidas-int-womens,adidas,adidas,INT,womens,3XL,,hip,131,137
adidas-int-womens,adidas,adidas,INT,womens,4XL,,bust,143,154
adidas-int-womens,adidas,adidas,INT,womens,4XL,,waist,133,145
adidas-int-womens,adidas,adidas,INT,womens,4XL,,hip,138,145
adidas-ru-womens,adidas,adidas,RU,womens,38,2XS,bust,74.5,77.5
adidas-ru-womens,adidas,adidas,RU,womens,38,2XS,waist,58.5,61.5
adidas-ru-womens,adidas,adidas,RU,womens,38,2XS,hip,83.5,86.5
adidas-ru-womens,adidas,adidas,RU,womens,40,XS,bust,77.5,80.5
adidas-ru-womens,adidas,adidas,RU,womens,40,XS,waist,61.5,64.5
adidas-ru-womens,adidas,adidas,RU,womens,40,XS,hip,86.5,89.5
adidas-ru-womens,adidas,adidas,RU,womens,40-42,XS,bust,80.5,83.5
adidas-ru-womens,adidas,adidas,RU,womens,40-42,XS,waist,64.5,67.5
adidas-ru-womens,adidas,adidas,RU,womens,40-42,XS,hip,89.5,92.5
adidas-ru-womens,adidas,adidas,RU,womens,42,S,bust,83.5,86.5
adidas-ru-womens,adidas,adidas,RU,womens,42,S,waist,67.5,70.5
adidas-ru-womens,adidas,adidas,RU,womens,42,S,hip,92.5,95.5
adidas-ru-womens,adidas,adidas,RU,womens,44,S,bust,86.5,89.5
adidas-ru-womens,adidas,adidas,RU,womens,44,S,waist,70.5,73.5
adidas-ru-womens,adidas,adidas,RU,womens,44,S,hip,95.5,98.5
adidas-ru-womens,adidas,adidas,RU,womens,46,M,bust,89.5,92.5
adidas-ru-womens,adidas,adidas,RU,womens,46,M,waist,73.5,76.5
adidas-ru-womens,adidas,adidas,RU,womens,46,M,hip,98.5,101.5
adidas-ru-womens,adidas,adidas,RU,womens,46-48,M,bust,92.5,95.8
adidas-ru-womens,adidas,adidas,RU,womens,46-48,M,waist,76.5,79.8
adidas-ru-womens,adidas,adidas,RU,womens,46-48,M,hip,101.5,104.8
adidas-ru-womens,adidas,adidas,RU,womens,48,L,bust,95.8,99.3
adidas-ru-womens,adidas,adidas,RU,womens,48,L,waist,79.8,83.3
adidas-ru-womens,adidas,adidas,RU,womens,48,L,hip,104.8,108.3
adidas-ru-womens,adidas,adidas,RU,womens,50,L,bust,99.3,103
adidas-ru-womens,adidas,adidas,RU,womens,50,L,waist,83.3,87.3
adidas-ru-womens,adidas,adidas,RU,womens,50,L,hip,108.3,111.8
adidas-ru-womens,adidas,adidas,RU,womens,52,XL,bust,103,107
adidas-ru-womens,adidas,adidas,RU,womens,52,XL,waist,87.3,91.8
adidas-ru-womens,adidas,adidas,RU,womens,52,XL,hip,111.8,115.3
adidas-ru-womens,adidas,adidas,RU,womens,54,XL,bust,107,111.3
adidas-ru-womens,adidas,adidas,RU,womens,54,XL,waist,91.8,96.5
adidas-ru-womens,adidas,adidas,RU,womens,54,XL,hip,115.3,119
adidas-ru-womens,adidas,adidas,RU,womens,56,2XL,bust,111.3,115.8
adidas-ru-womens,adidas,adidas,RU,womens,56,2XL,waist,96.5,101.5
adidas-ru-womens,adidas,adidas,RU,womens,56,2XL,hip,119,123
adidas-ru-womens,adidas,adidas,RU,womens,58,2XL,bust,115.8,120.3
adidas-ru-womens,adidas,adidas,RU,womens,58,2XL,waist,101.5,106.5
adidas-ru-womens,adidas,adidas,RU,womens,58,2XL,hip,123,127
puma-int-mens-g0,puma,PUMA,INT,mens,XXS,,bust,73,80
puma-int-mens-g0,puma,PUMA,INT,mens,XXS,,waist,60,67
puma-int-mens-g0,puma,PUMA,INT,mens,XXS,,hip,72,79
puma-int-mens-g0,puma,PUMA,INT,mens,XS,,bust,81,88
puma-int-mens-g0,puma,PUMA,INT,mens,XS,,waist,68,75
puma-int-mens-g0,puma,PUMA,INT,mens,XS,,hip,80,87
puma-int-mens-g0,puma,PUMA,INT,mens,S,,bust,89,96
puma-int-mens-g0,puma,PUMA,INT,mens,S,,waist,76,83
puma-int-mens-g0,puma,PUMA,INT,mens,S,,hip,88,95
puma-int-mens-g0,puma,PUMA,INT,mens,M,,bust,97,104
puma-int-mens-g0,puma,PUMA,INT,mens,M,,waist,84,91
puma-int-mens-g0,puma,PUMA,INT,mens,M,,hip,96,103
puma-int-mens-g0,puma,PUMA,INT,mens,L,,bust,105,113
puma-int-mens-g0,puma,PUMA,INT,mens,L,,waist,92,100
puma-int-mens-g0,puma,PUMA,INT,mens,L,,hip,104,112
puma-int-mens-g0,puma,PUMA,INT,mens,XL,,bust,114,123
puma-int-mens-g0,puma,PUMA,INT,mens,XL,,waist,101,110
puma-int-mens-g0,puma,PUMA,INT,mens,XL,,hip,113,122
puma-int-mens-g0,puma,PUMA,INT,mens,2XL,,bust,124,133
puma-int-mens-g0,puma,PUMA,INT,mens,2XL,,waist,111,121
puma-int-mens-g0,puma,PUMA,INT,mens,2XL,,hip,123,132
puma-int-mens-g0,puma,PUMA,INT,mens,3XL,,bust,134,143
puma-int-mens-g0,puma,PUMA,INT,mens,3XL,,waist,122,132
puma-int-mens-g0,puma,PUMA,INT,mens,3XL,,hip,133,142
puma-int-mens-g0,puma,PUMA,INT,mens,4XL,,bust,144,153
puma-int-mens-g0,puma,PUMA,INT,mens,4XL,,waist,133,143
puma-int-mens-g0,puma,PUMA,INT,mens,4XL,,hip,143,152
puma-int-womens-g1,puma,PUMA,INT,womens,1X,,bust,109,117
puma-int-womens-g1,puma,PUMA,INT,womens,1X,,waist,94,103
puma-int-womens-g1,puma,PUMA,INT,womens,1X,,hip,115,123
puma-int-womens-g1,puma,PUMA,INT,womens,2X,,bust,118,126
puma-int-womens-g1,puma,PUMA,INT,womens,2X,,waist,104,113
puma-int-womens-g1,puma,PUMA,INT,womens,2X,,hip,124,132
puma-int-womens-g1,puma,PUMA,INT,womens,3X,,bust,127,135
puma-int-womens-g1,puma,PUMA,INT,womens,3X,,waist,114,122
puma-int-womens-g1,puma,PUMA,INT,womens,3X,,hip,133,141
asos-int-mens,asos,ASOS,INT,mens,XXS,,waist,66,71
asos-int-mens,asos,ASOS,INT,mens,XS,,waist,71,76
asos-int-mens,asos,ASOS,INT,mens,S,,waist,76,81
asos-int-mens,asos,ASOS,INT,mens,M,,waist,81,86
asos-int-mens,asos,ASOS,INT,mens,L,,waist,86,91
asos-int-mens,asos,ASOS,INT,mens,XL,,waist,91,96
asos-int-mens,asos,ASOS,INT,mens,XXL,,waist,96,101
asos-uk-womens-g0,asos,ASOS,UK,womens,4,,bust,74.8,77.3
asos-uk-womens-g0,asos,ASOS,UK,womens,4,,waist,56.8,59.3
asos-uk-womens-g0,asos,ASOS,UK,womens,4,,hip,82.3,84.8
asos-uk-womens-g0,asos,ASOS,UK,womens,6,,bust,77.3,79.8
asos-uk-womens-g0,asos,ASOS,UK,womens,6,,waist,59.3,61.8
asos-uk-womens-g0,asos,ASOS,UK,womens,6,,hip,84.8,87.3
asos-uk-womens-g0,asos,ASOS,UK,womens,8,,bust,79.8,86
asos-uk-womens-g0,asos,ASOS,UK,womens,8,,waist,61.8,67.5
asos-uk-womens-g0,asos,ASOS,UK,womens,8,,hip,87.3,92.3
asos-uk-womens-g0,asos,ASOS,UK,womens,10,,bust,86,92.5
asos-uk-womens-g0,asos,ASOS,UK,womens,10,,waist,67.5,72.5
asos-uk-womens-g0,asos,ASOS,UK,womens,10,,hip,92.3,97.3
asos-uk-womens-g0,asos,ASOS,UK,womens,12,,bust,92.5,95
asos-uk-womens-g0,asos,ASOS,UK,womens,12,,waist,72.5,75.5
asos-uk-womens-g0,asos,ASOS,UK,womens,12,,hip,97.3,101
asos-uk-womens-g0,asos,ASOS,UK,womens,14,,bust,95,98.5
asos-uk-womens-g0,asos,ASOS,UK,womens,14,,waist,75.5,80.5
asos-uk-womens-g0,asos,ASOS,UK,womens,14,,hip,101,106
asos-uk-womens-g0,asos,ASOS,UK,womens,16,,bust,98.5,104.8
asos-uk-womens-g0,asos,ASOS,UK,womens,16,,waist,80.5,86.8
asos-uk-womens-g0,asos,ASOS,UK,womens,16,,hip,106,112.3
asos-uk-womens-g0,asos,ASOS,UK,womens,18,,bust,104.8,112.3
asos-uk-womens-g0,asos,ASOS,UK,womens,18,,waist,86.8,94.3
asos-uk-womens-g0,asos,ASOS,UK,womens,18,,hip,112.3,119.8
asos-uk-womens-g0,asos,ASOS,UK,womens,20,,bust,112.3,119
asos-uk-womens-g0,asos,ASOS,UK,womens,20,,waist,94.3,101
asos-uk-womens-g0,asos,ASOS,UK,womens,20,,hip,119.8,126.5
asos-uk-womens-g0,asos,ASOS,UK,womens,22,,bust,119,125
asos-uk-womens-g0,asos,ASOS,UK,womens,22,,waist,101,107
asos-uk-womens-g0,asos,ASOS,UK,womens,22,,hip,126.5,132.5
asos-uk-womens-g0,asos,ASOS,UK,womens,24,,bust,125,131
asos-uk-womens-g0,asos,ASOS,UK,womens,24,,waist,107,113
asos-uk-womens-g0,asos,ASOS,UK,womens,24,,hip,132.5,138.5
asos-uk-womens-g0,asos,ASOS,UK,womens,26,,bust,131,137
asos-uk-womens-g0,asos,ASOS,UK,womens,26,,waist,113,119
asos-uk-womens-g0,asos,ASOS,UK,womens,26,,hip,138.5,144.5
asos-uk-mens-g2,asos,ASOS,UK,mens,28,,waist,68.5,73.5
asos-uk-mens-g2,asos,ASOS,UK,mens,30,,waist,73.5,78.5
asos-uk-mens-g2,asos,ASOS,UK,mens,32,,waist,78.5,83.5
asos-uk-mens-g2,asos,ASOS,UK,mens,34,,waist,83.5,88.5
asos-uk-mens-g2,asos,ASOS,UK,mens,36,,waist,88.5,93.5
asos-uk-mens-g2,asos,ASOS,UK,mens,38,,waist,93.5,98.5
boohoo-us-womens,boohoo,boohoo,US,womens,0,,bust,78.8,81.3
boohoo-us-womens,boohoo,boohoo,US,womens,0,,waist,60.8,63.3
boohoo-us-womens,boohoo,boohoo,US,womens,0,,hip,86.8,89.3
boohoo-us-womens,boohoo,boohoo,US,womens,2,,bust,81.3,83.8
boohoo-us-womens,boohoo,boohoo,US,womens,2,,waist,63.3,65.8
boohoo-us-womens,boohoo,boohoo,US,womens,2,,hip,89.3,91.8
boohoo-us-womens,boohoo,boohoo,US,womens,4,,bust,83.8,87.5
boohoo-us-womens,boohoo,boohoo,US,womens,4,,waist,65.8,69.5
boohoo-us-womens,boohoo,boohoo,US,womens,4,,hip,91.8,95.5
boohoo-us-womens,boohoo,boohoo,US,womens,6,,bust,87.5,92.5
boohoo-us-womens,boohoo,boohoo,US,womens,6,,waist,69.5,74.5
boohoo-us-womens,boohoo,boohoo,US,womens,6,,hip,95.5,100.5
boohoo-us-womens,boohoo,boohoo,US,womens,8,,bust,92.5,97.5
boohoo-us-womens,boohoo,boohoo,US,womens,8,,waist,74.5,79.5
boohoo-us-womens,boohoo,boohoo,US,womens,8,,hip,100.5,105.5
boohoo-us-womens,boohoo,boohoo,US,womens,10,,bust,97.5,102.5
boohoo-us-womens,boohoo,boohoo,US,womens,10,,waist,79.5,84.5
boohoo-us-womens,boohoo,boohoo,US,womens,10,,hip,105.5,110.5
boohoo-us-womens,boohoo,boohoo,US,womens,12,,bust,102.5,108
boohoo-us-womens,boohoo,boohoo,US,womens,12,,waist,84.5,90
boohoo-us-womens,boohoo,boohoo,US,womens,12,,hip,110.5,116
boohoo-us-womens,boohoo,boohoo,US,womens,14,,bust,108,114
boohoo-us-womens,boohoo,boohoo,US,womens,14,,waist,90,96
boohoo-us-womens,boohoo,boohoo,US,womens,14,,hip,116,122
boohoo-us-womens,boohoo,boohoo,US,womens,16,,bust,114,120
boohoo-us-womens,boohoo,boohoo,US,womens,16,,waist,96,102
boohoo-us-womens,boohoo,boohoo,US,womens,16,,hip,122,128
boohoo-us-womens,boohoo,boohoo,US,womens,18,,bust,120,126
boohoo-us-womens,boohoo,boohoo,US,womens,18,,waist,102,108
boohoo-us-womens,boohoo,boohoo,US,womens,18,,hip,128,134
boohoo-us-womens,boohoo,boohoo,US,womens,20,,bust,126,132
boohoo-us-womens,boohoo,boohoo,US,womens,20,,waist,108,114
boohoo-us-womens,boohoo,boohoo,US,womens,20,,hip,134,140
boohoo-us-womens,boohoo,boohoo,US,womens,22,,bust,132,138
boohoo-us-womens,boohoo,boohoo,US,womens,22,,waist,114,120
boohoo-us-womens,boohoo,boohoo,US,womens,22,,hip,140,146
boohoo-us-womens,boohoo,boohoo,US,womens,24,,bust,138,145.5
boohoo-us-womens,boohoo,boohoo,US,womens,24,,waist,120,127.5
boohoo-us-womens,boohoo,boohoo,US,womens,24,,hip,146,153.5
boohoo-us-womens,boohoo,boohoo,US,womens,26,,bust,145.5,154.5
boohoo-us-womens,boohoo,boohoo,US,womens,26,,waist,127.5,136.5
boohoo-us-womens,boohoo,boohoo,US,womens,26,,hip,153.5,162.5
boohoo-uk-womens,boohoo,boohoo,UK,womens,4,,bust,78.8,81.3
boohoo-uk-womens,boohoo,boohoo,UK,womens,4,,waist,60.8,63.3
boohoo-uk-womens,boohoo,boohoo,UK,womens,4,,hip,86.8,89.3
boohoo-uk-womens,boohoo,boohoo,UK,womens,6,,bust,81.3,83.8
boohoo-uk-womens,boohoo,boohoo,UK,womens,6,,waist,63.3,65.8
boohoo-uk-womens,boohoo,boohoo,UK,womens,6,,hip,89.3,91.8
boohoo-uk-womens,boohoo,boohoo,UK,womens,8,,bust,83.8,87.5
boohoo-uk-womens,boohoo,boohoo,UK,womens,8,,waist,65.8,69.5
boohoo-uk-womens,boohoo,boohoo,UK,womens,8,,hip,91.8,95.5
boohoo-uk-womens,boohoo,boohoo,UK,womens,10,,bust,87.5,92.5
boohoo-uk-womens,boohoo,boohoo,UK,womens,10,,waist,69.5,74.5
boohoo-uk-womens,boohoo,boohoo,UK,womens,10,,hip,95.5,100.5
boohoo-uk-womens,boohoo,boohoo,UK,womens,12,,bust,92.5,97.5
boohoo-uk-womens,boohoo,boohoo,UK,womens,12,,waist,74.5,79.5
boohoo-uk-womens,boohoo,boohoo,UK,womens,12,,hip,100.5,105.5
boohoo-uk-womens,boohoo,boohoo,UK,womens,14,,bust,97.5,102.5
boohoo-uk-womens,boohoo,boohoo,UK,womens,14,,waist,79.5,84.5
boohoo-uk-womens,boohoo,boohoo,UK,womens,14,,hip,105.5,110.5
boohoo-uk-womens,boohoo,boohoo,UK,womens,16,,bust,102.5,108
boohoo-uk-womens,boohoo,boohoo,UK,womens,16,,waist,84.5,90
boohoo-uk-womens,boohoo,boohoo,UK,womens,16,,hip,110.5,116
boohoo-uk-womens,boohoo,boohoo,UK,womens,18,,bust,108,114
boohoo-uk-womens,boohoo,boohoo,UK,womens,18,,waist,90,96
boohoo-uk-womens,boohoo,boohoo,UK,womens,18,,hip,116,122
boohoo-uk-womens,boohoo,boohoo,UK,womens,20,,bust,114,120
boohoo-uk-womens,boohoo,boohoo,UK,womens,20,,waist,96,102
boohoo-uk-womens,boohoo,boohoo,UK,womens,20,,hip,122,128
boohoo-uk-womens,boohoo,boohoo,UK,womens,22,,bust,120,126
boohoo-uk-womens,boohoo,boohoo,UK,womens,22,,waist,102,108
boohoo-uk-womens,boohoo,boohoo,UK,womens,22,,hip,128,134
boohoo-uk-womens,boohoo,boohoo,UK,womens,24,,bust,126,132
boohoo-uk-womens,boohoo,boohoo,UK,womens,24,,waist,108,114
boohoo-uk-womens,boohoo,boohoo,UK,womens,24,,hip,134,140
boohoo-uk-womens,boohoo,boohoo,UK,womens,26,,bust,132,138
boohoo-uk-womens,boohoo,boohoo,UK,womens,26,,waist,114,120
boohoo-uk-womens,boohoo,boohoo,UK,womens,26,,hip,140,146
boohoo-uk-womens,boohoo,boohoo,UK,womens,28,,bust,138,144
boohoo-uk-womens,boohoo,boohoo,UK,womens,28,,waist,120,126
boohoo-uk-womens,boohoo,boohoo,UK,womens,28,,hip,146,152
boohoo-uk-womens,boohoo,boohoo,UK,womens,30,,bust,144,150
boohoo-uk-womens,boohoo,boohoo,UK,womens,30,,waist,126,132
boohoo-uk-womens,boohoo,boohoo,UK,womens,30,,hip,152,158
boohoo-uk-womens,boohoo,boohoo,UK,womens,32,,bust,150,156
boohoo-uk-womens,boohoo,boohoo,UK,womens,32,,waist,132,138
boohoo-uk-womens,boohoo,boohoo,UK,womens,32,,hip,158,164
boohoo-fr-womens,boohoo,boohoo,FR,womens,32,,bust,78.8,81.3
boohoo-fr-womens,boohoo,boohoo,FR,womens,32,,waist,60.8,63.3
boohoo-fr-womens,boohoo,boohoo,FR,womens,32,,hip,86.8,89.3
boohoo-fr-womens,boohoo,boohoo,FR,womens,34,,bust,81.3,83.8
boohoo-fr-womens,boohoo,boohoo,FR,womens,34,,waist,63.3,65.8
boohoo-fr-womens,boohoo,boohoo,FR,womens,34,,hip,89.3,91.8
boohoo-fr-womens,boohoo,boohoo,FR,womens,36,,bust,83.8,87.5
boohoo-fr-womens,boohoo,boohoo,FR,womens,36,,waist,65.8,69.5
boohoo-fr-womens,boohoo,boohoo,FR,womens,36,,hip,91.8,95.5
boohoo-fr-womens,boohoo,boohoo,FR,womens,38,,bust,87.5,92.5
boohoo-fr-womens,boohoo,boohoo,FR,womens,38,,waist,69.5,74.5
boohoo-fr-womens,boohoo,boohoo,FR,womens,38,,hip,95.5,100.5
boohoo-fr-womens,boohoo,boohoo,FR,womens,40,,bust,92.5,97.5
boohoo-fr-womens,boohoo,boohoo,FR,womens,40,,waist,74.5,79.5
boohoo-fr-womens,boohoo,boohoo,FR,womens,40,,hip,100.5,105.5
boohoo-fr-womens,boohoo,boohoo,FR,womens,42,,bust,97.5,102.5
boohoo-fr-womens,boohoo,boohoo,FR,womens,42,,waist,79.5,84.5
boohoo-fr-womens,boohoo,boohoo,FR,womens,42,,hip,105.5,110.5
boohoo-fr-womens,boohoo,boohoo,FR,womens,44,,bust,102.5,108
boohoo-fr-womens,boohoo,boohoo,FR,womens,44,,waist,84.5,90
boohoo-fr-womens,boohoo,boohoo,FR,womens,44,,hip,110.5,116
boohoo-fr-womens,boohoo,boohoo,FR,womens,46,,bust,108,114
boohoo-fr-womens,boohoo,boohoo,FR,womens,46,,waist,90,96
boohoo-fr-womens,boohoo,boohoo,FR,womens,46,,hip,116,122
boohoo-fr-womens,boohoo,boohoo,FR,womens,48,,bust,114,120
boohoo-fr-womens,boohoo,boohoo,FR,womens,48,,waist,96,102
boohoo-fr-womens,boohoo,boohoo,FR,womens,48,,hip,122,128
boohoo-fr-womens,boohoo,boohoo,FR,womens,50,,bust,120,126
boohoo-fr-womens,boohoo,boohoo,FR,womens,50,,waist,102,108
boohoo-fr-womens,boohoo,boohoo,FR,womens,50,,hip,128,134
boohoo-fr-womens,boohoo,boohoo,FR,womens,52,,bust,126,132
boohoo-fr-womens,boohoo,boohoo,FR,womens,52,,waist,108,114
boohoo-fr-womens,boohoo,boohoo,FR,womens,52,,hip,134,140
boohoo-fr-womens,boohoo,boohoo,FR,womens,54,,bust,132,138
boohoo-fr-womens,boohoo,boohoo,FR,womens,54,,waist,114,120
boohoo-fr-womens,boohoo,boohoo,FR,womens,54,,hip,140,146
boohoo-fr-womens,boohoo,boohoo,FR,womens,56,,bust,138,145.5
boohoo-fr-womens,boohoo,boohoo,FR,womens,56,,waist,120,127.5
boohoo-fr-womens,boohoo,boohoo,FR,womens,56,,hip,146,153.5
boohoo-fr-womens,boohoo,boohoo,FR,womens,58,,bust,145.5,154.5
boohoo-fr-womens,boohoo,boohoo,FR,womens,58,,waist,127.5,136.5
boohoo-fr-womens,boohoo,boohoo,FR,womens,58,,hip,153.5,162.5
boohoo-it-womens,boohoo,boohoo,IT,womens,36,,bust,78.8,81.3
boohoo-it-womens,boohoo,boohoo,IT,womens,36,,waist,60.8,63.3
boohoo-it-womens,boohoo,boohoo,IT,womens,36,,hip,86.8,89.3
boohoo-it-womens,boohoo,boohoo,IT,womens,38,,bust,81.3,83.8
boohoo-it-womens,boohoo,boohoo,IT,womens,38,,waist,63.3,65.8
boohoo-it-womens,boohoo,boohoo,IT,womens,38,,hip,89.3,91.8
boohoo-it-womens,boohoo,boohoo,IT,womens,40,,bust,83.8,87.5
boohoo-it-womens,boohoo,boohoo,IT,womens,40,,waist,65.8,69.5
boohoo-it-womens,boohoo,boohoo,IT,womens,40,,hip,91.8,95.5
boohoo-it-womens,boohoo,boohoo,IT,womens,42,,bust,87.5,92.5
boohoo-it-womens,boohoo,boohoo,IT,womens,42,,waist,69.5,74.5
boohoo-it-womens,boohoo,boohoo,IT,womens,42,,hip,95.5,100.5
boohoo-it-womens,boohoo,boohoo,IT,womens,44,,bust,92.5,97.5
boohoo-it-womens,boohoo,boohoo,IT,womens,44,,waist,74.5,79.5
boohoo-it-womens,boohoo,boohoo,IT,womens,44,,hip,100.5,105.5
boohoo-it-womens,boohoo,boohoo,IT,womens,46,,bust,97.5,102.5
boohoo-it-womens,boohoo,boohoo,IT,womens,46,,waist,79.5,84.5
boohoo-it-womens,boohoo,boohoo,IT,womens,46,,hip,105.5,110.5
boohoo-it-womens,boohoo,boohoo,IT,womens,48,,bust,102.5,108
boohoo-it-womens,boohoo,boohoo,IT,womens,48,,waist,84.5,90
boohoo-it-womens,boohoo,boohoo,IT,womens,48,,hip,110.5,116
boohoo-it-womens,boohoo,boohoo,IT,womens,50,,bust,108,114
boohoo-it-womens,boohoo,boohoo,IT,womens,50,,waist,90,96
boohoo-it-womens,boohoo,boohoo,IT,womens,50,,hip,116,122
boohoo-it-womens,boohoo,boohoo,IT,womens,52,,bust,114,120
boohoo-it-womens,boohoo,boohoo,IT,womens,52,,waist,96,102
boohoo-it-womens,boohoo,boohoo,IT,womens,52,,hip,122,128
boohoo-it-womens,boohoo,boohoo,IT,womens,54,,bust,120,126
boohoo-it-womens,boohoo,boohoo,IT,womens,54,,waist,102,108
boohoo-it-womens,boohoo,boohoo,IT,womens,54,,hip,128,134
boohoo-it-womens,boohoo,boohoo,IT,womens,56,,bust,126,132
boohoo-it-womens,boohoo,boohoo,IT,womens,56,,waist,108,114
boohoo-it-womens,boohoo,boohoo,IT,womens,56,,hip,134,140
boohoo-it-womens,boohoo,boohoo,IT,womens,58,,bust,132,138
boohoo-it-womens,boohoo,boohoo,IT,womens,58,,waist,114,120
boohoo-it-womens,boohoo,boohoo,IT,womens,58,,hip,140,146
boohoo-it-womens,boohoo,boohoo,IT,womens,60,,bust,138,145.5
boohoo-it-womens,boohoo,boohoo,IT,womens,60,,waist,120,127.5
boohoo-it-womens,boohoo,boohoo,IT,womens,60,,hip,146,153.5
boohoo-it-womens,boohoo,boohoo,IT,womens,62,,bust,145.5,154.5
boohoo-it-womens,boohoo,boohoo,IT,womens,62,,waist,127.5,136.5
boohoo-it-womens,boohoo,boohoo,IT,womens,62,,hip,153.5,162.5
prettylittlething-us-womens,prettylittlething,PrettyLittleThing,US,womens,0,,bust,85.2,87.7
prettylittlething-us-womens,prettylittlething,PrettyLittleThing,US,womens,0,,waist,60.9,63.5
prettylittlething-us-womens,prettylittlething,PrettyLittleThing,US,womens,0,,hip,96.6,99.1
prettylittlething-us-womens,prettylittlething,PrettyLittleThing,US,womens,2,,bust,87.7,90.2
prettylittlething-us-womens,prettylittlething,PrettyLittleThing,US,womens,2,,waist,63.5,66.1
prettylittlething-us-womens,prettylittlething,PrettyLittleThing,US,womens,2,,hip,99.1,101.6
prettylittlething-us-womens,prettylittlething,PrettyLittleThing,US,womens,4,,bust,90.2,94
prettylittlething-us-womens,prettylittlething,PrettyLittleThing,US,womens,4,,waist,66.1,69.9
prettylittlething-us-womens,prettylittlething,PrettyLittleThing,US,womens,4,,hip,101.6,105.5
prettylittlething-us-womens,prettylittlething,PrettyLittleThing,US,womens,6,,bust,94,99.1
prettylittlething-us-womens,prettylittlething,PrettyLittleThing,US,womens,6,,waist,69.9,75
prettylittlething-us-womens,prettylittlething,PrettyLittleThing,US,womens,6,,hip,105.5,110.5
prettylittlething-us-womens,prettylittlething,PrettyLittleThing,US,womens,8,,bust,99.1,103.5
prettylittlething-us-womens,prettylittlething,PrettyLittleThing,US,womens,8,,waist,75,80.1
prettylittlething-us-womens,prettylittlething,PrettyLittleThing,US,womens,8,,hip,110.5,115.6
prettylittlething-us-womens,prettylittlething,PrettyLittleThing,US,womens,10,,bust,103.5,108
prettylittlething-us-womens,prettylittlething,PrettyLittleThing,US,womens,10,,waist,80.1,85.1
prettylittlething-us-womens,prettylittlething,PrettyLittleThing,US,womens,10,,hip,115.6,120.7
prettylittlething-us-womens,prettylittlething,PrettyLittleThing,US,womens,12,,bust,108,113.7
prettylittlething-us-womens,prettylittlething,PrettyLittleThing,US,womens,12,,waist,85.1,90.2
prettylittlething-us-womens,prettylittlething,PrettyLittleThing,US,womens,12,,hip,120.7,126.4
prettylittlething-us-womens,prettylittlething,PrettyLittleThing,US,womens,14,,bust,113.7,120
prettylittlething-us-womens,prettylittlething,PrettyLittleThing,US,womens,14,,waist,90.2,95.9
prettylittlething-us-womens,prettylittlething,PrettyLittleThing,US,womens,14,,hip,126.4,132.1
prettylittlething-us-womens,prettylittlething,PrettyLittleThing,US,womens,16,,bust,120,126.4
prettylittlething-us-womens,prettylittlething,PrettyLittleThing,US,womens,16,,waist,95.9,102.3
prettylittlething-us-womens,prettylittlething,PrettyLittleThing,US,womens,16,,hip,132.1,137.1
prettylittlething-uk-womens,prettylittlething,PrettyLittleThing,UK,womens,4,,bust,85.2,87.7
prettylittlething-uk-womens,prettylittlething,PrettyLittleThing,UK,womens,4,,waist,60.9,63.5
prettylittlething-uk-womens,prettylittlething,PrettyLittleThing,UK,womens,4,,hip,96.6,99.1
prettylittlething-uk-womens,prettylittlething,PrettyLittleThing,UK,womens,6,,bust,87.7,90.2
prettylittlething-uk-womens,prettylittlething,PrettyLittleThing,UK,womens,6,,waist,63.5,66.1
prettylittlething-uk-womens,prettylittlething,PrettyLittleThing,UK,womens,6,,hip,99.1,101.6
prettylittlething-uk-womens,prettylittlething,PrettyLittleThing,UK,womens,8,,bust,90.2,94
prettylittlething-uk-womens,prettylittlething,PrettyLittleThing,UK,womens,8,,waist,66.1,69.9
prettylittlething-uk-womens,prettylittlething,PrettyLittleThing,UK,womens,8,,hip,101.6,105.5
prettylittlething-uk-womens,prettylittlething,PrettyLittleThing,UK,womens,10,,bust,94,99.1
prettylittlething-uk-womens,prettylittlething,PrettyLittleThing,UK,womens,10,,waist,69.9,75
prettylittlething-uk-womens,prettylittlething,PrettyLittleThing,UK,womens,10,,hip,105.5,110.5
prettylittlething-uk-womens,prettylittlething,PrettyLittleThing,UK,womens,12,,bust,99.1,103.5
prettylittlething-uk-womens,prettylittlething,PrettyLittleThing,UK,womens,12,,waist,75,80.1
prettylittlething-uk-womens,prettylittlething,PrettyLittleThing,UK,womens,12,,hip,110.5,115.6
prettylittlething-uk-womens,prettylittlething,PrettyLittleThing,UK,womens,14,,bust,103.5,108
prettylittlething-uk-womens,prettylittlething,PrettyLittleThing,UK,womens,14,,waist,80.1,85.1
prettylittlething-uk-womens,prettylittlething,PrettyLittleThing,UK,womens,14,,hip,115.6,120.7
prettylittlething-uk-womens,prettylittlething,PrettyLittleThing,UK,womens,16,,bust,108,113.7
prettylittlething-uk-womens,prettylittlething,PrettyLittleThing,UK,womens,16,,waist,85.1,90.2
prettylittlething-uk-womens,prettylittlething,PrettyLittleThing,UK,womens,16,,hip,120.7,126.4
prettylittlething-uk-womens,prettylittlething,PrettyLittleThing,UK,womens,18,,bust,113.7,120
prettylittlething-uk-womens,prettylittlething,PrettyLittleThing,UK,womens,18,,waist,90.2,95.9
prettylittlething-uk-womens,prettylittlething,PrettyLittleThing,UK,womens,18,,hip,126.4,132.1
prettylittlething-uk-womens,prettylittlething,PrettyLittleThing,UK,womens,20,,bust,120,126.4
prettylittlething-uk-womens,prettylittlething,PrettyLittleThing,UK,womens,20,,waist,95.9,102.3
prettylittlething-uk-womens,prettylittlething,PrettyLittleThing,UK,womens,20,,hip,132.1,137.1
prettylittlething-fr-womens,prettylittlething,PrettyLittleThing,FR,womens,32,,bust,85.2,87.7
prettylittlething-fr-womens,prettylittlething,PrettyLittleThing,FR,womens,32,,waist,60.9,63.5
prettylittlething-fr-womens,prettylittlething,PrettyLittleThing,FR,womens,32,,hip,96.6,99.1
prettylittlething-fr-womens,prettylittlething,PrettyLittleThing,FR,womens,34,,bust,87.7,90.2
prettylittlething-fr-womens,prettylittlething,PrettyLittleThing,FR,womens,34,,waist,63.5,66.1
prettylittlething-fr-womens,prettylittlething,PrettyLittleThing,FR,womens,34,,hip,99.1,101.6
prettylittlething-fr-womens,prettylittlething,PrettyLittleThing,FR,womens,36,,bust,90.2,94
prettylittlething-fr-womens,prettylittlething,PrettyLittleThing,FR,womens,36,,waist,66.1,69.9
prettylittlething-fr-womens,prettylittlething,PrettyLittleThing,FR,womens,36,,hip,101.6,105.5
prettylittlething-fr-womens,prettylittlething,PrettyLittleThing,FR,womens,38,,bust,94,99.1
prettylittlething-fr-womens,prettylittlething,PrettyLittleThing,FR,womens,38,,waist,69.9,75
prettylittlething-fr-womens,prettylittlething,PrettyLittleThing,FR,womens,38,,hip,105.5,110.5
prettylittlething-fr-womens,prettylittlething,PrettyLittleThing,FR,womens,40,,bust,99.1,103.5
prettylittlething-fr-womens,prettylittlething,PrettyLittleThing,FR,womens,40,,waist,75,80.1
prettylittlething-fr-womens,prettylittlething,PrettyLittleThing,FR,womens,40,,hip,110.5,115.6
prettylittlething-fr-womens,prettylittlething,PrettyLittleThing,FR,womens,42,,bust,103.5,108
prettylittlething-fr-womens,prettylittlething,PrettyLittleThing,FR,womens,42,,waist,80.1,85.1
prettylittlething-fr-womens,prettylittlething,PrettyLittleThing,FR,womens,42,,hip,115.6,120.7
prettylittlething-fr-womens,prettylittlething,PrettyLittleThing,FR,womens,44,,bust,108,113.7
prettylittlething-fr-womens,prettylittlething,PrettyLittleThing,FR,womens,44,,waist,85.1,90.2
prettylittlething-fr-womens,prettylittlething,PrettyLittleThing,FR,womens,44,,hip,120.7,126.4
prettylittlething-fr-womens,prettylittlething,PrettyLittleThing,FR,womens,46,,bust,113.7,120
prettylittlething-fr-womens,prettylittlething,PrettyLittleThing,FR,womens,46,,waist,90.2,95.9
prettylittlething-fr-womens,prettylittlething,PrettyLittleThing,FR,womens,46,,hip,126.4,132.1
prettylittlething-fr-womens,prettylittlething,PrettyLittleThing,FR,womens,48,,bust,120,126.4
prettylittlething-fr-womens,prettylittlething,PrettyLittleThing,FR,womens,48,,waist,95.9,102.3
prettylittlething-fr-womens,prettylittlething,PrettyLittleThing,FR,womens,48,,hip,132.1,137.1
next-int-mens,next,Next,INT,mens,XXS,XXS,bust,76,81.5
next-int-mens,next,Next,INT,mens,XS,XS,bust,84,89
next-int-mens,next,Next,INT,mens,S,S,bust,91.5,96.5
next-int-mens,next,Next,INT,mens,M,M,bust,99,104
next-int-mens,next,Next,INT,mens,L,L,bust,106.5,112
next-int-mens,next,Next,INT,mens,XL,XL,bust,114.5,119.5
next-int-mens,next,Next,INT,mens,2XL,2XL,bust,122,127
next-int-mens,next,Next,INT,mens,3XL,3XL,bust,129.5,134.5
next-int-mens,next,Next,INT,mens,4XL,4XL,bust,137,142
next-int-mens,next,Next,INT,mens,5XL,5XL,bust,145,150
next-uk-mens,next,Next,UK,mens,26,,waist,63.5,68.5
next-uk-mens,next,Next,UK,mens,28,,waist,68.5,73.5
next-uk-mens,next,Next,UK,mens,30,,waist,73.5,78.8
next-uk-mens,next,Next,UK,mens,32,,waist,78.8,84
next-uk-mens,next,Next,UK,mens,34,,waist,84,89
next-uk-mens,next,Next,UK,mens,36,,waist,89,94
next-uk-mens,next,Next,UK,mens,38,,waist,94,99
next-uk-mens,next,Next,UK,mens,40,,waist,99,104
next-uk-mens,next,Next,UK,mens,42,,waist,104,109.3
next-uk-mens,next,Next,UK,mens,44,,waist,109.3,114.5
next-uk-mens,next,Next,UK,mens,46,,waist,114.5,119.5
marks-spencer-eu-womens,marks-spencer,Marks & Spencer,EU,womens,34,,bust,76,80
marks-spencer-eu-womens,marks-spencer,Marks & Spencer,EU,womens,34,,waist,59,63
marks-spencer-eu-womens,marks-spencer,Marks & Spencer,EU,womens,34,,hip,84,88
marks-spencer-eu-womens,marks-spencer,Marks & Spencer,EU,womens,36,,bust,80,84.5
marks-spencer-eu-womens,marks-spencer,Marks & Spencer,EU,womens,36,,waist,63,67.5
marks-spencer-eu-womens,marks-spencer,Marks & Spencer,EU,womens,36,,hip,88,92.5
marks-spencer-eu-womens,marks-spencer,Marks & Spencer,EU,womens,38,,bust,84.5,89.5
marks-spencer-eu-womens,marks-spencer,Marks & Spencer,EU,womens,38,,waist,67.5,72.5
marks-spencer-eu-womens,marks-spencer,Marks & Spencer,EU,womens,38,,hip,92.5,97.5
marks-spencer-eu-womens,marks-spencer,Marks & Spencer,EU,womens,40,,bust,89.5,94.5
marks-spencer-eu-womens,marks-spencer,Marks & Spencer,EU,womens,40,,waist,72.5,77.8
marks-spencer-eu-womens,marks-spencer,Marks & Spencer,EU,womens,40,,hip,97.5,102.5
marks-spencer-eu-womens,marks-spencer,Marks & Spencer,EU,womens,42,,bust,94.5,99.8
marks-spencer-eu-womens,marks-spencer,Marks & Spencer,EU,womens,42,,waist,77.8,83.3
marks-spencer-eu-womens,marks-spencer,Marks & Spencer,EU,womens,42,,hip,102.5,107.5
marks-spencer-eu-womens,marks-spencer,Marks & Spencer,EU,womens,44,,bust,99.8,105.3
marks-spencer-eu-womens,marks-spencer,Marks & Spencer,EU,womens,44,,waist,83.3,89
marks-spencer-eu-womens,marks-spencer,Marks & Spencer,EU,womens,44,,hip,107.5,112.5
marks-spencer-eu-womens,marks-spencer,Marks & Spencer,EU,womens,46,,bust,105.3,111
marks-spencer-eu-womens,marks-spencer,Marks & Spencer,EU,womens,46,,waist,89,95
marks-spencer-eu-womens,marks-spencer,Marks & Spencer,EU,womens,46,,hip,112.5,118
marks-spencer-eu-womens,marks-spencer,Marks & Spencer,EU,womens,48,,bust,111,117
marks-spencer-eu-womens,marks-spencer,Marks & Spencer,EU,womens,48,,waist,95,101
marks-spencer-eu-womens,marks-spencer,Marks & Spencer,EU,womens,48,,hip,118,124
marks-spencer-eu-womens,marks-spencer,Marks & Spencer,EU,womens,50,,bust,117,123
marks-spencer-eu-womens,marks-spencer,Marks & Spencer,EU,womens,50,,waist,101,107
marks-spencer-eu-womens,marks-spencer,Marks & Spencer,EU,womens,50,,hip,124,130
marks-spencer-eu-womens,marks-spencer,Marks & Spencer,EU,womens,52,,bust,123,129
marks-spencer-eu-womens,marks-spencer,Marks & Spencer,EU,womens,52,,waist,107,113
marks-spencer-eu-womens,marks-spencer,Marks & Spencer,EU,womens,52,,hip,130,136
marks-spencer-us-womens,marks-spencer,Marks & Spencer,US,womens,2,,bust,76,80
marks-spencer-us-womens,marks-spencer,Marks & Spencer,US,womens,2,,waist,59,63
marks-spencer-us-womens,marks-spencer,Marks & Spencer,US,womens,2,,hip,84,88
marks-spencer-us-womens,marks-spencer,Marks & Spencer,US,womens,4,,bust,80,84.5
marks-spencer-us-womens,marks-spencer,Marks & Spencer,US,womens,4,,waist,63,67.5
marks-spencer-us-womens,marks-spencer,Marks & Spencer,US,womens,4,,hip,88,92.5
marks-spencer-us-womens,marks-spencer,Marks & Spencer,US,womens,6,,bust,84.5,89.5
marks-spencer-us-womens,marks-spencer,Marks & Spencer,US,womens,6,,waist,67.5,72.5
marks-spencer-us-womens,marks-spencer,Marks & Spencer,US,womens,6,,hip,92.5,97.5
marks-spencer-us-womens,marks-spencer,Marks & Spencer,US,womens,8,,bust,89.5,94.5
marks-spencer-us-womens,marks-spencer,Marks & Spencer,US,womens,8,,waist,72.5,77.8
marks-spencer-us-womens,marks-spencer,Marks & Spencer,US,womens,8,,hip,97.5,102.5
marks-spencer-us-womens,marks-spencer,Marks & Spencer,US,womens,10,,bust,94.5,99.8
marks-spencer-us-womens,marks-spencer,Marks & Spencer,US,womens,10,,waist,77.8,83.3
marks-spencer-us-womens,marks-spencer,Marks & Spencer,US,womens,10,,hip,102.5,107.5
marks-spencer-us-womens,marks-spencer,Marks & Spencer,US,womens,12,,bust,99.8,105.3
marks-spencer-us-womens,marks-spencer,Marks & Spencer,US,womens,12,,waist,83.3,89
marks-spencer-us-womens,marks-spencer,Marks & Spencer,US,womens,12,,hip,107.5,112.5
marks-spencer-us-womens,marks-spencer,Marks & Spencer,US,womens,14,,bust,105.3,111
marks-spencer-us-womens,marks-spencer,Marks & Spencer,US,womens,14,,waist,89,95
marks-spencer-us-womens,marks-spencer,Marks & Spencer,US,womens,14,,hip,112.5,118
marks-spencer-us-womens,marks-spencer,Marks & Spencer,US,womens,16,,bust,111,117
marks-spencer-us-womens,marks-spencer,Marks & Spencer,US,womens,16,,waist,95,101
marks-spencer-us-womens,marks-spencer,Marks & Spencer,US,womens,16,,hip,118,124
marks-spencer-us-womens,marks-spencer,Marks & Spencer,US,womens,18,,bust,117,123
marks-spencer-us-womens,marks-spencer,Marks & Spencer,US,womens,18,,waist,101,107
marks-spencer-us-womens,marks-spencer,Marks & Spencer,US,womens,18,,hip,124,130
marks-spencer-us-womens,marks-spencer,Marks & Spencer,US,womens,20,,bust,123,129
marks-spencer-us-womens,marks-spencer,Marks & Spencer,US,womens,20,,waist,107,113
marks-spencer-us-womens,marks-spencer,Marks & Spencer,US,womens,20,,hip,130,136
marks-spencer-uk-womens,marks-spencer,Marks & Spencer,UK,womens,6,,bust,76,80
marks-spencer-uk-womens,marks-spencer,Marks & Spencer,UK,womens,6,,waist,59,63
marks-spencer-uk-womens,marks-spencer,Marks & Spencer,UK,womens,6,,hip,84,88
marks-spencer-uk-womens,marks-spencer,Marks & Spencer,UK,womens,8,,bust,80,84.5
marks-spencer-uk-womens,marks-spencer,Marks & Spencer,UK,womens,8,,waist,63,67.5
marks-spencer-uk-womens,marks-spencer,Marks & Spencer,UK,womens,8,,hip,88,92.5
marks-spencer-uk-womens,marks-spencer,Marks & Spencer,UK,womens,10,,bust,84.5,89.5
marks-spencer-uk-womens,marks-spencer,Marks & Spencer,UK,womens,10,,waist,67.5,72.5
marks-spencer-uk-womens,marks-spencer,Marks & Spencer,UK,womens,10,,hip,92.5,97.5
marks-spencer-uk-womens,marks-spencer,Marks & Spencer,UK,womens,12,,bust,89.5,94.5
marks-spencer-uk-womens,marks-spencer,Marks & Spencer,UK,womens,12,,waist,72.5,77.8
marks-spencer-uk-womens,marks-spencer,Marks & Spencer,UK,womens,12,,hip,97.5,102.5
marks-spencer-uk-womens,marks-spencer,Marks & Spencer,UK,womens,14,,bust,94.5,99.8
marks-spencer-uk-womens,marks-spencer,Marks & Spencer,UK,womens,14,,waist,77.8,83.3
marks-spencer-uk-womens,marks-spencer,Marks & Spencer,UK,womens,14,,hip,102.5,107.5
marks-spencer-uk-womens,marks-spencer,Marks & Spencer,UK,womens,16,,bust,99.8,105.3
marks-spencer-uk-womens,marks-spencer,Marks & Spencer,UK,womens,16,,waist,83.3,89
marks-spencer-uk-womens,marks-spencer,Marks & Spencer,UK,womens,16,,hip,107.5,112.5
marks-spencer-uk-womens,marks-spencer,Marks & Spencer,UK,womens,18,,bust,105.3,111
marks-spencer-uk-womens,marks-spencer,Marks & Spencer,UK,womens,18,,waist,89,95
marks-spencer-uk-womens,marks-spencer,Marks & Spencer,UK,womens,18,,hip,112.5,118
marks-spencer-uk-womens,marks-spencer,Marks & Spencer,UK,womens,20,,bust,111,117
marks-spencer-uk-womens,marks-spencer,Marks & Spencer,UK,womens,20,,waist,95,101
marks-spencer-uk-womens,marks-spencer,Marks & Spencer,UK,womens,20,,hip,118,124
marks-spencer-uk-womens,marks-spencer,Marks & Spencer,UK,womens,22,,bust,117,123
marks-spencer-uk-womens,marks-spencer,Marks & Spencer,UK,womens,22,,waist,101,107
marks-spencer-uk-womens,marks-spencer,Marks & Spencer,UK,womens,22,,hip,124,130
marks-spencer-uk-womens,marks-spencer,Marks & Spencer,UK,womens,24,,bust,123,129
marks-spencer-uk-womens,marks-spencer,Marks & Spencer,UK,womens,24,,waist,107,113
marks-spencer-uk-womens,marks-spencer,Marks & Spencer,UK,womens,24,,hip,130,136
river-island-eu-womens,river-island,River Island,EU,womens,34,,bust,79,83
river-island-eu-womens,river-island,River Island,EU,womens,34,,waist,61,65
river-island-eu-womens,river-island,River Island,EU,womens,34,,hip,88,92
river-island-eu-womens,river-island,River Island,EU,womens,36,,bust,83,87
river-island-eu-womens,river-island,River Island,EU,womens,36,,waist,65,69
river-island-eu-womens,river-island,River Island,EU,womens,36,,hip,92,96
river-island-eu-womens,river-island,River Island,EU,womens,38,,bust,87,91
river-island-eu-womens,river-island,River Island,EU,womens,38,,waist,69,73
river-island-eu-womens,river-island,River Island,EU,womens,38,,hip,96,100
river-island-eu-womens,river-island,River Island,EU,womens,40,,bust,91,95.5
river-island-eu-womens,river-island,River Island,EU,womens,40,,waist,73,77.5
river-island-eu-womens,river-island,River Island,EU,womens,40,,hip,100,104.5
river-island-eu-womens,river-island,River Island,EU,womens,42,,bust,95.5,101
river-island-eu-womens,river-island,River Island,EU,womens,42,,waist,77.5,83
river-island-eu-womens,river-island,River Island,EU,womens,42,,hip,104.5,110
river-island-eu-womens,river-island,River Island,EU,womens,44,,bust,101,107
river-island-eu-womens,river-island,River Island,EU,womens,44,,waist,83,89
river-island-eu-womens,river-island,River Island,EU,womens,44,,hip,110,116
river-island-eu-womens,river-island,River Island,EU,womens,46,,bust,107,113
river-island-eu-womens,river-island,River Island,EU,womens,46,,waist,89,95
river-island-eu-womens,river-island,River Island,EU,womens,46,,hip,116,122
river-island-eu-womens,river-island,River Island,EU,womens,48,,bust,113,119
river-island-eu-womens,river-island,River Island,EU,womens,48,,waist,95,101
river-island-eu-womens,river-island,River Island,EU,womens,48,,hip,122,128
river-island-eu-womens,river-island,River Island,EU,womens,50,,bust,119,125
river-island-eu-womens,river-island,River Island,EU,womens,50,,waist,101,107
river-island-eu-womens,river-island,River Island,EU,womens,50,,hip,128,134
river-island-int-womens,river-island,River Island,INT,womens,XS,,bust,80,85
river-island-int-womens,river-island,River Island,INT,womens,XS,,waist,61,66
river-island-int-womens,river-island,River Island,INT,womens,XS,,hip,87,92
river-island-int-womens,river-island,River Island,INT,womens,S,,bust,86,91
river-island-int-womens,river-island,River Island,INT,womens,S,,waist,67,72
river-island-int-womens,river-island,River Island,INT,womens,S,,hip,93,98
river-island-int-womens,river-island,River Island,INT,womens,M,,bust,92,97
river-island-int-womens,river-island,River Island,INT,womens,M,,waist,73,78
river-island-int-womens,river-island,River Island,INT,womens,M,,hip,99,104
river-island-int-womens,river-island,River Island,INT,womens,L,,bust,98,105
river-island-int-womens,river-island,River Island,INT,womens,L,,waist,79,86
river-island-int-womens,river-island,River Island,INT,womens,L,,hip,105,112
river-island-int-womens,river-island,River Island,INT,womens,XL,,bust,106,113
river-island-int-womens,river-island,River Island,INT,womens,XL,,waist,87,94
river-island-int-womens,river-island,River Island,INT,womens,XL,,hip,113,120
river-island-us-womens,river-island,River Island,US,womens,2,,bust,79,83
river-island-us-womens,river-island,River Island,US,womens,2,,waist,61,65
river-island-us-womens,river-island,River Island,US,womens,2,,hip,88,92
river-island-us-womens,river-island,River Island,US,womens,4,,bust,83,87
river-island-us-womens,river-island,River Island,US,womens,4,,waist,65,69
river-island-us-womens,river-island,River Island,US,womens,4,,hip,92,96
river-island-us-womens,river-island,River Island,US,womens,6,,bust,87,91
river-island-us-womens,river-island,River Island,US,womens,6,,waist,69,73
river-island-us-womens,river-island,River Island,US,womens,6,,hip,96,100
river-island-us-womens,river-island,River Island,US,womens,8,,bust,91,95.5
river-island-us-womens,river-island,River Island,US,womens,8,,waist,73,77.5
river-island-us-womens,river-island,River Island,US,womens,8,,hip,100,104.5
river-island-us-womens,river-island,River Island,US,womens,10,,bust,95.5,101
river-island-us-womens,river-island,River Island,US,womens,10,,waist,77.5,83
river-island-us-womens,river-island,River Island,US,womens,10,,hip,104.5,110
river-island-us-womens,river-island,River Island,US,womens,12,,bust,101,107
river-island-us-womens,river-island,River Island,US,womens,12,,waist,83,89
river-island-us-womens,river-island,River Island,US,womens,12,,hip,110,116
river-island-us-womens,river-island,River Island,US,womens,14,,bust,107,113
river-island-us-womens,river-island,River Island,US,womens,14,,waist,89,95
river-island-us-womens,river-island,River Island,US,womens,14,,hip,116,122
river-island-us-womens,river-island,River Island,US,womens,16,,bust,113,119
river-island-us-womens,river-island,River Island,US,womens,16,,waist,95,101
river-island-us-womens,river-island,River Island,US,womens,16,,hip,122,128
river-island-us-womens,river-island,River Island,US,womens,18,,bust,119,125
river-island-us-womens,river-island,River Island,US,womens,18,,waist,101,107
river-island-us-womens,river-island,River Island,US,womens,18,,hip,128,134
river-island-uk-womens,river-island,River Island,UK,womens,6,,bust,79,83
river-island-uk-womens,river-island,River Island,UK,womens,6,,waist,61,65
river-island-uk-womens,river-island,River Island,UK,womens,6,,hip,88,92
river-island-uk-womens,river-island,River Island,UK,womens,8,,bust,83,87
river-island-uk-womens,river-island,River Island,UK,womens,8,,waist,65,69
river-island-uk-womens,river-island,River Island,UK,womens,8,,hip,92,96
river-island-uk-womens,river-island,River Island,UK,womens,10,,bust,87,91
river-island-uk-womens,river-island,River Island,UK,womens,10,,waist,69,73
river-island-uk-womens,river-island,River Island,UK,womens,10,,hip,96,100
river-island-uk-womens,river-island,River Island,UK,womens,12,,bust,91,95.5
river-island-uk-womens,river-island,River Island,UK,womens,12,,waist,73,77.5
river-island-uk-womens,river-island,River Island,UK,womens,12,,hip,100,104.5
river-island-uk-womens,river-island,River Island,UK,womens,14,,bust,95.5,101
river-island-uk-womens,river-island,River Island,UK,womens,14,,waist,77.5,83
river-island-uk-womens,river-island,River Island,UK,womens,14,,hip,104.5,110
river-island-uk-womens,river-island,River Island,UK,womens,16,,bust,101,107
river-island-uk-womens,river-island,River Island,UK,womens,16,,waist,83,89
river-island-uk-womens,river-island,River Island,UK,womens,16,,hip,110,116
river-island-uk-womens,river-island,River Island,UK,womens,18,,bust,107,113
river-island-uk-womens,river-island,River Island,UK,womens,18,,waist,89,95
river-island-uk-womens,river-island,River Island,UK,womens,18,,hip,116,122
river-island-uk-womens,river-island,River Island,UK,womens,20,,bust,113,119
river-island-uk-womens,river-island,River Island,UK,womens,20,,waist,95,101
river-island-uk-womens,river-island,River Island,UK,womens,20,,hip,122,128
river-island-uk-womens,river-island,River Island,UK,womens,22,,bust,119,125
river-island-uk-womens,river-island,River Island,UK,womens,22,,waist,101,107
river-island-uk-womens,river-island,River Island,UK,womens,22,,hip,128,134
river-island-fr-womens,river-island,River Island,FR,womens,34,,bust,78,82
river-island-fr-womens,river-island,River Island,FR,womens,34,,waist,59,63
river-island-fr-womens,river-island,River Island,FR,womens,34,,hip,84,88
river-island-fr-womens,river-island,River Island,FR,womens,36,,bust,82,86
river-island-fr-womens,river-island,River Island,FR,womens,36,,waist,63,67
river-island-fr-womens,river-island,River Island,FR,womens,36,,hip,88,92
river-island-fr-womens,river-island,River Island,FR,womens,38,,bust,86,90
river-island-fr-womens,river-island,River Island,FR,womens,38,,waist,67,71
river-island-fr-womens,river-island,River Island,FR,womens,38,,hip,92,96.5
river-island-fr-womens,river-island,River Island,FR,womens,40,,bust,90,94.5
river-island-fr-womens,river-island,River Island,FR,womens,40,,waist,71,75.5
river-island-fr-womens,river-island,River Island,FR,womens,40,,hip,96.5,101.5
river-island-fr-womens,river-island,River Island,FR,womens,42,,bust,94.5,100
river-island-fr-womens,river-island,River Island,FR,womens,42,,waist,75.5,81
river-island-fr-womens,river-island,River Island,FR,womens,42,,hip,101.5,107
river-island-fr-womens,river-island,River Island,FR,womens,44,,bust,100,106
river-island-fr-womens,river-island,River Island,FR,womens,44,,waist,81,87
river-island-fr-womens,river-island,River Island,FR,womens,44,,hip,107,113
river-island-fr-womens,river-island,River Island,FR,womens,46,,bust,106,112.5
river-island-fr-womens,river-island,River Island,FR,womens,46,,waist,87,94
river-island-fr-womens,river-island,River Island,FR,womens,46,,hip,113,120.5
river-island-fr-womens,river-island,River Island,FR,womens,48,,bust,112.5,119
river-island-fr-womens,river-island,River Island,FR,womens,48,,waist,94,101
river-island-fr-womens,river-island,River Island,FR,womens,48,,hip,120.5,128
river-island-fr-womens,river-island,River Island,FR,womens,50,,bust,119,125
river-island-fr-womens,river-island,River Island,FR,womens,50,,waist,101,107
river-island-fr-womens,river-island,River Island,FR,womens,50,,hip,128,134
river-island-it-womens,river-island,River Island,IT,womens,38,,bust,79,83
river-island-it-womens,river-island,River Island,IT,womens,38,,waist,61,65
river-island-it-womens,river-island,River Island,IT,womens,38,,hip,88,92
river-island-it-womens,river-island,River Island,IT,womens,40,,bust,83,87
river-island-it-womens,river-island,River Island,IT,womens,40,,waist,65,69
river-island-it-womens,river-island,River Island,IT,womens,40,,hip,92,96
river-island-it-womens,river-island,River Island,IT,womens,42,,bust,87,91
river-island-it-womens,river-island,River Island,IT,womens,42,,waist,69,73
river-island-it-womens,river-island,River Island,IT,womens,42,,hip,96,100
river-island-it-womens,river-island,River Island,IT,womens,44,,bust,91,95.5
river-island-it-womens,river-island,River Island,IT,womens,44,,waist,73,77.5
river-island-it-womens,river-island,River Island,IT,womens,44,,hip,100,104.5
river-island-it-womens,river-island,River Island,IT,womens,46,,bust,95.5,101
river-island-it-womens,river-island,River Island,IT,womens,46,,waist,77.5,83
river-island-it-womens,river-island,River Island,IT,womens,46,,hip,104.5,110
river-island-it-womens,river-island,River Island,IT,womens,48,,bust,101,107
river-island-it-womens,river-island,River Island,IT,womens,48,,waist,83,89
river-island-it-womens,river-island,River Island,IT,womens,48,,hip,110,116
river-island-it-womens,river-island,River Island,IT,womens,50,,bust,107,113
river-island-it-womens,river-island,River Island,IT,womens,50,,waist,89,95
river-island-it-womens,river-island,River Island,IT,womens,50,,hip,116,122
river-island-it-womens,river-island,River Island,IT,womens,52,,bust,113,119
river-island-it-womens,river-island,River Island,IT,womens,52,,waist,95,101
river-island-it-womens,river-island,River Island,IT,womens,52,,hip,122,128
river-island-it-womens,river-island,River Island,IT,womens,54,,bust,119,125
river-island-it-womens,river-island,River Island,IT,womens,54,,waist,101,107
river-island-it-womens,river-island,River Island,IT,womens,54,,hip,128,134
new-look-uk-womens,new-look,New Look,UK,womens,6,XS,bust,79,83
new-look-uk-womens,new-look,New Look,UK,womens,6,XS,waist,60,64
new-look-uk-womens,new-look,New Look,UK,womens,6,XS,hip,85,89
new-look-uk-womens,new-look,New Look,UK,womens,8,S,bust,83,87
new-look-uk-womens,new-look,New Look,UK,womens,8,S,waist,64,68
new-look-uk-womens,new-look,New Look,UK,womens,8,S,hip,89,93
new-look-uk-womens,new-look,New Look,UK,womens,10,S,bust,87,92
new-look-uk-womens,new-look,New Look,UK,womens,10,S,waist,68,73
new-look-uk-womens,new-look,New Look,UK,womens,10,S,hip,93,98
new-look-uk-womens,new-look,New Look,UK,womens,12,M,bust,92,97
new-look-uk-womens,new-look,New Look,UK,womens,12,M,waist,73,78
new-look-uk-womens,new-look,New Look,UK,womens,12,M,hip,98,103
new-look-uk-womens,new-look,New Look,UK,womens,14,M,bust,97,103
new-look-uk-womens,new-look,New Look,UK,womens,14,M,waist,78,84
new-look-uk-womens,new-look,New Look,UK,womens,14,M,hip,103,109
new-look-uk-womens,new-look,New Look,UK,womens,16,L,bust,103,109
new-look-uk-womens,new-look,New Look,UK,womens,16,L,waist,84,90
new-look-uk-womens,new-look,New Look,UK,womens,16,L,hip,109,115
new-look-uk-womens,new-look,New Look,UK,womens,18,L,bust,109,115
new-look-uk-womens,new-look,New Look,UK,womens,18,L,waist,90,96
new-look-uk-womens,new-look,New Look,UK,womens,18,L,hip,115,121
new-look-uk-womens,new-look,New Look,UK,womens,20,XL,bust,115,121
new-look-uk-womens,new-look,New Look,UK,womens,20,XL,waist,96,102
new-look-uk-womens,new-look,New Look,UK,womens,20,XL,hip,121,127
topshop-uk-womens-g0,topshop,Topshop,UK,womens,4,,bust,76.8,79.3
topshop-uk-womens-g0,topshop,Topshop,UK,womens,4,,waist,58.8,61.3
topshop-uk-womens-g0,topshop,Topshop,UK,womens,4,,hip,83.8,86.3
topshop-uk-womens-g0,topshop,Topshop,UK,womens,6,,bust,79.3,81.8
topshop-uk-womens-g0,topshop,Topshop,UK,womens,6,,waist,61.3,63.8
topshop-uk-womens-g0,topshop,Topshop,UK,womens,6,,hip,86.3,88.8
topshop-uk-womens-g0,topshop,Topshop,UK,womens,8,,bust,81.8,85.5
topshop-uk-womens-g0,topshop,Topshop,UK,womens,8,,waist,63.8,67.5
topshop-uk-womens-g0,topshop,Topshop,UK,womens,8,,hip,88.8,92.5
topshop-uk-womens-g0,topshop,Topshop,UK,womens,10,,bust,85.5,90.5
topshop-uk-womens-g0,topshop,Topshop,UK,womens,10,,waist,67.5,72.5
topshop-uk-womens-g0,topshop,Topshop,UK,womens,10,,hip,92.5,97.5
topshop-uk-womens-g0,topshop,Topshop,UK,womens,12,,bust,90.5,95.5
topshop-uk-womens-g0,topshop,Topshop,UK,womens,12,,waist,72.5,77.5
topshop-uk-womens-g0,topshop,Topshop,UK,womens,12,,hip,97.5,102.5
topshop-uk-womens-g0,topshop,Topshop,UK,womens,14,,bust,95.5,100.5
topshop-uk-womens-g0,topshop,Topshop,UK,womens,14,,waist,77.5,82.5
topshop-uk-womens-g0,topshop,Topshop,UK,womens,14,,hip,102.5,107.5
topshop-uk-womens-g0,topshop,Topshop,UK,womens,16,,bust,100.5,106.5
topshop-uk-womens-g0,topshop,Topshop,UK,womens,16,,waist,82.5,88.5
topshop-uk-womens-g0,topshop,Topshop,UK,womens,16,,hip,107.5,113.5
topshop-uk-womens-g0,topshop,Topshop,UK,womens,18,,bust,106.5,113.5
topshop-uk-womens-g0,topshop,Topshop,UK,womens,18,,waist,88.5,95.5
topshop-uk-womens-g0,topshop,Topshop,UK,womens,18,,hip,113.5,120.5
reiss-int-mens,reiss,Reiss,INT,mens,XS,,bust,83.5,88.5
reiss-int-mens,reiss,Reiss,INT,mens,XS,,waist,69.5,74.5
reiss-int-mens,reiss,Reiss,INT,mens,S,,bust,88.5,94
reiss-int-mens,reiss,Reiss,INT,mens,S,,waist,74.5,79.5
reiss-int-mens,reiss,Reiss,INT,mens,M,,bust,94,99.5
reiss-int-mens,reiss,Reiss,INT,mens,M,,waist,79.5,84.5
reiss-int-mens,reiss,Reiss,INT,mens,L,,bust,99.5,104.5
reiss-int-mens,reiss,Reiss,INT,mens,L,,waist,84.5,89.5
reiss-int-mens,reiss,Reiss,INT,mens,XL,,bust,104.5,109.5
reiss-int-mens,reiss,Reiss,INT,mens,XL,,waist,89.5,94.5
reiss-int-mens,reiss,Reiss,INT,mens,XXL,,bust,109.5,114.5
reiss-int-mens,reiss,Reiss,INT,mens,XXL,,waist,94.5,99.5
reiss-int-mens,reiss,Reiss,INT,mens,XXXL,,bust,114.5,119.5
reiss-int-mens,reiss,Reiss,INT,mens,XXXL,,waist,99.5,104.5
reiss-uk-womens,reiss,Reiss,UK,womens,4,XS,bust,77.8,80.3
reiss-uk-womens,reiss,Reiss,UK,womens,4,XS,waist,58.8,61.3
reiss-uk-womens,reiss,Reiss,UK,womens,4,XS,hip,84.8,87.3
reiss-uk-womens,reiss,Reiss,UK,womens,6,XS,bust,80.3,82.8
reiss-uk-womens,reiss,Reiss,UK,womens,6,XS,waist,61.3,63.8
reiss-uk-womens,reiss,Reiss,UK,womens,6,XS,hip,87.3,89.8
reiss-uk-womens,reiss,Reiss,UK,womens,8,S,bust,82.8,86.5
reiss-uk-womens,reiss,Reiss,UK,womens,8,S,waist,63.8,67.5
reiss-uk-womens,reiss,Reiss,UK,womens,8,S,hip,89.8,93.5
reiss-uk-womens,reiss,Reiss,UK,womens,10,S,bust,86.5,91.5
reiss-uk-womens,reiss,Reiss,UK,womens,10,S,waist,67.5,72.5
reiss-uk-womens,reiss,Reiss,UK,womens,10,S,hip,93.5,98.5
reiss-uk-womens,reiss,Reiss,UK,womens,12,M,bust,91.5,96.5
reiss-uk-womens,reiss,Reiss,UK,womens,12,M,waist,72.5,77.5
reiss-uk-womens,reiss,Reiss,UK,womens,12,M,hip,98.5,103.5
reiss-uk-womens,reiss,Reiss,UK,womens,14,M,bust,96.5,101.5
reiss-uk-womens,reiss,Reiss,UK,womens,14,M,waist,77.5,82.5
reiss-uk-womens,reiss,Reiss,UK,womens,14,M,hip,103.5,108.5
reiss-uk-womens,reiss,Reiss,UK,womens,16,L,bust,101.5,107
reiss-uk-womens,reiss,Reiss,UK,womens,16,L,waist,82.5,88
reiss-uk-womens,reiss,Reiss,UK,womens,16,L,hip,108.5,114.5
reiss-uk-womens,reiss,Reiss,UK,womens,18,L,bust,107,113
reiss-uk-womens,reiss,Reiss,UK,womens,18,L,waist,88,94
reiss-uk-womens,reiss,Reiss,UK,womens,18,L,hip,114.5,121.5
ted-baker-int-womens,ted-baker,Ted Baker,INT,womens,XS,,bust,76.2,81.3
ted-baker-int-womens,ted-baker,Ted Baker,INT,womens,XS,,waist,62.3,64.8
ted-baker-int-womens,ted-baker,Ted Baker,INT,womens,XS,,hip,89,91.5
ted-baker-int-womens,ted-baker,Ted Baker,INT,womens,S,,bust,81.3,88.9
ted-baker-int-womens,ted-baker,Ted Baker,INT,womens,S,,waist,64.8,71.1
ted-baker-int-womens,ted-baker,Ted Baker,INT,womens,S,,hip,91.5,97.9
ted-baker-int-womens,ted-baker,Ted Baker,INT,womens,M,,bust,88.9,99
ted-baker-int-womens,ted-baker,Ted Baker,INT,womens,M,,waist,71.1,81.3
ted-baker-int-womens,ted-baker,Ted Baker,INT,womens,M,,hip,97.9,108
ted-baker-int-womens,ted-baker,Ted Baker,INT,womens,L,,bust,99,109
ted-baker-int-womens,ted-baker,Ted Baker,INT,womens,L,,waist,81.3,91.5
ted-baker-int-womens,ted-baker,Ted Baker,INT,womens,L,,hip,108,118
ted-baker-uk-womens,ted-baker,Ted Baker,UK,womens,6,,bust,76.2,81.3
ted-baker-uk-womens,ted-baker,Ted Baker,UK,womens,6,,waist,62.3,64.8
ted-baker-uk-womens,ted-baker,Ted Baker,UK,womens,6,,hip,89,91.5
ted-baker-uk-womens,ted-baker,Ted Baker,UK,womens,8,,bust,81.3,86.4
ted-baker-uk-womens,ted-baker,Ted Baker,UK,womens,8,,waist,64.8,68.6
ted-baker-uk-womens,ted-baker,Ted Baker,UK,womens,8,,hip,91.5,95.3
ted-baker-uk-womens,ted-baker,Ted Baker,UK,womens,10,,bust,86.4,91.5
ted-baker-uk-womens,ted-baker,Ted Baker,UK,womens,10,,waist,68.6,73.7
ted-baker-uk-womens,ted-baker,Ted Baker,UK,womens,10,,hip,95.3,100.4
ted-baker-uk-womens,ted-baker,Ted Baker,UK,womens,12,,bust,91.5,96.6
ted-baker-uk-womens,ted-baker,Ted Baker,UK,womens,12,,waist,73.7,78.8
ted-baker-uk-womens,ted-baker,Ted Baker,UK,womens,12,,hip,100.4,105.5
ted-baker-uk-womens,ted-baker,Ted Baker,UK,womens,14,,bust,96.6,101.6
ted-baker-uk-womens,ted-baker,Ted Baker,UK,womens,14,,waist,78.8,83.9
ted-baker-uk-womens,ted-baker,Ted Baker,UK,womens,14,,hip,105.5,110.5
ted-baker-uk-womens,ted-baker,Ted Baker,UK,womens,16,,bust,101.6,106.5
ted-baker-uk-womens,ted-baker,Ted Baker,UK,womens,16,,waist,83.9,88.9
ted-baker-uk-womens,ted-baker,Ted Baker,UK,womens,16,,hip,110.5,115.5
ted-baker-uk-womens,ted-baker,Ted Baker,UK,womens,18,,bust,106.5,111.5
ted-baker-uk-womens,ted-baker,Ted Baker,UK,womens,18,,waist,88.9,93.9
ted-baker-uk-womens,ted-baker,Ted Baker,UK,womens,18,,hip,115.5,120.5
karen-millen-eu-womens,karen-millen,Karen Millen,EU,womens,30-32,,bust,80,82.5
karen-millen-eu-womens,karen-millen,Karen Millen,EU,womens,30-32,,waist,62,64.5
karen-millen-eu-womens,karen-millen,Karen Millen,EU,womens,30-32,,hip,88,90.5
karen-millen-eu-womens,karen-millen,Karen Millen,EU,womens,34-36,,bust,85,90
karen-millen-eu-womens,karen-millen,Karen Millen,EU,womens,34-36,,waist,67,72
karen-millen-eu-womens,karen-millen,Karen Millen,EU,womens,34-36,,hip,93,98
karen-millen-eu-womens,karen-millen,Karen Millen,EU,womens,38-40,,bust,95,100
karen-millen-eu-womens,karen-millen,Karen Millen,EU,womens,38-40,,waist,77,82
karen-millen-eu-womens,karen-millen,Karen Millen,EU,womens,38-40,,hip,103,108
karen-millen-eu-womens,karen-millen,Karen Millen,EU,womens,42-44,,bust,105,110
karen-millen-eu-womens,karen-millen,Karen Millen,EU,womens,42-44,,waist,87,93
karen-millen-eu-womens,karen-millen,Karen Millen,EU,womens,42-44,,hip,113,119
karen-millen-int-womens,karen-millen,Karen Millen,INT,womens,XS,,bust,80,82.5
karen-millen-int-womens,karen-millen,Karen Millen,INT,womens,XS,,waist,62,64.5
karen-millen-int-womens,karen-millen,Karen Millen,INT,womens,XS,,hip,88,90.5
karen-millen-int-womens,karen-millen,Karen Millen,INT,womens,S,,bust,85,90
karen-millen-int-womens,karen-millen,Karen Millen,INT,womens,S,,waist,67,72
karen-millen-int-womens,karen-millen,Karen Millen,INT,womens,S,,hip,93,98
karen-millen-int-womens,karen-millen,Karen Millen,INT,womens,M,,bust,95,100
karen-millen-int-womens,karen-millen,Karen Millen,INT,womens,M,,waist,77,82
karen-millen-int-womens,karen-millen,Karen Millen,INT,womens,M,,hip,103,108
karen-millen-int-womens,karen-millen,Karen Millen,INT,womens,L,,bust,105,110
karen-millen-int-womens,karen-millen,Karen Millen,INT,womens,L,,waist,87,93
karen-millen-int-womens,karen-millen,Karen Millen,INT,womens,L,,hip,113,119
karen-millen-us-womens,karen-millen,Karen Millen,US,womens,0-2,,bust,80,82.5
karen-millen-us-womens,karen-millen,Karen Millen,US,womens,0-2,,waist,62,64.5
karen-millen-us-womens,karen-millen,Karen Millen,US,womens,0-2,,hip,88,90.5
karen-millen-us-womens,karen-millen,Karen Millen,US,womens,4-6,,bust,85,90
karen-millen-us-womens,karen-millen,Karen Millen,US,womens,4-6,,waist,67,72
karen-millen-us-womens,karen-millen,Karen Millen,US,womens,4-6,,hip,93,98
karen-millen-us-womens,karen-millen,Karen Millen,US,womens,8-10,,bust,95,100
karen-millen-us-womens,karen-millen,Karen Millen,US,womens,8-10,,waist,77,82
karen-millen-us-womens,karen-millen,Karen Millen,US,womens,8-10,,hip,103,108
karen-millen-us-womens,karen-millen,Karen Millen,US,womens,12-14,,bust,105,110
karen-millen-us-womens,karen-millen,Karen Millen,US,womens,12-14,,waist,87,93
karen-millen-us-womens,karen-millen,Karen Millen,US,womens,12-14,,hip,113,119
karen-millen-uk-womens,karen-millen,Karen Millen,UK,womens,4-6,,bust,80,82.5
karen-millen-uk-womens,karen-millen,Karen Millen,UK,womens,4-6,,waist,62,64.5
karen-millen-uk-womens,karen-millen,Karen Millen,UK,womens,4-6,,hip,88,90.5
karen-millen-uk-womens,karen-millen,Karen Millen,UK,womens,8-10,,bust,85,90
karen-millen-uk-womens,karen-millen,Karen Millen,UK,womens,8-10,,waist,67,72
karen-millen-uk-womens,karen-millen,Karen Millen,UK,womens,8-10,,hip,93,98
karen-millen-uk-womens,karen-millen,Karen Millen,UK,womens,12-14,,bust,95,100
karen-millen-uk-womens,karen-millen,Karen Millen,UK,womens,12-14,,waist,77,82
karen-millen-uk-womens,karen-millen,Karen Millen,UK,womens,12-14,,hip,103,108
karen-millen-uk-womens,karen-millen,Karen Millen,UK,womens,16-18,,bust,105,110
karen-millen-uk-womens,karen-millen,Karen Millen,UK,womens,16-18,,waist,87,93
karen-millen-uk-womens,karen-millen,Karen Millen,UK,womens,16-18,,hip,113,119
karen-millen-fr-womens,karen-millen,Karen Millen,FR,womens,32-34,,bust,80,82.5
karen-millen-fr-womens,karen-millen,Karen Millen,FR,womens,32-34,,waist,62,64.5
karen-millen-fr-womens,karen-millen,Karen Millen,FR,womens,32-34,,hip,88,90.5
karen-millen-fr-womens,karen-millen,Karen Millen,FR,womens,36-38,,bust,85,90
karen-millen-fr-womens,karen-millen,Karen Millen,FR,womens,36-38,,waist,67,72
karen-millen-fr-womens,karen-millen,Karen Millen,FR,womens,36-38,,hip,93,98
karen-millen-fr-womens,karen-millen,Karen Millen,FR,womens,40-42,,bust,95,100
karen-millen-fr-womens,karen-millen,Karen Millen,FR,womens,40-42,,waist,77,82
karen-millen-fr-womens,karen-millen,Karen Millen,FR,womens,40-42,,hip,103,108
karen-millen-fr-womens,karen-millen,Karen Millen,FR,womens,44-46,,bust,105,110
karen-millen-fr-womens,karen-millen,Karen Millen,FR,womens,44-46,,waist,87,93
karen-millen-fr-womens,karen-millen,Karen Millen,FR,womens,44-46,,hip,113,119
karen-millen-it-womens,karen-millen,Karen Millen,IT,womens,36-38,,bust,80,82.5
karen-millen-it-womens,karen-millen,Karen Millen,IT,womens,36-38,,waist,62,64.5
karen-millen-it-womens,karen-millen,Karen Millen,IT,womens,36-38,,hip,88,90.5
karen-millen-it-womens,karen-millen,Karen Millen,IT,womens,40-42,,bust,85,90
karen-millen-it-womens,karen-millen,Karen Millen,IT,womens,40-42,,waist,67,72
karen-millen-it-womens,karen-millen,Karen Millen,IT,womens,40-42,,hip,93,98
karen-millen-it-womens,karen-millen,Karen Millen,IT,womens,44-46,,bust,95,100
karen-millen-it-womens,karen-millen,Karen Millen,IT,womens,44-46,,waist,77,82
karen-millen-it-womens,karen-millen,Karen Millen,IT,womens,44-46,,hip,103,108
karen-millen-it-womens,karen-millen,Karen Millen,IT,womens,48-50,,bust,105,110
karen-millen-it-womens,karen-millen,Karen Millen,IT,womens,48-50,,waist,87,93
karen-millen-it-womens,karen-millen,Karen Millen,IT,womens,48-50,,hip,113,119
primark-int-mens-g0,primark,Primark,INT,mens,XS,,bust,90,90
primark-int-mens-g0,primark,Primark,INT,mens,S,,bust,91,96
primark-int-mens-g0,primark,Primark,INT,mens,M,,bust,97,102
primark-int-mens-g0,primark,Primark,INT,mens,L,,bust,103,108
primark-int-mens-g0,primark,Primark,INT,mens,XL,,bust,109,118
primark-int-mens-g0,primark,Primark,INT,mens,2XL,,bust,119,124
primark-int-mens-g0,primark,Primark,INT,mens,3XL,,bust,127,132
primark-int-mens-g1,primark,Primark,INT,mens,XS,,waist,71,76
primark-int-mens-g1,primark,Primark,INT,mens,S,,waist,76,81
primark-int-mens-g1,primark,Primark,INT,mens,M,,waist,84,89
primark-int-mens-g1,primark,Primark,INT,mens,L,,waist,92,99
primark-int-mens-g1,primark,Primark,INT,mens,XL,,waist,102,107
primark-int-mens-g1,primark,Primark,INT,mens,2XL,,waist,109,114
primark-int-mens-g1,primark,Primark,INT,mens,3XL,,waist,117,122
nike-eu-womens,nike,Nike,EU,womens,32,,bust,73,76.8
nike-eu-womens,nike,Nike,EU,womens,32,,waist,56.5,60.3
nike-eu-womens,nike,Nike,EU,womens,32,,hip,80.6,84.5
nike-eu-womens,nike,Nike,EU,womens,34,,bust,76.8,80.6
nike-eu-womens,nike,Nike,EU,womens,34,,waist,60.3,64.1
nike-eu-womens,nike,Nike,EU,womens,34,,hip,84.5,88.3
nike-eu-womens,nike,Nike,EU,womens,36,,bust,80.6,84.5
nike-eu-womens,nike,Nike,EU,womens,36,,waist,64.1,67.9
nike-eu-womens,nike,Nike,EU,womens,36,,hip,88.3,92.1
nike-eu-womens,nike,Nike,EU,womens,38,,bust,84.5,88.3
nike-eu-womens,nike,Nike,EU,womens,38,,waist,67.9,71.8
nike-eu-womens,nike,Nike,EU,womens,38,,hip,92.1,95.9
nike-eu-womens,nike,Nike,EU,womens,40,,bust,88.3,92.1
nike-eu-womens,nike,Nike,EU,womens,40,,waist,71.8,75.6
nike-eu-womens,nike,Nike,EU,womens,40,,hip,95.9,99.7
nike-eu-womens,nike,Nike,EU,womens,42,,bust,92.1,95.9
nike-eu-womens,nike,Nike,EU,womens,42,,waist,75.6,79.4
nike-eu-womens,nike,Nike,EU,womens,42,,hip,99.7,103.5
nike-eu-womens,nike,Nike,EU,womens,44,,bust,95.9,100.9
nike-eu-womens,nike,Nike,EU,womens,44,,waist,79.4,83.9
nike-eu-womens,nike,Nike,EU,womens,44,,hip,103.5,108
nike-eu-womens,nike,Nike,EU,womens,46,,bust,100.9,107.3
nike-eu-womens,nike,Nike,EU,womens,46,,waist,83.9,88.9
nike-eu-womens,nike,Nike,EU,womens,46,,hip,108,113.1
nike-eu-womens,nike,Nike,EU,womens,48,,bust,107.3,113.7
nike-eu-womens,nike,Nike,EU,womens,48,,waist,88.9,95
nike-eu-womens,nike,Nike,EU,womens,48,,hip,113.1,117.9
nike-eu-womens,nike,Nike,EU,womens,50,,bust,113.7,120
nike-eu-womens,nike,Nike,EU,womens,50,,waist,95,101.1
nike-eu-womens,nike,Nike,EU,womens,50,,hip,117.9,122.7
nike-eu-womens,nike,Nike,EU,womens,52,,bust,120,126.4
nike-eu-womens,nike,Nike,EU,womens,52,,waist,101.1,106.2
nike-eu-womens,nike,Nike,EU,womens,52,,hip,122.7,127.8
nike-eu-womens,nike,Nike,EU,womens,54,,bust,126.4,132.7
nike-eu-womens,nike,Nike,EU,womens,54,,waist,106.2,112.2
nike-eu-womens,nike,Nike,EU,womens,54,,hip,127.8,132.5
nike-eu-womens,nike,Nike,EU,womens,56,,waist,112.2,118.2
nike-eu-womens,nike,Nike,EU,womens,56,,hip,132.5,137.1
nike-eu-womens,nike,Nike,EU,womens,58,,waist,118.2,123.2
nike-eu-womens,nike,Nike,EU,womens,58,,hip,137.1,142.3
nike-eu-womens,nike,Nike,EU,womens,60,,waist,123.2,128.2
nike-eu-womens,nike,Nike,EU,womens,60,,hip,142.3,147.4
nike-int-womens,nike,Nike,INT,womens,XXS,,bust,70,76
nike-int-womens,nike,Nike,INT,womens,XXS,,waist,54,60
nike-int-womens,nike,Nike,INT,womens,XXS,,hip,78,84
nike-int-womens,nike,Nike,INT,womens,XS,,bust,76,83
nike-int-womens,nike,Nike,INT,womens,XS,,waist,60,67
nike-int-womens,nike,Nike,INT,womens,XS,,hip,84,91
nike-int-womens,nike,Nike,INT,womens,S,,bust,83,90
nike-int-womens,nike,Nike,INT,womens,S,,waist,67,74
nike-int-womens,nike,Nike,INT,womens,S,,hip,91,98
nike-int-womens,nike,Nike,INT,womens,M,,bust,90,97
nike-int-womens,nike,Nike,INT,womens,M,,waist,74,81
nike-int-womens,nike,Nike,INT,womens,M,,hip,98,105
nike-int-womens,nike,Nike,INT,womens,L,,bust,97,104
nike-int-womens,nike,Nike,INT,womens,L,,waist,81,88
nike-int-womens,nike,Nike,INT,womens,L,,hip,105,112
nike-int-womens,nike,Nike,INT,womens,XL,,bust,104,114
nike-int-womens,nike,Nike,INT,womens,XL,,waist,88,98
nike-int-womens,nike,Nike,INT,womens,XL,,hip,112,120
nike-int-womens,nike,Nike,INT,womens,2XL,,bust,114,124
nike-int-womens,nike,Nike,INT,womens,2XL,,waist,98,108
nike-int-womens,nike,Nike,INT,womens,2XL,,hip,120,128
nike-uk-womens,nike,Nike,UK,womens,4,,bust,73,76.8
nike-uk-womens,nike,Nike,UK,womens,4,,waist,56.5,60.3
nike-uk-womens,nike,Nike,UK,womens,4,,hip,80.6,84.5
nike-uk-womens,nike,Nike,UK,womens,6,,bust,76.8,80.6
nike-uk-womens,nike,Nike,UK,womens,6,,waist,60.3,64.1
nike-uk-womens,nike,Nike,UK,womens,6,,hip,84.5,88.3
nike-uk-womens,nike,Nike,UK,womens,8,,bust,80.6,84.5
nike-uk-womens,nike,Nike,UK,womens,8,,waist,64.1,67.9
nike-uk-womens,nike,Nike,UK,womens,8,,hip,88.3,92.1
nike-uk-womens,nike,Nike,UK,womens,10,,bust,84.5,88.3
nike-uk-womens,nike,Nike,UK,womens,10,,waist,67.9,71.8
nike-uk-womens,nike,Nike,UK,womens,10,,hip,92.1,95.9
nike-uk-womens,nike,Nike,UK,womens,12,,bust,88.3,92.1
nike-uk-womens,nike,Nike,UK,womens,12,,waist,71.8,75.6
nike-uk-womens,nike,Nike,UK,womens,12,,hip,95.9,99.7
nike-uk-womens,nike,Nike,UK,womens,14,,bust,92.1,95.9
nike-uk-womens,nike,Nike,UK,womens,14,,waist,75.6,79.4
nike-uk-womens,nike,Nike,UK,womens,14,,hip,99.7,103.5
nike-uk-womens,nike,Nike,UK,womens,16,,bust,95.9,100.9
nike-uk-womens,nike,Nike,UK,womens,16,,waist,79.4,83.9
nike-uk-womens,nike,Nike,UK,womens,16,,hip,103.5,108
nike-uk-womens,nike,Nike,UK,womens,18,,bust,100.9,107.3
nike-uk-womens,nike,Nike,UK,womens,18,,waist,83.9,88.9
nike-uk-womens,nike,Nike,UK,womens,18,,hip,108,113.1
nike-uk-womens,nike,Nike,UK,womens,20,,bust,107.3,113.7
nike-uk-womens,nike,Nike,UK,womens,20,,waist,88.9,95
nike-uk-womens,nike,Nike,UK,womens,20,,hip,113.1,117.9
nike-uk-womens,nike,Nike,UK,womens,22,,bust,113.7,120
nike-uk-womens,nike,Nike,UK,womens,22,,waist,95,101.1
nike-uk-womens,nike,Nike,UK,womens,22,,hip,117.9,122.7
nike-uk-womens,nike,Nike,UK,womens,24,,bust,120,126.4
nike-uk-womens,nike,Nike,UK,womens,24,,waist,101.1,106.2
nike-uk-womens,nike,Nike,UK,womens,24,,hip,122.7,127.8
nike-uk-womens,nike,Nike,UK,womens,26,,bust,126.4,132.7
nike-uk-womens,nike,Nike,UK,womens,26,,waist,106.2,112.2
nike-uk-womens,nike,Nike,UK,womens,26,,hip,127.8,132.5
nike-uk-womens,nike,Nike,UK,womens,28,,waist,112.2,118.2
nike-uk-womens,nike,Nike,UK,womens,28,,hip,132.5,137.1
nike-uk-womens,nike,Nike,UK,womens,30,,waist,118.2,123.2
nike-uk-womens,nike,Nike,UK,womens,30,,hip,137.1,142.3
nike-uk-womens,nike,Nike,UK,womens,32,,waist,123.2,128.2
nike-uk-womens,nike,Nike,UK,womens,32,,hip,142.3,147.4
nike-fr-womens,nike,Nike,FR,womens,34,,bust,73,76.8
nike-fr-womens,nike,Nike,FR,womens,34,,waist,56.5,60.3
nike-fr-womens,nike,Nike,FR,womens,34,,hip,80.6,84.5
nike-fr-womens,nike,Nike,FR,womens,36,,bust,76.8,80.6
nike-fr-womens,nike,Nike,FR,womens,36,,waist,60.3,64.1
nike-fr-womens,nike,Nike,FR,womens,36,,hip,84.5,88.3
nike-fr-womens,nike,Nike,FR,womens,38,,bust,80.6,84.5
nike-fr-womens,nike,Nike,FR,womens,38,,waist,64.1,67.9
nike-fr-womens,nike,Nike,FR,womens,38,,hip,88.3,92.1
nike-fr-womens,nike,Nike,FR,womens,40,,bust,84.5,88.3
nike-fr-womens,nike,Nike,FR,womens,40,,waist,67.9,71.8
nike-fr-womens,nike,Nike,FR,womens,40,,hip,92.1,95.9
nike-fr-womens,nike,Nike,FR,womens,42,,bust,88.3,92.1
nike-fr-womens,nike,Nike,FR,womens,42,,waist,71.8,75.6
nike-fr-womens,nike,Nike,FR,womens,42,,hip,95.9,99.7
nike-fr-womens,nike,Nike,FR,womens,44,,bust,92.1,95.9
nike-fr-womens,nike,Nike,FR,womens,44,,waist,75.6,79.4
nike-fr-womens,nike,Nike,FR,womens,44,,hip,99.7,103.5
nike-fr-womens,nike,Nike,FR,womens,46,,bust,95.9,100.9
nike-fr-womens,nike,Nike,FR,womens,46,,waist,79.4,83.9
nike-fr-womens,nike,Nike,FR,womens,46,,hip,103.5,108
nike-fr-womens,nike,Nike,FR,womens,48,,bust,100.9,107.3
nike-fr-womens,nike,Nike,FR,womens,48,,waist,83.9,88.9
nike-fr-womens,nike,Nike,FR,womens,48,,hip,108,113.1
nike-fr-womens,nike,Nike,FR,womens,50,,bust,107.3,113.7
nike-fr-womens,nike,Nike,FR,womens,50,,waist,88.9,95
nike-fr-womens,nike,Nike,FR,womens,50,,hip,113.1,117.9
nike-fr-womens,nike,Nike,FR,womens,52,,bust,113.7,120
nike-fr-womens,nike,Nike,FR,womens,52,,waist,95,101.1
nike-fr-womens,nike,Nike,FR,womens,52,,hip,117.9,122.7
nike-fr-womens,nike,Nike,FR,womens,54,,bust,120,126.4
nike-fr-womens,nike,Nike,FR,womens,54,,waist,101.1,106.2
nike-fr-womens,nike,Nike,FR,womens,54,,hip,122.7,127.8
nike-fr-womens,nike,Nike,FR,womens,56,,bust,126.4,132.7
nike-fr-womens,nike,Nike,FR,womens,56,,waist,106.2,112.2
nike-fr-womens,nike,Nike,FR,womens,56,,hip,127.8,132.5
nike-fr-womens,nike,Nike,FR,womens,58,,waist,112.2,118.2
nike-fr-womens,nike,Nike,FR,womens,58,,hip,132.5,137.1
nike-fr-womens,nike,Nike,FR,womens,60,,waist,118.2,123.2
nike-fr-womens,nike,Nike,FR,womens,60,,hip,137.1,142.3
nike-fr-womens,nike,Nike,FR,womens,62,,waist,123.2,128.2
nike-fr-womens,nike,Nike,FR,womens,62,,hip,142.3,147.4
nike-it-womens,nike,Nike,IT,womens,36,,bust,73,76.8
nike-it-womens,nike,Nike,IT,womens,36,,waist,56.5,60.3
nike-it-womens,nike,Nike,IT,womens,36,,hip,80.6,84.5
nike-it-womens,nike,Nike,IT,womens,38,,bust,76.8,80.6
nike-it-womens,nike,Nike,IT,womens,38,,waist,60.3,64.1
nike-it-womens,nike,Nike,IT,womens,38,,hip,84.5,88.3
nike-it-womens,nike,Nike,IT,womens,40,,bust,80.6,84.5
nike-it-womens,nike,Nike,IT,womens,40,,waist,64.1,67.9
nike-it-womens,nike,Nike,IT,womens,40,,hip,88.3,92.1
nike-it-womens,nike,Nike,IT,womens,42,,bust,84.5,88.3
nike-it-womens,nike,Nike,IT,womens,42,,waist,67.9,71.8
nike-it-womens,nike,Nike,IT,womens,42,,hip,92.1,95.9
nike-it-womens,nike,Nike,IT,womens,44,,bust,88.3,92.1
nike-it-womens,nike,Nike,IT,womens,44,,waist,71.8,75.6
nike-it-womens,nike,Nike,IT,womens,44,,hip,95.9,99.7
nike-it-womens,nike,Nike,IT,womens,46,,bust,92.1,95.9
nike-it-womens,nike,Nike,IT,womens,46,,waist,75.6,79.4
nike-it-womens,nike,Nike,IT,womens,46,,hip,99.7,103.5
nike-it-womens,nike,Nike,IT,womens,48,,bust,95.9,100.9
nike-it-womens,nike,Nike,IT,womens,48,,waist,79.4,83.9
nike-it-womens,nike,Nike,IT,womens,48,,hip,103.5,108
nike-it-womens,nike,Nike,IT,womens,50,,bust,100.9,107.3
nike-it-womens,nike,Nike,IT,womens,50,,waist,83.9,88.9
nike-it-womens,nike,Nike,IT,womens,50,,hip,108,113.1
nike-it-womens,nike,Nike,IT,womens,52,,bust,107.3,113.7
nike-it-womens,nike,Nike,IT,womens,52,,waist,88.9,95
nike-it-womens,nike,Nike,IT,womens,52,,hip,113.1,117.9
nike-it-womens,nike,Nike,IT,womens,54,,bust,113.7,120
nike-it-womens,nike,Nike,IT,womens,54,,waist,95,101.1
nike-it-womens,nike,Nike,IT,womens,54,,hip,117.9,122.7
nike-it-womens,nike,Nike,IT,womens,56,,bust,120,126.4
nike-it-womens,nike,Nike,IT,womens,56,,waist,101.1,106.2
nike-it-womens,nike,Nike,IT,womens,56,,hip,122.7,127.8
nike-it-womens,nike,Nike,IT,womens,58,,bust,126.4,132.7
nike-it-womens,nike,Nike,IT,womens,58,,waist,106.2,112.2
nike-it-womens,nike,Nike,IT,womens,58,,hip,127.8,132.5
nike-it-womens,nike,Nike,IT,womens,60,,waist,112.2,118.2
nike-it-womens,nike,Nike,IT,womens,60,,hip,132.5,137.1
nike-it-womens,nike,Nike,IT,womens,62,,waist,118.2,123.2
nike-it-womens,nike,Nike,IT,womens,62,,hip,137.1,142.3
nike-it-womens,nike,Nike,IT,womens,64,,waist,123.2,128.2
nike-it-womens,nike,Nike,IT,womens,64,,hip,142.3,147.4
gap-us-womens,gap,GAP,US,womens,000,,bust,76,78
gap-us-womens,gap,GAP,US,womens,000,,waist,59,61
gap-us-womens,gap,GAP,US,womens,00,,bust,78,80.5
gap-us-womens,gap,GAP,US,womens,00,,waist,61,63.5
gap-us-womens,gap,GAP,US,womens,0,,bust,80.5,83
gap-us-womens,gap,GAP,US,womens,0,,waist,63.5,66
gap-us-womens,gap,GAP,US,womens,2,,bust,83,85.5
gap-us-womens,gap,GAP,US,womens,2,,waist,66,68.5
gap-us-womens,gap,GAP,US,womens,4,,bust,85.5,88
gap-us-womens,gap,GAP,US,womens,4,,waist,68.5,71
gap-us-womens,gap,GAP,US,womens,6,,bust,88,90.5
gap-us-womens,gap,GAP,US,womens,6,,waist,71,73.5
gap-us-womens,gap,GAP,US,womens,8,,bust,90.5,93
gap-us-womens,gap,GAP,US,womens,8,,waist,73.5,76.3
gap-us-womens,gap,GAP,US,womens,10,,bust,93,96
gap-us-womens,gap,GAP,US,womens,10,,waist,76.3,79.3
gap-us-womens,gap,GAP,US,womens,12,,bust,96,100
gap-us-womens,gap,GAP,US,womens,12,,waist,79.3,83
gap-us-womens,gap,GAP,US,womens,14,,bust,100,104.5
gap-us-womens,gap,GAP,US,womens,14,,waist,83,87.5
gap-us-womens,gap,GAP,US,womens,16,,bust,104.5,109
gap-us-womens,gap,GAP,US,womens,16,,waist,87.5,92.5
gap-us-womens,gap,GAP,US,womens,18,,bust,109,113.5
gap-us-womens,gap,GAP,US,womens,18,,waist,92.5,97.5
gap-us-womens,gap,GAP,US,womens,20,,bust,113.5,118.5
gap-us-womens,gap,GAP,US,womens,20,,waist,97.5,102.5
gap-us-womens,gap,GAP,US,womens,22,,bust,118.5,123.5
gap-us-womens,gap,GAP,US,womens,22,,waist,102.5,107.5
old-navy-int-womens,old-navy,Old Navy,INT,womens,XXS,,bust,80,80
old-navy-int-womens,old-navy,Old Navy,INT,womens,XXS,,waist,61,61
old-navy-int-womens,old-navy,Old Navy,INT,womens,XS,,bust,83,85
old-navy-int-womens,old-navy,Old Navy,INT,womens,XS,,waist,64,66
old-navy-int-womens,old-navy,Old Navy,INT,womens,S,,bust,88,90
old-navy-int-womens,old-navy,Old Navy,INT,womens,S,,waist,69,71
old-navy-int-womens,old-navy,Old Navy,INT,womens,M,,bust,93,95
old-navy-int-womens,old-navy,Old Navy,INT,womens,M,,waist,74,76
old-navy-int-womens,old-navy,Old Navy,INT,womens,L,,bust,99,104
old-navy-int-womens,old-navy,Old Navy,INT,womens,L,,waist,80,85
old-navy-int-womens,old-navy,Old Navy,INT,womens,XL,,bust,111,117
old-navy-int-womens,old-navy,Old Navy,INT,womens,XL,,waist,92,99
old-navy-int-womens,old-navy,Old Navy,INT,womens,XXL,,bust,124,124
old-navy-int-womens,old-navy,Old Navy,INT,womens,XXL,,waist,107,107
old-navy-int-womens,old-navy,Old Navy,INT,womens,2X,,bust,124,130
old-navy-int-womens,old-navy,Old Navy,INT,womens,2X,,waist,107,112
old-navy-int-womens,old-navy,Old Navy,INT,womens,3X,,bust,136,142
old-navy-int-womens,old-navy,Old Navy,INT,womens,3X,,waist,118,124
old-navy-int-womens,old-navy,Old Navy,INT,womens,4X,,bust,148,155
old-navy-int-womens,old-navy,Old Navy,INT,womens,4X,,waist,131,137
old-navy-us-womens,old-navy,Old Navy,US,womens,00,,bust,78.5,81.5
old-navy-us-womens,old-navy,Old Navy,US,womens,00,,waist,59.5,62.5
old-navy-us-womens,old-navy,Old Navy,US,womens,0,,bust,81.5,84
old-navy-us-womens,old-navy,Old Navy,US,womens,0,,waist,62.5,65
old-navy-us-womens,old-navy,Old Navy,US,womens,2,,bust,84,86.5
old-navy-us-womens,old-navy,Old Navy,US,womens,2,,waist,65,67.5
old-navy-us-womens,old-navy,Old Navy,US,womens,4,,bust,86.5,89
old-navy-us-womens,old-navy,Old Navy,US,womens,4,,waist,67.5,70
old-navy-us-womens,old-navy,Old Navy,US,womens,6,,bust,89,91.5
old-navy-us-womens,old-navy,Old Navy,US,womens,6,,waist,70,72.5
old-navy-us-womens,old-navy,Old Navy,US,womens,8,,bust,91.5,94
old-navy-us-womens,old-navy,Old Navy,US,womens,8,,waist,72.5,75
old-navy-us-womens,old-navy,Old Navy,US,womens,10,,bust,94,97
old-navy-us-womens,old-navy,Old Navy,US,womens,10,,waist,75,78
old-navy-us-womens,old-navy,Old Navy,US,womens,12,,bust,97,101.5
old-navy-us-womens,old-navy,Old Navy,US,womens,12,,waist,78,82.5
old-navy-us-womens,old-navy,Old Navy,US,womens,14,,bust,101.5,107.5
old-navy-us-womens,old-navy,Old Navy,US,womens,14,,waist,82.5,88.5
old-navy-us-womens,old-navy,Old Navy,US,womens,16,,bust,107.5,114
old-navy-us-womens,old-navy,Old Navy,US,womens,16,,waist,88.5,95.5
old-navy-us-womens,old-navy,Old Navy,US,womens,18,,bust,114,120.5
old-navy-us-womens,old-navy,Old Navy,US,womens,18,,waist,95.5,103
old-navy-us-womens,old-navy,Old Navy,US,womens,20,,bust,120.5,127
old-navy-us-womens,old-navy,Old Navy,US,womens,20,,waist,103,109.5
old-navy-us-womens,old-navy,Old Navy,US,womens,22,,bust,127,133
old-navy-us-womens,old-navy,Old Navy,US,womens,22,,waist,109.5,115
old-navy-us-womens,old-navy,Old Navy,US,womens,24,,bust,133,139
old-navy-us-womens,old-navy,Old Navy,US,womens,24,,waist,115,121
old-navy-us-womens,old-navy,Old Navy,US,womens,26,,bust,139,145
old-navy-us-womens,old-navy,Old Navy,US,womens,26,,waist,121,127.5
old-navy-us-womens,old-navy,Old Navy,US,womens,28,,bust,145,151.5
old-navy-us-womens,old-navy,Old Navy,US,womens,28,,waist,127.5,134
old-navy-us-womens,old-navy,Old Navy,US,womens,30,,bust,151.5,158.5
old-navy-us-womens,old-navy,Old Navy,US,womens,30,,waist,134,140
banana-republic-int-womens-g0,banana-republic,Banana Republic,INT,womens,XXS,,bust,76.8,79.4
banana-republic-int-womens-g0,banana-republic,Banana Republic,INT,womens,XXS,,waist,59.7,62.2
banana-republic-int-womens-g0,banana-republic,Banana Republic,INT,womens,XXS,,hip,84.5,87
banana-republic-int-womens-g0,banana-republic,Banana Republic,INT,womens,XS,,bust,81.9,84.5
banana-republic-int-womens-g0,banana-republic,Banana Republic,INT,womens,XS,,waist,64.8,67.3
banana-republic-int-womens-g0,banana-republic,Banana Republic,INT,womens,XS,,hip,89.5,92
banana-republic-int-womens-g0,banana-republic,Banana Republic,INT,womens,S,,bust,87,89.5
banana-republic-int-womens-g0,banana-republic,Banana Republic,INT,womens,S,,waist,69.9,72.4
banana-republic-int-womens-g0,banana-republic,Banana Republic,INT,womens,S,,hip,94.6,97.2
banana-republic-int-womens-g0,banana-republic,Banana Republic,INT,womens,M,,bust,92,94.6
banana-republic-int-womens-g0,banana-republic,Banana Republic,INT,womens,M,,waist,74.9,77.5
banana-republic-int-womens-g0,banana-republic,Banana Republic,INT,womens,M,,hip,99.7,102.2
banana-republic-int-womens-g0,banana-republic,Banana Republic,INT,womens,L,,bust,98.4,102.2
banana-republic-int-womens-g0,banana-republic,Banana Republic,INT,womens,L,,waist,81.3,85.1
banana-republic-int-womens-g0,banana-republic,Banana Republic,INT,womens,L,,hip,106.1,109.9
banana-republic-int-womens-g0,banana-republic,Banana Republic,INT,womens,XL,,bust,107.3,112.4
banana-republic-int-womens-g0,banana-republic,Banana Republic,INT,womens,XL,,waist,90.2,95.3
banana-republic-int-womens-g0,banana-republic,Banana Republic,INT,womens,XL,,hip,114.9,120
banana-republic-int-womens-g0,banana-republic,Banana Republic,INT,womens,XXL,,bust,117.5,117.5
banana-republic-int-womens-g0,banana-republic,Banana Republic,INT,womens,XXL,,waist,100.3,100.3
banana-republic-int-womens-g0,banana-republic,Banana Republic,INT,womens,XXL,,hip,125.1,125.1
banana-republic-int-mens-g1,banana-republic,Banana Republic,INT,mens,XXS,,bust,81,84
banana-republic-int-mens-g1,banana-republic,Banana Republic,INT,mens,XXS,,waist,63.5,66
banana-republic-int-mens-g1,banana-republic,Banana Republic,INT,mens,XS,,bust,86,89
banana-republic-int-mens-g1,banana-republic,Banana Republic,INT,mens,XS,,waist,68.5,71
banana-republic-int-mens-g1,banana-republic,Banana Republic,INT,mens,S,,bust,91,94
banana-republic-int-mens-g1,banana-republic,Banana Republic,INT,mens,S,,waist,74,79
banana-republic-int-mens-g1,banana-republic,Banana Republic,INT,mens,M,,bust,96,101
banana-republic-int-mens-g1,banana-republic,Banana Republic,INT,mens,M,,waist,81,84
banana-republic-int-mens-g1,banana-republic,Banana Republic,INT,mens,L,,bust,104,112
banana-republic-int-mens-g1,banana-republic,Banana Republic,INT,mens,L,,waist,86,89
banana-republic-int-mens-g1,banana-republic,Banana Republic,INT,mens,XL,,bust,114,122
banana-republic-int-mens-g1,banana-republic,Banana Republic,INT,mens,XL,,waist,91,94
banana-republic-int-mens-g1,banana-republic,Banana Republic,INT,mens,XXL,,bust,124,132
banana-republic-int-mens-g1,banana-republic,Banana Republic,INT,mens,XXL,,waist,96,99
american-eagle-eu-womens,american-eagle,American Eagle,EU,womens,28,,waist,55.8,58.4
american-eagle-eu-womens,american-eagle,American Eagle,EU,womens,28,,hip,80.1,82.6
american-eagle-eu-womens,american-eagle,American Eagle,EU,womens,30,,waist,58.4,61
american-eagle-eu-womens,american-eagle,American Eagle,EU,womens,30,,hip,82.6,85.1
american-eagle-eu-womens,american-eagle,American Eagle,EU,womens,32,,waist,61,63.5
american-eagle-eu-womens,american-eagle,American Eagle,EU,womens,32,,hip,85.1,87.7
american-eagle-eu-womens,american-eagle,American Eagle,EU,womens,34,,waist,63.5,66.1
american-eagle-eu-womens,american-eagle,American Eagle,EU,womens,34,,hip,87.7,90.2
american-eagle-eu-womens,american-eagle,American Eagle,EU,womens,36,,waist,66.1,68.6
american-eagle-eu-womens,american-eagle,American Eagle,EU,womens,36,,hip,90.2,92.7
american-eagle-eu-womens,american-eagle,American Eagle,EU,womens,38,,waist,68.6,71.1
american-eagle-eu-womens,american-eagle,American Eagle,EU,womens,38,,hip,92.7,95.3
american-eagle-eu-womens,american-eagle,American Eagle,EU,womens,40,,waist,71.1,73.7
american-eagle-eu-womens,american-eagle,American Eagle,EU,womens,40,,hip,95.3,97.8
american-eagle-eu-womens,american-eagle,American Eagle,EU,womens,42,,waist,73.7,76.8
american-eagle-eu-womens,american-eagle,American Eagle,EU,womens,42,,hip,97.8,101
american-eagle-eu-womens,american-eagle,American Eagle,EU,womens,44,,waist,76.8,80.6
american-eagle-eu-womens,american-eagle,American Eagle,EU,womens,44,,hip,101,104.8
american-eagle-eu-womens,american-eagle,American Eagle,EU,womens,46,,waist,80.6,84.5
american-eagle-eu-womens,american-eagle,American Eagle,EU,womens,46,,hip,104.8,108.6
american-eagle-eu-womens,american-eagle,American Eagle,EU,womens,48,,waist,84.5,91.5
american-eagle-eu-womens,american-eagle,American Eagle,EU,womens,48,,hip,108.6,115.6
american-eagle-eu-womens,american-eagle,American Eagle,EU,womens,50,,waist,91.5,102.9
american-eagle-eu-womens,american-eagle,American Eagle,EU,womens,50,,hip,115.6,127
american-eagle-eu-womens,american-eagle,American Eagle,EU,womens,52,,waist,102.9,115.6
american-eagle-eu-womens,american-eagle,American Eagle,EU,womens,52,,hip,127,139.6
american-eagle-int-womens,american-eagle,American Eagle,INT,womens,XXS,,waist,56,61
american-eagle-int-womens,american-eagle,American Eagle,INT,womens,XXS,,hip,80,85
american-eagle-int-womens,american-eagle,American Eagle,INT,womens,XS,,waist,61,66
american-eagle-int-womens,american-eagle,American Eagle,INT,womens,XS,,hip,85,90
american-eagle-int-womens,american-eagle,American Eagle,INT,womens,S,,waist,66,71
american-eagle-int-womens,american-eagle,American Eagle,INT,womens,S,,hip,90,95.3
american-eagle-int-womens,american-eagle,American Eagle,INT,womens,M,,waist,71,77.3
american-eagle-int-womens,american-eagle,American Eagle,INT,womens,M,,hip,95.3,101.5
american-eagle-int-womens,american-eagle,American Eagle,INT,womens,L,,waist,77.3,83.5
american-eagle-int-womens,american-eagle,American Eagle,INT,womens,L,,hip,101.5,107.5
american-eagle-int-womens,american-eagle,American Eagle,INT,womens,XL,,waist,83.5,90
american-eagle-int-womens,american-eagle,American Eagle,INT,womens,XL,,hip,107.5,114.3
american-eagle-int-womens,american-eagle,American Eagle,INT,womens,XXL,,waist,90,98
american-eagle-int-womens,american-eagle,American Eagle,INT,womens,XXL,,hip,114.3,122.8
american-eagle-us-womens,american-eagle,American Eagle,US,womens,000,,waist,55.8,58.4
american-eagle-us-womens,american-eagle,American Eagle,US,womens,000,,hip,80.1,82.6
american-eagle-us-womens,american-eagle,American Eagle,US,womens,00,,waist,58.4,61
american-eagle-us-womens,american-eagle,American Eagle,US,womens,00,,hip,82.6,85.1
american-eagle-us-womens,american-eagle,American Eagle,US,womens,0,,waist,61,63.5
american-eagle-us-womens,american-eagle,American Eagle,US,womens,0,,hip,85.1,87.7
american-eagle-us-womens,american-eagle,American Eagle,US,womens,2,,waist,63.5,66.1
american-eagle-us-womens,american-eagle,American Eagle,US,womens,2,,hip,87.7,90.2
american-eagle-us-womens,american-eagle,American Eagle,US,womens,4,,waist,66.1,68.6
american-eagle-us-womens,american-eagle,American Eagle,US,womens,4,,hip,90.2,92.7
american-eagle-us-womens,american-eagle,American Eagle,US,womens,6,,waist,68.6,71.1
american-eagle-us-womens,american-eagle,American Eagle,US,womens,6,,hip,92.7,95.3
american-eagle-us-womens,american-eagle,American Eagle,US,womens,8,,waist,71.1,73.7
american-eagle-us-womens,american-eagle,American Eagle,US,womens,8,,hip,95.3,97.8
american-eagle-us-womens,american-eagle,American Eagle,US,womens,10,,waist,73.7,76.8
american-eagle-us-womens,american-eagle,American Eagle,US,womens,10,,hip,97.8,101
american-eagle-us-womens,american-eagle,American Eagle,US,womens,12,,waist,76.8,80.6
american-eagle-us-womens,american-eagle,American Eagle,US,womens,12,,hip,101,104.8
american-eagle-us-womens,american-eagle,American Eagle,US,womens,14,,waist,80.6,84.5
american-eagle-us-womens,american-eagle,American Eagle,US,womens,14,,hip,104.8,108.6
american-eagle-us-womens,american-eagle,American Eagle,US,womens,16,,waist,84.5,91.5
american-eagle-us-womens,american-eagle,American Eagle,US,womens,16,,hip,108.6,115.6
american-eagle-us-womens,american-eagle,American Eagle,US,womens,18,,waist,91.5,102.9
american-eagle-us-womens,american-eagle,American Eagle,US,womens,18,,hip,115.6,127
american-eagle-us-womens,american-eagle,American Eagle,US,womens,20,,waist,102.9,115.6
american-eagle-us-womens,american-eagle,American Eagle,US,womens,20,,hip,127,139.6
american-eagle-uk-womens,american-eagle,American Eagle,UK,womens,0,,waist,55.8,58.4
american-eagle-uk-womens,american-eagle,American Eagle,UK,womens,0,,hip,80.1,82.6
american-eagle-uk-womens,american-eagle,American Eagle,UK,womens,2,,waist,58.4,61
american-eagle-uk-womens,american-eagle,American Eagle,UK,womens,2,,hip,82.6,85.1
american-eagle-uk-womens,american-eagle,American Eagle,UK,womens,4,,waist,61,63.5
american-eagle-uk-womens,american-eagle,American Eagle,UK,womens,4,,hip,85.1,87.7
american-eagle-uk-womens,american-eagle,American Eagle,UK,womens,6,,waist,63.5,66.1
american-eagle-uk-womens,american-eagle,American Eagle,UK,womens,6,,hip,87.7,90.2
american-eagle-uk-womens,american-eagle,American Eagle,UK,womens,8,,waist,66.1,68.6
american-eagle-uk-womens,american-eagle,American Eagle,UK,womens,8,,hip,90.2,92.7
american-eagle-uk-womens,american-eagle,American Eagle,UK,womens,10,,waist,68.6,71.1
american-eagle-uk-womens,american-eagle,American Eagle,UK,womens,10,,hip,92.7,95.3
american-eagle-uk-womens,american-eagle,American Eagle,UK,womens,12,,waist,71.1,73.7
american-eagle-uk-womens,american-eagle,American Eagle,UK,womens,12,,hip,95.3,97.8
american-eagle-uk-womens,american-eagle,American Eagle,UK,womens,14,,waist,73.7,76.8
american-eagle-uk-womens,american-eagle,American Eagle,UK,womens,14,,hip,97.8,101
american-eagle-uk-womens,american-eagle,American Eagle,UK,womens,16,,waist,76.8,80.6
american-eagle-uk-womens,american-eagle,American Eagle,UK,womens,16,,hip,101,104.8
american-eagle-uk-womens,american-eagle,American Eagle,UK,womens,18,,waist,80.6,84.5
american-eagle-uk-womens,american-eagle,American Eagle,UK,womens,18,,hip,104.8,108.6
american-eagle-uk-womens,american-eagle,American Eagle,UK,womens,20,,waist,84.5,91.5
american-eagle-uk-womens,american-eagle,American Eagle,UK,womens,20,,hip,108.6,115.6
american-eagle-uk-womens,american-eagle,American Eagle,UK,womens,22,,waist,91.5,102.9
american-eagle-uk-womens,american-eagle,American Eagle,UK,womens,22,,hip,115.6,127
american-eagle-uk-womens,american-eagle,American Eagle,UK,womens,24,,waist,102.9,115.6
american-eagle-uk-womens,american-eagle,American Eagle,UK,womens,24,,hip,127,139.6
american-eagle-fr-womens,american-eagle,American Eagle,FR,womens,30,,waist,55.8,58.4
american-eagle-fr-womens,american-eagle,American Eagle,FR,womens,30,,hip,80.1,82.6
american-eagle-fr-womens,american-eagle,American Eagle,FR,womens,32,,waist,58.4,61
american-eagle-fr-womens,american-eagle,American Eagle,FR,womens,32,,hip,82.6,85.1
american-eagle-fr-womens,american-eagle,American Eagle,FR,womens,34,,waist,61,63.5
american-eagle-fr-womens,american-eagle,American Eagle,FR,womens,34,,hip,85.1,87.7
american-eagle-fr-womens,american-eagle,American Eagle,FR,womens,36,,waist,63.5,66.1
american-eagle-fr-womens,american-eagle,American Eagle,FR,womens,36,,hip,87.7,90.2
american-eagle-fr-womens,american-eagle,American Eagle,FR,womens,38,,waist,66.1,68.6
american-eagle-fr-womens,american-eagle,American Eagle,FR,womens,38,,hip,90.2,92.7
american-eagle-fr-womens,american-eagle,American Eagle,FR,womens,40,,waist,68.6,71.1
american-eagle-fr-womens,american-eagle,American Eagle,FR,womens,40,,hip,92.7,95.3
american-eagle-fr-womens,american-eagle,American Eagle,FR,womens,42,,waist,71.1,73.7
american-eagle-fr-womens,american-eagle,American Eagle,FR,womens,42,,hip,95.3,97.8
american-eagle-fr-womens,american-eagle,American Eagle,FR,womens,44,,waist,73.7,76.8
american-eagle-fr-womens,american-eagle,American Eagle,FR,womens,44,,hip,97.8,101
american-eagle-fr-womens,american-eagle,American Eagle,FR,womens,46,,waist,76.8,80.6
american-eagle-fr-womens,american-eagle,American Eagle,FR,womens,46,,hip,101,104.8
american-eagle-fr-womens,american-eagle,American Eagle,FR,womens,48,,waist,80.6,84.5
american-eagle-fr-womens,american-eagle,American Eagle,FR,womens,48,,hip,104.8,108.6
american-eagle-fr-womens,american-eagle,American Eagle,FR,womens,50,,waist,84.5,91.5
american-eagle-fr-womens,american-eagle,American Eagle,FR,womens,50,,hip,108.6,115.6
american-eagle-fr-womens,american-eagle,American Eagle,FR,womens,52,,waist,91.5,102.9
american-eagle-fr-womens,american-eagle,American Eagle,FR,womens,52,,hip,115.6,127
american-eagle-fr-womens,american-eagle,American Eagle,FR,womens,54,,waist,102.9,115.6
american-eagle-fr-womens,american-eagle,American Eagle,FR,womens,54,,hip,127,139.6
american-eagle-it-womens,american-eagle,American Eagle,IT,womens,32,,waist,55.8,58.4
american-eagle-it-womens,american-eagle,American Eagle,IT,womens,32,,hip,80.1,82.6
american-eagle-it-womens,american-eagle,American Eagle,IT,womens,34,,waist,58.4,61
american-eagle-it-womens,american-eagle,American Eagle,IT,womens,34,,hip,82.6,85.1
american-eagle-it-womens,american-eagle,American Eagle,IT,womens,36,,waist,61,63.5
american-eagle-it-womens,american-eagle,American Eagle,IT,womens,36,,hip,85.1,87.7
american-eagle-it-womens,american-eagle,American Eagle,IT,womens,38,,waist,63.5,66.1
american-eagle-it-womens,american-eagle,American Eagle,IT,womens,38,,hip,87.7,90.2
american-eagle-it-womens,american-eagle,American Eagle,IT,womens,40,,waist,66.1,68.6
american-eagle-it-womens,american-eagle,American Eagle,IT,womens,40,,hip,90.2,92.7
american-eagle-it-womens,american-eagle,American Eagle,IT,womens,42,,waist,68.6,71.1
american-eagle-it-womens,american-eagle,American Eagle,IT,womens,42,,hip,92.7,95.3
american-eagle-it-womens,american-eagle,American Eagle,IT,womens,44,,waist,71.1,73.7
american-eagle-it-womens,american-eagle,American Eagle,IT,womens,44,,hip,95.3,97.8
american-eagle-it-womens,american-eagle,American Eagle,IT,womens,46,,waist,73.7,76.8
american-eagle-it-womens,american-eagle,American Eagle,IT,womens,46,,hip,97.8,101
american-eagle-it-womens,american-eagle,American Eagle,IT,womens,48,,waist,76.8,80.6
american-eagle-it-womens,american-eagle,American Eagle,IT,womens,48,,hip,101,104.8
american-eagle-it-womens,american-eagle,American Eagle,IT,womens,50,,waist,80.6,84.5
american-eagle-it-womens,american-eagle,American Eagle,IT,womens,50,,hip,104.8,108.6
american-eagle-it-womens,american-eagle,American Eagle,IT,womens,52,,waist,84.5,91.5
american-eagle-it-womens,american-eagle,American Eagle,IT,womens,52,,hip,108.6,115.6
american-eagle-it-womens,american-eagle,American Eagle,IT,womens,54,,waist,91.5,102.9
american-eagle-it-womens,american-eagle,American Eagle,IT,womens,54,,hip,115.6,127
american-eagle-it-womens,american-eagle,American Eagle,IT,womens,56,,waist,102.9,115.6
american-eagle-it-womens,american-eagle,American Eagle,IT,womens,56,,hip,127,139.6
aerie-int-womens,aerie,Aerie,INT,womens,XXS,,waist,56,61
aerie-int-womens,aerie,Aerie,INT,womens,XXS,,hip,80,85
aerie-int-womens,aerie,Aerie,INT,womens,XS,,waist,61,66
aerie-int-womens,aerie,Aerie,INT,womens,XS,,hip,85,90
aerie-int-womens,aerie,Aerie,INT,womens,S,,waist,66,71
aerie-int-womens,aerie,Aerie,INT,womens,S,,hip,90,95.3
aerie-int-womens,aerie,Aerie,INT,womens,M,,waist,71,77.3
aerie-int-womens,aerie,Aerie,INT,womens,M,,hip,95.3,101.5
aerie-int-womens,aerie,Aerie,INT,womens,L,,waist,77.3,83.5
aerie-int-womens,aerie,Aerie,INT,womens,L,,hip,101.5,107.5
aerie-int-womens,aerie,Aerie,INT,womens,XL,,waist,83.5,90
aerie-int-womens,aerie,Aerie,INT,womens,XL,,hip,107.5,114.3
aerie-int-womens,aerie,Aerie,INT,womens,XXL,,waist,90,98
aerie-int-womens,aerie,Aerie,INT,womens,XXL,,hip,114.3,122.8
hollister-int-mens-g1,hollister,Hollister,INT,mens,XS,,bust,86,91
hollister-int-mens-g1,hollister,Hollister,INT,mens,S,,bust,91,96
hollister-int-mens-g1,hollister,Hollister,INT,mens,M,,bust,96,101
hollister-int-mens-g1,hollister,Hollister,INT,mens,L,,bust,101,107
hollister-int-mens-g1,hollister,Hollister,INT,mens,XL,,bust,107,112
hollister-int-mens-g2,hollister,Hollister,INT,mens,XS,,waist,69,74
hollister-int-mens-g2,hollister,Hollister,INT,mens,S,,waist,74,79
hollister-int-mens-g2,hollister,Hollister,INT,mens,M,,waist,79,84
hollister-int-mens-g2,hollister,Hollister,INT,mens,L,,waist,84,89
hollister-int-mens-g2,hollister,Hollister,INT,mens,XL,,waist,89,94
hollister-int-womens-g3,hollister,Hollister,INT,womens,XS,,bust,78.7,81.3
hollister-int-womens-g3,hollister,Hollister,INT,womens,S,,bust,82.5,86.4
hollister-int-womens-g3,hollister,Hollister,INT,womens,M,,bust,87.6,91.4
hollister-int-womens-g3,hollister,Hollister,INT,womens,L,,bust,92.7,96.5
hollister-int-womens-g3,hollister,Hollister,INT,womens,XL,,bust,96.5,99.1
hollister-int-womens-g4,hollister,Hollister,INT,womens,XS,,waist,59,62
hollister-int-womens-g4,hollister,Hollister,INT,womens,XS,,hip,84,88
hollister-int-womens-g4,hollister,Hollister,INT,womens,S,,waist,63,67
hollister-int-womens-g4,hollister,Hollister,INT,womens,S,,hip,89,93
hollister-int-womens-g4,hollister,Hollister,INT,womens,M,,waist,69,72
hollister-int-womens-g4,hollister,Hollister,INT,womens,M,,hip,94,98
hollister-int-womens-g4,hollister,Hollister,INT,womens,L,,waist,73,77
hollister-int-womens-g4,hollister,Hollister,INT,womens,L,,hip,99,103
hollister-us-womens,hollister,Hollister,US,womens,0,,waist,59,61
hollister-us-womens,hollister,Hollister,US,womens,0,,hip,85,86
hollister-us-womens,hollister,Hollister,US,womens,1,,waist,62,64
hollister-us-womens,hollister,Hollister,US,womens,1,,hip,87,89
hollister-us-womens,hollister,Hollister,US,womens,3,,waist,64,66
hollister-us-womens,hollister,Hollister,US,womens,3,,hip,90,92
hollister-us-womens,hollister,Hollister,US,womens,5,,waist,66,68
hollister-us-womens,hollister,Hollister,US,womens,5,,hip,92,94
hollister-us-womens,hollister,Hollister,US,womens,7,,waist,69,71
hollister-us-womens,hollister,Hollister,US,womens,7,,hip,95,97
hollister-us-womens,hollister,Hollister,US,womens,9,,waist,72,74
hollister-us-womens,hollister,Hollister,US,womens,9,,hip,98,99
hollister-us-womens,hollister,Hollister,US,womens,11,,waist,74,76
hollister-us-womens,hollister,Hollister,US,womens,11,,hip,100,101
levis-int-mens-g2,levis,Levi's,INT,mens,XS,,bust,81.3,86.4
levis-int-mens-g2,levis,Levi's,INT,mens,XS,,waist,66,71.1
levis-int-mens-g2,levis,Levi's,INT,mens,XS,,hip,81.3,86.4
levis-int-mens-g2,levis,Levi's,INT,mens,S,,bust,88.9,94
levis-int-mens-g2,levis,Levi's,INT,mens,S,,waist,73.7,78.7
levis-int-mens-g2,levis,Levi's,INT,mens,S,,hip,89,94
levis-int-mens-g2,levis,Levi's,INT,mens,M,,bust,96.5,101.6
levis-int-mens-g2,levis,Levi's,INT,mens,M,,waist,81.3,86.4
levis-int-mens-g2,levis,Levi's,INT,mens,M,,hip,96.5,101.6
levis-int-mens-g2,levis,Levi's,INT,mens,L,,bust,104.1,109.2
levis-int-mens-g2,levis,Levi's,INT,mens,L,,waist,88.9,94
levis-int-mens-g2,levis,Levi's,INT,mens,L,,hip,104.1,109.2
levis-int-mens-g2,levis,Levi's,INT,mens,XL,,bust,111.8,116.8
levis-int-mens-g2,levis,Levi's,INT,mens,XL,,waist,96.5,101.6
levis-int-mens-g2,levis,Levi's,INT,mens,XL,,hip,111.8,116.8
levis-int-mens-g2,levis,Levi's,INT,mens,XXL,,bust,119.4,124.5
levis-int-mens-g2,levis,Levi's,INT,mens,XXL,,waist,104.1,109.2
levis-int-mens-g2,levis,Levi's,INT,mens,XXL,,hip,119.4,124.5
levis-int-mens-g2,levis,Levi's,INT,mens,3XL,,bust,127,132.1
levis-int-mens-g2,levis,Levi's,INT,mens,3XL,,waist,111.8,116.8
levis-int-mens-g2,levis,Levi's,INT,mens,3XL,,hip,127,132.1
levis-int-mens-g2,levis,Levi's,INT,mens,4XL,,bust,137.2,142.2
levis-int-mens-g2,levis,Levi's,INT,mens,4XL,,waist,122,127
levis-int-mens-g2,levis,Levi's,INT,mens,4XL,,hip,137.2,142.2
levis-int-mens-g2,levis,Levi's,INT,mens,5XL,,bust,157.5,162.6
levis-int-mens-g2,levis,Levi's,INT,mens,5XL,,waist,132.1,137.2
levis-int-mens-g2,levis,Levi's,INT,mens,5XL,,hip,147.3,152.4
levis-int-mens-g3,levis,Levi's,INT,mens,XXS,,waist,61,63.5
levis-int-mens-g3,levis,Levi's,INT,mens,XXS,,hip,77.5,80
levis-int-mens-g3,levis,Levi's,INT,mens,XS,,waist,66,71
levis-int-mens-g3,levis,Levi's,INT,mens,XS,,hip,82.5,87.5
levis-int-mens-g3,levis,Levi's,INT,mens,S,,waist,73.7,78.7
levis-int-mens-g3,levis,Levi's,INT,mens,S,,hip,90.2,95.3
levis-int-mens-g3,levis,Levi's,INT,mens,M,,waist,81.3,86.4
levis-int-mens-g3,levis,Levi's,INT,mens,M,,hip,97.8,103
levis-int-mens-g3,levis,Levi's,INT,mens,L,,waist,89,94
levis-int-mens-g3,levis,Levi's,INT,mens,L,,hip,105.5,110
levis-int-mens-g3,levis,Levi's,INT,mens,XL,,waist,96.5,104
levis-int-mens-g3,levis,Levi's,INT,mens,XL,,hip,113,121
levis-int-mens-g3,levis,Levi's,INT,mens,XXL,,waist,106.7,114.3
levis-int-mens-g3,levis,Levi's,INT,mens,XXL,,hip,123.2,133.4
levis-int-womens-g4,levis,Levi's,INT,womens,XXS,,waist,61,63.5
levis-int-womens-g4,levis,Levi's,INT,womens,XXS,,hip,83.8,86.4
levis-int-womens-g4,levis,Levi's,INT,womens,XS,,waist,66,68.6
levis-int-womens-g4,levis,Levi's,INT,womens,XS,,hip,88.9,91.4
levis-int-womens-g4,levis,Levi's,INT,womens,S,,waist,71.1,73.7
levis-int-womens-g4,levis,Levi's,INT,womens,S,,hip,94,96.5
levis-int-womens-g4,levis,Levi's,INT,womens,M,,waist,76.2,78.7
levis-int-womens-g4,levis,Levi's,INT,womens,M,,hip,99.1,101.6
levis-int-womens-g4,levis,Levi's,INT,womens,L,,waist,81.3,86.4
levis-int-womens-g4,levis,Levi's,INT,womens,L,,hip,104.1,109.2
levis-int-womens-g4,levis,Levi's,INT,womens,XL,,waist,88.9,94
levis-int-womens-g4,levis,Levi's,INT,womens,XL,,hip,111.8,116.8
levis-int-womens-g4,levis,Levi's,INT,womens,XXL,,waist,96.5,101.6
levis-int-womens-g4,levis,Levi's,INT,womens,XXL,,hip,119.4,124.5
levis-int-womens-g5,levis,Levi's,INT,womens,XXS,,bust,76.2,81.3
levis-int-womens-g5,levis,Levi's,INT,womens,XXS,,waist,59.1,64.2
levis-int-womens-g5,levis,Levi's,INT,womens,XXS,,hip,83.9,88.9
levis-int-womens-g5,levis,Levi's,INT,womens,XS,,bust,81.3,86.4
levis-int-womens-g5,levis,Levi's,INT,womens,XS,,waist,64.2,69.3
levis-int-womens-g5,levis,Levi's,INT,womens,XS,,hip,88.9,94
levis-int-womens-g5,levis,Levi's,INT,womens,S,,bust,86.4,91.5
levis-int-womens-g5,levis,Levi's,INT,womens,S,,waist,69.3,74.3
levis-int-womens-g5,levis,Levi's,INT,womens,S,,hip,94,99.1
levis-int-womens-g5,levis,Levi's,INT,womens,M,,bust,91.5,97.2
levis-int-womens-g5,levis,Levi's,INT,womens,M,,waist,74.3,80
levis-int-womens-g5,levis,Levi's,INT,womens,M,,hip,99.1,104.8
levis-int-womens-g5,levis,Levi's,INT,womens,L,,bust,97.2,104.2
levis-int-womens-g5,levis,Levi's,INT,womens,L,,waist,80,87
levis-int-womens-g5,levis,Levi's,INT,womens,L,,hip,104.8,111.8
levis-int-womens-g5,levis,Levi's,INT,womens,XL,,bust,104.2,111.8
levis-int-womens-g5,levis,Levi's,INT,womens,XL,,waist,87,94.6
levis-int-womens-g5,levis,Levi's,INT,womens,XL,,hip,111.8,119.4
levis-int-womens-g5,levis,Levi's,INT,womens,XXL,,bust,111.8,119.4
levis-int-womens-g5,levis,Levi's,INT,womens,XXL,,waist,94.6,102.2
levis-int-womens-g5,levis,Levi's,INT,womens,XXL,,hip,119.4,127
levis-int-womens-g6,levis,Levi's,INT,womens,XXS,,bust,76.2,81.3
levis-int-womens-g6,levis,Levi's,INT,womens,XXS,,waist,59.1,64.2
levis-int-womens-g6,levis,Levi's,INT,womens,XXS,,hip,83.9,88.9
levis-int-womens-g6,levis,Levi's,INT,womens,XS,,bust,81.3,86.4
levis-int-womens-g6,levis,Levi's,INT,womens,XS,,waist,64.2,69.3
levis-int-womens-g6,levis,Levi's,INT,womens,XS,,hip,88.9,94
levis-int-womens-g6,levis,Levi's,INT,womens,S,,bust,86.4,91.5
levis-int-womens-g6,levis,Levi's,INT,womens,S,,waist,69.3,74.3
levis-int-womens-g6,levis,Levi's,INT,womens,S,,hip,94,99.1
levis-int-womens-g6,levis,Levi's,INT,womens,M,,bust,91.5,97.2
levis-int-womens-g6,levis,Levi's,INT,womens,M,,waist,74.3,80
levis-int-womens-g6,levis,Levi's,INT,womens,M,,hip,99.1,104.8
levis-int-womens-g6,levis,Levi's,INT,womens,L,,bust,97.2,104.2
levis-int-womens-g6,levis,Levi's,INT,womens,L,,waist,80,87
levis-int-womens-g6,levis,Levi's,INT,womens,L,,hip,104.8,111.8
levis-int-womens-g6,levis,Levi's,INT,womens,XL,,bust,104.2,111.8
levis-int-womens-g6,levis,Levi's,INT,womens,XL,,waist,87,94.6
levis-int-womens-g6,levis,Levi's,INT,womens,XL,,hip,111.8,119.4
levis-int-womens-g6,levis,Levi's,INT,womens,XXL,,bust,111.8,119.4
levis-int-womens-g6,levis,Levi's,INT,womens,XXL,,waist,94.6,102.2
levis-int-womens-g6,levis,Levi's,INT,womens,XXL,,hip,119.4,127
levis-us-womens-g1,levis,Levi's,US,womens,00/0,,waist,62.8,65.4
levis-us-womens-g1,levis,Levi's,US,womens,00/0,,hip,85.2,87.7
levis-us-womens-g1,levis,Levi's,US,womens,0/1,,waist,65.4,68
levis-us-womens-g1,levis,Levi's,US,womens,0/1,,hip,87.7,90.2
levis-us-womens-g1,levis,Levi's,US,womens,2/3,,waist,68,70.5
levis-us-womens-g1,levis,Levi's,US,womens,2/3,,hip,90.2,92.7
levis-us-womens-g1,levis,Levi's,US,womens,4/5,,waist,70.5,73.1
levis-us-womens-g1,levis,Levi's,US,womens,4/5,,hip,92.7,95.3
levis-us-womens-g1,levis,Levi's,US,womens,6/7,,waist,73.1,75.6
levis-us-womens-g1,levis,Levi's,US,womens,6/7,,hip,95.3,97.8
levis-us-womens-g1,levis,Levi's,US,womens,8/9,,waist,75.6,78.1
levis-us-womens-g1,levis,Levi's,US,womens,8/9,,hip,97.8,100.4
levis-us-womens-g1,levis,Levi's,US,womens,10/11,,waist,78.1,81.3
levis-us-womens-g1,levis,Levi's,US,womens,10/11,,hip,100.4,103.5
levis-us-womens-g1,levis,Levi's,US,womens,12/13,,waist,81.3,85.1
levis-us-womens-g1,levis,Levi's,US,womens,12/13,,hip,103.5,107.3
levis-us-womens-g1,levis,Levi's,US,womens,14/15,,waist,85.1,88.9
levis-us-womens-g1,levis,Levi's,US,womens,14/15,,hip,107.3,111.1
levis-us-womens-g1,levis,Levi's,US,womens,16/17,,waist,88.9,93.4
levis-us-womens-g1,levis,Levi's,US,womens,16/17,,hip,111.1,115.6
levis-us-womens-g1,levis,Levi's,US,womens,18/20,,waist,93.4,98.5
levis-us-womens-g1,levis,Levi's,US,womens,18/20,,hip,115.6,120.7
levis-us-womens-g7,levis,Levi's,US,womens,14,,bust,105.5,110.5
levis-us-womens-g7,levis,Levi's,US,womens,14,,waist,89.5,94.7
levis-us-womens-g7,levis,Levi's,US,womens,14,,hip,112.4,117.5
levis-us-womens-g7,levis,Levi's,US,womens,16,,bust,110.5,115.6
levis-us-womens-g7,levis,Levi's,US,womens,16,,waist,94.7,99.7
levis-us-womens-g7,levis,Levi's,US,womens,16,,hip,117.5,122.6
levis-us-womens-g7,levis,Levi's,US,womens,18,,bust,115.6,120.7
levis-us-womens-g7,levis,Levi's,US,womens,18,,waist,99.7,104.8
levis-us-womens-g7,levis,Levi's,US,womens,18,,hip,122.6,127.7
levis-us-womens-g7,levis,Levi's,US,womens,20,,bust,120.7,125.8
levis-us-womens-g7,levis,Levi's,US,womens,20,,waist,104.8,109.9
levis-us-womens-g7,levis,Levi's,US,womens,20,,hip,127.7,133.1
levis-us-womens-g7,levis,Levi's,US,womens,22,,bust,125.8,130.8
levis-us-womens-g7,levis,Levi's,US,womens,22,,waist,109.9,115
levis-us-womens-g7,levis,Levi's,US,womens,22,,hip,133.1,138.1
levis-us-womens-g7,levis,Levi's,US,womens,24,,bust,130.8,135.8
levis-us-womens-g7,levis,Levi's,US,womens,24,,waist,115,120.1
levis-us-womens-g7,levis,Levi's,US,womens,24,,hip,138.1,142.5
levis-us-womens-g8,levis,Levi's,US,womens,14,,bust,105.5,110.5
levis-us-womens-g8,levis,Levi's,US,womens,14,,waist,89.5,94.7
levis-us-womens-g8,levis,Levi's,US,womens,14,,hip,112.4,117.5
levis-us-womens-g8,levis,Levi's,US,womens,16,,bust,110.5,115.6
levis-us-womens-g8,levis,Levi's,US,womens,16,,waist,94.7,99.7
levis-us-womens-g8,levis,Levi's,US,womens,16,,hip,117.5,122.6
levis-us-womens-g8,levis,Levi's,US,womens,18,,bust,115.6,120.7
levis-us-womens-g8,levis,Levi's,US,womens,18,,waist,99.7,104.8
levis-us-womens-g8,levis,Levi's,US,womens,18,,hip,122.6,127.7
levis-us-womens-g8,levis,Levi's,US,womens,20,,bust,120.7,125.8
levis-us-womens-g8,levis,Levi's,US,womens,20,,waist,104.8,109.9
levis-us-womens-g8,levis,Levi's,US,womens,20,,hip,127.7,133.1
levis-us-womens-g8,levis,Levi's,US,womens,22,,bust,125.8,130.8
levis-us-womens-g8,levis,Levi's,US,womens,22,,waist,109.9,115
levis-us-womens-g8,levis,Levi's,US,womens,22,,hip,133.1,138.1
levis-us-womens-g8,levis,Levi's,US,womens,24,,bust,130.8,135.8
levis-us-womens-g8,levis,Levi's,US,womens,24,,waist,115,120.1
levis-us-womens-g8,levis,Levi's,US,womens,24,,hip,138.1,142.5
levis-uk-mens-g0,levis,Levi's,UK,mens,24,,waist,59.8,62.3
levis-uk-mens-g0,levis,Levi's,UK,mens,24,,hip,76.3,78.8
levis-uk-mens-g0,levis,Levi's,UK,mens,25,,waist,62.3,64.8
levis-uk-mens-g0,levis,Levi's,UK,mens,25,,hip,78.8,81.3
levis-uk-mens-g0,levis,Levi's,UK,mens,26,,waist,64.8,67.3
levis-uk-mens-g0,levis,Levi's,UK,mens,26,,hip,81.3,83.8
levis-uk-mens-g0,levis,Levi's,UK,mens,27,,waist,67.3,69.9
levis-uk-mens-g0,levis,Levi's,UK,mens,27,,hip,83.8,86.3
levis-uk-mens-g0,levis,Levi's,UK,mens,28,,waist,69.9,72.4
levis-uk-mens-g0,levis,Levi's,UK,mens,28,,hip,86.3,88.9
levis-uk-mens-g0,levis,Levi's,UK,mens,29,,waist,72.4,75
levis-uk-mens-g0,levis,Levi's,UK,mens,29,,hip,88.9,91.5
levis-uk-mens-g0,levis,Levi's,UK,mens,30,,waist,75,77.5
levis-uk-mens-g0,levis,Levi's,UK,mens,30,,hip,91.5,94
levis-uk-mens-g0,levis,Levi's,UK,mens,31,,waist,77.5,80
levis-uk-mens-g0,levis,Levi's,UK,mens,31,,hip,94,96.6
levis-uk-mens-g0,levis,Levi's,UK,mens,32,,waist,80,82.6
levis-uk-mens-g0,levis,Levi's,UK,mens,32,,hip,96.6,99.1
levis-uk-mens-g0,levis,Levi's,UK,mens,33,,waist,82.6,85.1
levis-uk-mens-g0,levis,Levi's,UK,mens,33,,hip,99.1,101.7
levis-uk-mens-g0,levis,Levi's,UK,mens,34,,waist,85.1,87.7
levis-uk-mens-g0,levis,Levi's,UK,mens,34,,hip,101.7,104.3
levis-uk-mens-g0,levis,Levi's,UK,mens,35,,waist,87.7,90.2
levis-uk-mens-g0,levis,Levi's,UK,mens,35,,hip,104.3,106.8
levis-uk-mens-g0,levis,Levi's,UK,mens,36,,waist,90.2,94
levis-uk-mens-g0,levis,Levi's,UK,mens,36,,hip,106.8,110.5
levis-uk-mens-g0,levis,Levi's,UK,mens,38,,waist,94,99.1
levis-uk-mens-g0,levis,Levi's,UK,mens,38,,hip,110.5,115.5
levis-uk-mens-g0,levis,Levi's,UK,mens,40,,waist,99.1,104.2
levis-uk-mens-g0,levis,Levi's,UK,mens,40,,hip,115.5,120.6
levis-uk-mens-g0,levis,Levi's,UK,mens,42,,waist,104.2,109.3
levis-uk-mens-g0,levis,Levi's,UK,mens,42,,hip,120.6,125.8
levis-uk-mens-g0,levis,Levi's,UK,mens,44,,waist,109.3,114.3
levis-uk-mens-g0,levis,Levi's,UK,mens,44,,hip,125.8,130.9
levis-uk-mens-g0,levis,Levi's,UK,mens,46,,waist,114.3,119.3
levis-uk-mens-g0,levis,Levi's,UK,mens,46,,hip,130.9,136
levis-uk-mens-g0,levis,Levi's,UK,mens,48,,waist,119.3,124.5
levis-uk-mens-g0,levis,Levi's,UK,mens,48,,hip,136,141
levis-uk-mens-g0,levis,Levi's,UK,mens,50,,waist,124.5,129.5
levis-uk-mens-g0,levis,Levi's,UK,mens,50,,hip,141,146.1
levis-uk-mens-g0,levis,Levi's,UK,mens,52,,waist,129.5,134.6
levis-uk-mens-g0,levis,Levi's,UK,mens,52,,hip,146.1,151.1
levis-uk-mens-g0,levis,Levi's,UK,mens,54,,waist,134.6,139.7
levis-uk-mens-g0,levis,Levi's,UK,mens,54,,hip,151.1,156.3
levis-uk-mens-g0,levis,Levi's,UK,mens,56,,waist,139.7,144.7
levis-uk-mens-g0,levis,Levi's,UK,mens,56,,hip,156.3,161.3
levis-uk-mens-g0,levis,Levi's,UK,mens,58,,waist,144.7,149.8
levis-uk-mens-g0,levis,Levi's,UK,mens,58,,hip,161.3,166.4
levis-uk-mens-g0,levis,Levi's,UK,mens,60,,waist,149.8,155
levis-uk-mens-g0,levis,Levi's,UK,mens,60,,hip,166.4,171.6
levis-uk-womens-g9,levis,Levi's,UK,womens,24,,waist,61,63.5
levis-uk-womens-g9,levis,Levi's,UK,womens,24,,hip,86.4,88.9
levis-uk-womens-g9,levis,Levi's,UK,womens,26,,waist,66,68.6
levis-uk-womens-g9,levis,Levi's,UK,womens,26,,hip,91.4,94
levis-uk-womens-g9,levis,Levi's,UK,womens,28,,waist,71.1,73.7
levis-uk-womens-g9,levis,Levi's,UK,womens,28,,hip,96.5,99.1
levis-uk-womens-g9,levis,Levi's,UK,womens,30,,waist,76.2,78.7
levis-uk-womens-g9,levis,Levi's,UK,womens,30,,hip,101.6,104.1
levis-uk-womens-g9,levis,Levi's,UK,womens,32,,waist,81.3,83.8
levis-uk-womens-g9,levis,Levi's,UK,womens,32,,hip,106.7,109.2
levis-uk-womens-g9,levis,Levi's,UK,womens,34,,waist,86.4,88.9
levis-uk-womens-g9,levis,Levi's,UK,womens,34,,hip,111.8,114.3
wrangler-int-mens-g0,wrangler,Wrangler,INT,mens,XXS,,bust,85.1,90.2
wrangler-int-mens-g0,wrangler,Wrangler,INT,mens,XS,,bust,90.2,95.3
wrangler-int-mens-g0,wrangler,Wrangler,INT,mens,S,,bust,95.3,100.3
wrangler-int-mens-g0,wrangler,Wrangler,INT,mens,M,,bust,100.3,108
wrangler-int-mens-g0,wrangler,Wrangler,INT,mens,L,,bust,108,116.8
wrangler-int-mens-g0,wrangler,Wrangler,INT,mens,XL,,bust,116.8,127
wrangler-int-mens-g0,wrangler,Wrangler,INT,mens,2X,,bust,127,137.2
wrangler-int-mens-g0,wrangler,Wrangler,INT,mens,3X,,bust,137.2,147.3
wrangler-int-mens-g0,wrangler,Wrangler,INT,mens,4X,,bust,147.3,157.5
wrangler-int-mens-g0,wrangler,Wrangler,INT,mens,5X,,bust,157.5,167.6
wrangler-int-womens-g2,wrangler,Wrangler,INT,womens,XS,,bust,82.5,85.1
wrangler-int-womens-g2,wrangler,Wrangler,INT,womens,XS,,waist,68.6,71.1
wrangler-int-womens-g2,wrangler,Wrangler,INT,womens,XS,,hip,87.6,90.2
wrangler-int-womens-g2,wrangler,Wrangler,INT,womens,S,,bust,87.6,90.2
wrangler-int-womens-g2,wrangler,Wrangler,INT,womens,S,,waist,73.7,76.2
wrangler-int-womens-g2,wrangler,Wrangler,INT,womens,S,,hip,92.7,95.3
wrangler-int-womens-g2,wrangler,Wrangler,INT,womens,M,,bust,92.7,95.3
wrangler-int-womens-g2,wrangler,Wrangler,INT,womens,M,,waist,79.4,82.5
wrangler-int-womens-g2,wrangler,Wrangler,INT,womens,M,,hip,97.8,100.3
wrangler-int-womens-g2,wrangler,Wrangler,INT,womens,L,,bust,99.1,102.9
wrangler-int-womens-g2,wrangler,Wrangler,INT,womens,L,,waist,86.4,90.8
wrangler-int-womens-g2,wrangler,Wrangler,INT,womens,L,,hip,104.1,108
wrangler-int-womens-g2,wrangler,Wrangler,INT,womens,XL,,bust,106.7,111.8
wrangler-int-womens-g2,wrangler,Wrangler,INT,womens,XL,,waist,95.3,100.3
wrangler-int-womens-g2,wrangler,Wrangler,INT,womens,XL,,hip,111.8,115.6
wrangler-int-mens-g4,wrangler,Wrangler,INT,mens,XXS,,waist,68.6,71.1
wrangler-int-mens-g4,wrangler,Wrangler,INT,mens,XXS,,hip,83.8,86.4
wrangler-int-mens-g4,wrangler,Wrangler,INT,mens,XS,,waist,71.1,73.7
wrangler-int-mens-g4,wrangler,Wrangler,INT,mens,XS,,hip,86.4,88.9
wrangler-int-mens-g4,wrangler,Wrangler,INT,mens,S,,waist,76.2,78.7
wrangler-int-mens-g4,wrangler,Wrangler,INT,mens,S,,hip,91.4,94
wrangler-int-mens-g4,wrangler,Wrangler,INT,mens,M,,waist,81.3,83.8
wrangler-int-mens-g4,wrangler,Wrangler,INT,mens,M,,hip,96.5,99.1
wrangler-int-mens-g4,wrangler,Wrangler,INT,mens,L,,waist,91.4,94
wrangler-int-mens-g4,wrangler,Wrangler,INT,mens,L,,hip,106.7,109.2
wrangler-int-mens-g4,wrangler,Wrangler,INT,mens,XL,,waist,106.7,109.2
wrangler-int-mens-g4,wrangler,Wrangler,INT,mens,XL,,hip,119.4,121.9
wrangler-int-mens-g4,wrangler,Wrangler,INT,mens,2X,,waist,119.4,121.9
wrangler-int-mens-g4,wrangler,Wrangler,INT,mens,2X,,hip,127,129.5
wrangler-int-mens-g4,wrangler,Wrangler,INT,mens,3X,,waist,129.5,132.1
wrangler-int-mens-g4,wrangler,Wrangler,INT,mens,3X,,hip,132.1,134.6
wrangler-int-mens-g4,wrangler,Wrangler,INT,mens,4X,,waist,144.8,147.3
wrangler-int-mens-g4,wrangler,Wrangler,INT,mens,4X,,hip,139.7,142.2
wrangler-us-womens,wrangler,Wrangler,US,womens,18W,,waist,100.3,104.1
wrangler-us-womens,wrangler,Wrangler,US,womens,18W,,hip,120.7,124.5
wrangler-us-womens,wrangler,Wrangler,US,womens,20W,,waist,105.4,109.2
wrangler-us-womens,wrangler,Wrangler,US,womens,20W,,hip,125.7,129.5
wrangler-us-womens,wrangler,Wrangler,US,womens,22W,,waist,110.5,114.3
wrangler-us-womens,wrangler,Wrangler,US,womens,22W,,hip,130.8,134.6
wrangler-us-womens,wrangler,Wrangler,US,womens,24W,,waist,115.6,120.7
wrangler-us-womens,wrangler,Wrangler,US,womens,24W,,hip,135.9,139.7
wrangler-us-womens,wrangler,Wrangler,US,womens,26W,,waist,120.7,125.7
wrangler-us-womens,wrangler,Wrangler,US,womens,26W,,hip,141,144.8
wrangler-uk-mens,wrangler,Wrangler,UK,mens,27,,waist,68.6,71.1
wrangler-uk-mens,wrangler,Wrangler,UK,mens,27,,hip,83.8,86.4
wrangler-uk-mens,wrangler,Wrangler,UK,mens,28,,waist,71.1,73.7
wrangler-uk-mens,wrangler,Wrangler,UK,mens,28,,hip,86.4,88.9
wrangler-uk-mens,wrangler,Wrangler,UK,mens,29,,waist,73.7,76.2
wrangler-uk-mens,wrangler,Wrangler,UK,mens,29,,hip,88.9,91.4
wrangler-uk-mens,wrangler,Wrangler,UK,mens,30,,waist,76.2,78.7
wrangler-uk-mens,wrangler,Wrangler,UK,mens,30,,hip,91.4,94
wrangler-uk-mens,wrangler,Wrangler,UK,mens,31,,waist,78.7,81.3
wrangler-uk-mens,wrangler,Wrangler,UK,mens,31,,hip,94,96.5
wrangler-uk-mens,wrangler,Wrangler,UK,mens,32,,waist,81.3,83.8
wrangler-uk-mens,wrangler,Wrangler,UK,mens,32,,hip,96.5,99.1
wrangler-uk-mens,wrangler,Wrangler,UK,mens,33,,waist,83.8,86.4
wrangler-uk-mens,wrangler,Wrangler,UK,mens,33,,hip,99.1,101.6
wrangler-uk-mens,wrangler,Wrangler,UK,mens,34,,waist,86.4,88.9
wrangler-uk-mens,wrangler,Wrangler,UK,mens,34,,hip,101.6,104.1
wrangler-uk-mens,wrangler,Wrangler,UK,mens,35,,waist,88.9,91.4
wrangler-uk-mens,wrangler,Wrangler,UK,mens,35,,hip,104.1,106.7
wrangler-uk-mens,wrangler,Wrangler,UK,mens,36,,waist,91.4,94
wrangler-uk-mens,wrangler,Wrangler,UK,mens,36,,hip,106.7,109.2
wrangler-uk-mens,wrangler,Wrangler,UK,mens,37,,waist,94,96.5
wrangler-uk-mens,wrangler,Wrangler,UK,mens,37,,hip,109.2,111.8
wrangler-uk-mens,wrangler,Wrangler,UK,mens,38,,waist,96.5,99.1
wrangler-uk-mens,wrangler,Wrangler,UK,mens,38,,hip,111.8,114.3
wrangler-uk-mens,wrangler,Wrangler,UK,mens,39,,waist,99.1,101.6
wrangler-uk-mens,wrangler,Wrangler,UK,mens,39,,hip,114.3,116.8
wrangler-uk-mens,wrangler,Wrangler,UK,mens,40,,waist,101.6,104.1
wrangler-uk-mens,wrangler,Wrangler,UK,mens,40,,hip,116.8,119.4
wrangler-uk-mens,wrangler,Wrangler,UK,mens,42,,waist,106.7,109.2
wrangler-uk-mens,wrangler,Wrangler,UK,mens,42,,hip,119.4,121.9
wrangler-uk-mens,wrangler,Wrangler,UK,mens,44,,waist,111.8,114.3
wrangler-uk-mens,wrangler,Wrangler,UK,mens,44,,hip,121.9,124.5
wrangler-uk-mens,wrangler,Wrangler,UK,mens,46,,waist,114.3,116.8
wrangler-uk-mens,wrangler,Wrangler,UK,mens,46,,hip,124.5,127
wrangler-uk-mens,wrangler,Wrangler,UK,mens,48,,waist,119.4,121.9
wrangler-uk-mens,wrangler,Wrangler,UK,mens,48,,hip,127,129.5
wrangler-uk-mens,wrangler,Wrangler,UK,mens,50,,waist,124.5,127
wrangler-uk-mens,wrangler,Wrangler,UK,mens,50,,hip,129.5,132.1
wrangler-uk-mens,wrangler,Wrangler,UK,mens,52,,waist,129.5,132.1
wrangler-uk-mens,wrangler,Wrangler,UK,mens,52,,hip,132.1,134.6
wrangler-uk-mens,wrangler,Wrangler,UK,mens,54,,waist,134.6,137.2
wrangler-uk-mens,wrangler,Wrangler,UK,mens,54,,hip,134.6,137.2
wrangler-uk-mens,wrangler,Wrangler,UK,mens,56,,waist,139.7,142.2
wrangler-uk-mens,wrangler,Wrangler,UK,mens,56,,hip,137.2,139.7
wrangler-uk-mens,wrangler,Wrangler,UK,mens,58,,waist,144.8,147.3
wrangler-uk-mens,wrangler,Wrangler,UK,mens,58,,hip,139.7,142.2
wrangler-uk-mens,wrangler,Wrangler,UK,mens,60,,waist,149.9,152.4
wrangler-uk-mens,wrangler,Wrangler,UK,mens,60,,hip,142.2,144.8
wrangler-uk-mens,wrangler,Wrangler,UK,mens,62,,waist,154.9,157.5
wrangler-uk-mens,wrangler,Wrangler,UK,mens,62,,hip,144.8,147.3
wrangler-uk-mens,wrangler,Wrangler,UK,mens,64,,waist,160,162.6
wrangler-uk-mens,wrangler,Wrangler,UK,mens,64,,hip,147.3,149.9
wrangler-uk-mens,wrangler,Wrangler,UK,mens,66,,waist,165.1,167.6
wrangler-uk-mens,wrangler,Wrangler,UK,mens,66,,hip,149.9,152.4
wrangler-uk-mens,wrangler,Wrangler,UK,mens,68,,waist,170.2,172.7
wrangler-uk-mens,wrangler,Wrangler,UK,mens,68,,hip,152.4,154.9
lee-int-mens,lee,Lee,INT,mens,XS,,bust,87.6,91.4
lee-int-mens,lee,Lee,INT,mens,S,,bust,92.7,96.5
lee-int-mens,lee,Lee,INT,mens,M,,bust,97.8,101.6
lee-int-mens,lee,Lee,INT,mens,L,,bust,105.4,110.5
lee-int-mens,lee,Lee,INT,mens,XL,,bust,114.3,119.4
lee-int-mens,lee,Lee,INT,mens,2XL,,bust,124.5,129.5
lee-int-mens,lee,Lee,INT,mens,3XL,,bust,134.6,139.7
lee-int-mens,lee,Lee,INT,mens,4XL,,bust,144.8,149.9
lee-int-mens,lee,Lee,INT,mens,5XL,,bust,154.9,160
lee-us-womens,lee,Lee,US,womens,00,,bust,78.7,80
lee-us-womens,lee,Lee,US,womens,00,,waist,63.5,64.8
lee-us-womens,lee,Lee,US,womens,00,,hip,85.1,86.4
lee-us-womens,lee,Lee,US,womens,0,,bust,81.3,82.5
lee-us-womens,lee,Lee,US,womens,0,,waist,66,67.3
lee-us-womens,lee,Lee,US,womens,0,,hip,87.6,88.9
lee-us-womens,lee,Lee,US,womens,2,,bust,83.8,85.1
lee-us-womens,lee,Lee,US,womens,2,,waist,68.6,69.8
lee-us-womens,lee,Lee,US,womens,2,,hip,90.2,91.4
lee-us-womens,lee,Lee,US,womens,4,,bust,86.4,87.6
lee-us-womens,lee,Lee,US,womens,4,,waist,71.1,72.4
lee-us-womens,lee,Lee,US,womens,4,,hip,92.7,94
lee-us-womens,lee,Lee,US,womens,6,,bust,88.9,90.2
lee-us-womens,lee,Lee,US,womens,6,,waist,73.7,74.9
lee-us-womens,lee,Lee,US,womens,6,,hip,95.3,96.5
lee-us-womens,lee,Lee,US,womens,8,,bust,91.4,92.7
lee-us-womens,lee,Lee,US,womens,8,,waist,76.2,77.5
lee-us-womens,lee,Lee,US,womens,8,,hip,97.8,99.1
lee-us-womens,lee,Lee,US,womens,10,,bust,94,95.3
lee-us-womens,lee,Lee,US,womens,10,,waist,78.7,80
lee-us-womens,lee,Lee,US,womens,10,,hip,100.3,101.6
lee-us-womens,lee,Lee,US,womens,12,,bust,96.5,99.1
lee-us-womens,lee,Lee,US,womens,12,,waist,81.3,83.8
lee-us-womens,lee,Lee,US,womens,12,,hip,102.9,105.4
lee-us-womens,lee,Lee,US,womens,14,,bust,100.3,102.9
lee-us-womens,lee,Lee,US,womens,14,,waist,85.1,87.6
lee-us-womens,lee,Lee,US,womens,14,,hip,106.7,109.2
lee-us-womens,lee,Lee,US,womens,16,,bust,104.1,107.3
lee-us-womens,lee,Lee,US,womens,16,,waist,88.9,92.1
lee-us-womens,lee,Lee,US,womens,16,,hip,110.5,113
lee-us-womens,lee,Lee,US,womens,18,,bust,108.6,111.8
lee-us-womens,lee,Lee,US,womens,18,,waist,93.3,97.8
lee-us-womens,lee,Lee,US,womens,18,,hip,114.3,118.1
lee-us-womens,lee,Lee,US,womens,20,,bust,113,116.8
lee-us-womens,lee,Lee,US,womens,20,,waist,99.1,103.5
lee-us-womens,lee,Lee,US,womens,20,,hip,119.4,123.2
lee-us-womens,lee,Lee,US,womens,22,,bust,118.1,121.9
lee-us-womens,lee,Lee,US,womens,22,,waist,104.8,109.2
lee-us-womens,lee,Lee,US,womens,22,,hip,124.5,128.3
lee-us-womens,lee,Lee,US,womens,24,,bust,123.2,127
lee-us-womens,lee,Lee,US,womens,24,,waist,110.5,114.9
lee-us-womens,lee,Lee,US,womens,24,,hip,129.5,133.3
lee-us-womens,lee,Lee,US,womens,26,,bust,128.3,132.1
lee-us-womens,lee,Lee,US,womens,26,,waist,116.2,120.7
lee-us-womens,lee,Lee,US,womens,26,,hip,134.6,138.4
lee-us-womens,lee,Lee,US,womens,28,,bust,133.3,137.2
lee-us-womens,lee,Lee,US,womens,28,,waist,121.9,126.4
lee-us-womens,lee,Lee,US,womens,28,,hip,139.7,143.5
lee-us-womens,lee,Lee,US,womens,30,,bust,138.4,142.2
lee-us-womens,lee,Lee,US,womens,30,,waist,127.6,132.1
lee-us-womens,lee,Lee,US,womens,30,,hip,144.8,148.6
lee-uk-mens,lee,Lee,UK,mens,26,,waist,67.3,68.6
lee-uk-mens,lee,Lee,UK,mens,26,,hip,82.5,83.8
lee-uk-mens,lee,Lee,UK,mens,27,,waist,69.8,71.1
lee-uk-mens,lee,Lee,UK,mens,27,,hip,85.1,86.4
lee-uk-mens,lee,Lee,UK,mens,28,,waist,72.4,73.7
lee-uk-mens,lee,Lee,UK,mens,28,,hip,86.4,87.6
lee-uk-mens,lee,Lee,UK,mens,29,,waist,74.9,76.2
lee-uk-mens,lee,Lee,UK,mens,29,,hip,88.9,90.2
lee-uk-mens,lee,Lee,UK,mens,30,,waist,77.5,78.7
lee-uk-mens,lee,Lee,UK,mens,30,,hip,91.4,92.7
lee-uk-mens,lee,Lee,UK,mens,31,,waist,80,81.3
lee-uk-mens,lee,Lee,UK,mens,31,,hip,94,95.3
lee-uk-mens,lee,Lee,UK,mens,32,,waist,82.5,83.8
lee-uk-mens,lee,Lee,UK,mens,32,,hip,96.5,97.8
lee-uk-mens,lee,Lee,UK,mens,33,,waist,85.1,86.4
lee-uk-mens,lee,Lee,UK,mens,33,,hip,99.1,100.3
lee-uk-mens,lee,Lee,UK,mens,34,,waist,87.6,88.9
lee-uk-mens,lee,Lee,UK,mens,34,,hip,101.6,102.9
lee-uk-mens,lee,Lee,UK,mens,35,,waist,90.2,91.4
lee-uk-mens,lee,Lee,UK,mens,35,,hip,104.1,105.4
lee-uk-mens,lee,Lee,UK,mens,36,,waist,92.7,94
lee-uk-mens,lee,Lee,UK,mens,36,,hip,106.7,108
lee-uk-mens,lee,Lee,UK,mens,38,,waist,95.3,99.1
lee-uk-mens,lee,Lee,UK,mens,38,,hip,109.2,111.8
lee-uk-mens,lee,Lee,UK,mens,40,,waist,100.3,104.1
lee-uk-mens,lee,Lee,UK,mens,40,,hip,114.3,115.6
lee-uk-mens,lee,Lee,UK,mens,42,,waist,105.4,108.6
lee-uk-mens,lee,Lee,UK,mens,42,,hip,116.8,119.4
calvin-klein-eu-womens,calvin-klein,Calvin Klein,EU,womens,<32,,waist,58,60.5
calvin-klein-eu-womens,calvin-klein,Calvin Klein,EU,womens,<32,,hip,84,86.5
calvin-klein-eu-womens,calvin-klein,Calvin Klein,EU,womens,32,,waist,60.5,63
calvin-klein-eu-womens,calvin-klein,Calvin Klein,EU,womens,32,,hip,86.5,89
calvin-klein-eu-womens,calvin-klein,Calvin Klein,EU,womens,32-34,,waist,63,65.5
calvin-klein-eu-womens,calvin-klein,Calvin Klein,EU,womens,32-34,,hip,89,91.5
calvin-klein-eu-womens,calvin-klein,Calvin Klein,EU,womens,34,,waist,65.5,68
calvin-klein-eu-womens,calvin-klein,Calvin Klein,EU,womens,34,,hip,91.5,94
calvin-klein-eu-womens,calvin-klein,Calvin Klein,EU,womens,34-36,,waist,68,70.5
calvin-klein-eu-womens,calvin-klein,Calvin Klein,EU,womens,34-36,,hip,94,96.5
calvin-klein-eu-womens,calvin-klein,Calvin Klein,EU,womens,36,,waist,70.5,73
calvin-klein-eu-womens,calvin-klein,Calvin Klein,EU,womens,36,,hip,96.5,99
calvin-klein-eu-womens,calvin-klein,Calvin Klein,EU,womens,36-38,,waist,73,75.5
calvin-klein-eu-womens,calvin-klein,Calvin Klein,EU,womens,36-38,,hip,99,101.5
calvin-klein-eu-womens,calvin-klein,Calvin Klein,EU,womens,38,,waist,77,79.5
calvin-klein-eu-womens,calvin-klein,Calvin Klein,EU,womens,38,,hip,103,105.5
calvin-klein-eu-womens,calvin-klein,Calvin Klein,EU,womens,38-40,,waist,80.5,83
calvin-klein-eu-womens,calvin-klein,Calvin Klein,EU,womens,38-40,,hip,106.5,109
calvin-klein-eu-womens,calvin-klein,Calvin Klein,EU,womens,40,,waist,84.5,87
calvin-klein-eu-womens,calvin-klein,Calvin Klein,EU,womens,40,,hip,110.5,113
calvin-klein-eu-womens,calvin-klein,Calvin Klein,EU,womens,40-42,,waist,88,91
calvin-klein-eu-womens,calvin-klein,Calvin Klein,EU,womens,40-42,,hip,114.5,117
calvin-klein-int-womens-g0,calvin-klein,Calvin Klein,INT,womens,XXS,,waist,58,60.5
calvin-klein-int-womens-g0,calvin-klein,Calvin Klein,INT,womens,XXS,,hip,84,86.5
calvin-klein-int-womens-g0,calvin-klein,Calvin Klein,INT,womens,XXS-XS,,waist,60.5,63
calvin-klein-int-womens-g0,calvin-klein,Calvin Klein,INT,womens,XXS-XS,,hip,86.5,89
calvin-klein-int-womens-g0,calvin-klein,Calvin Klein,INT,womens,XS,,waist,63,65.5
calvin-klein-int-womens-g0,calvin-klein,Calvin Klein,INT,womens,XS,,hip,89,91.5
calvin-klein-int-womens-g0,calvin-klein,Calvin Klein,INT,womens,XS-S,,waist,65.5,68
calvin-klein-int-womens-g0,calvin-klein,Calvin Klein,INT,womens,XS-S,,hip,91.5,94
calvin-klein-int-womens-g0,calvin-klein,Calvin Klein,INT,womens,S,,waist,68,70.5
calvin-klein-int-womens-g0,calvin-klein,Calvin Klein,INT,womens,S,,hip,94,96.5
calvin-klein-int-womens-g0,calvin-klein,Calvin Klein,INT,womens,S-M,,waist,70.5,73
calvin-klein-int-womens-g0,calvin-klein,Calvin Klein,INT,womens,S-M,,hip,96.5,99
calvin-klein-int-womens-g0,calvin-klein,Calvin Klein,INT,womens,M,,waist,73,75.5
calvin-klein-int-womens-g0,calvin-klein,Calvin Klein,INT,womens,M,,hip,99,101.5
calvin-klein-int-womens-g0,calvin-klein,Calvin Klein,INT,womens,M-L,,waist,77,79.5
calvin-klein-int-womens-g0,calvin-klein,Calvin Klein,INT,womens,M-L,,hip,103,105.5
calvin-klein-int-womens-g0,calvin-klein,Calvin Klein,INT,womens,L,,waist,80.5,83
calvin-klein-int-womens-g0,calvin-klein,Calvin Klein,INT,womens,L,,hip,106.5,109
calvin-klein-int-womens-g0,calvin-klein,Calvin Klein,INT,womens,L-XL,,waist,84.5,87
calvin-klein-int-womens-g0,calvin-klein,Calvin Klein,INT,womens,L-XL,,hip,110.5,113
calvin-klein-int-womens-g0,calvin-klein,Calvin Klein,INT,womens,XL,,waist,88,91
calvin-klein-int-womens-g0,calvin-klein,Calvin Klein,INT,womens,XL,,hip,114.5,117
calvin-klein-int-mens-g5,calvin-klein,Calvin Klein,INT,mens,XS,,waist,60,66
calvin-klein-int-mens-g5,calvin-klein,Calvin Klein,INT,mens,S,,waist,71,76
calvin-klein-int-mens-g5,calvin-klein,Calvin Klein,INT,mens,M,,waist,81,86
calvin-klein-int-mens-g5,calvin-klein,Calvin Klein,INT,mens,L,,waist,91,97
calvin-klein-int-mens-g5,calvin-klein,Calvin Klein,INT,mens,XL,,waist,102,107
calvin-klein-int-mens-g5,calvin-klein,Calvin Klein,INT,mens,XXL,,waist,112,117
calvin-klein-int-womens-g6,calvin-klein,Calvin Klein,INT,womens,XS,,bust,84,86
calvin-klein-int-womens-g6,calvin-klein,Calvin Klein,INT,womens,XS,,waist,62,65
calvin-klein-int-womens-g6,calvin-klein,Calvin Klein,INT,womens,S,,bust,89,91
calvin-klein-int-womens-g6,calvin-klein,Calvin Klein,INT,womens,S,,waist,67,70
calvin-klein-int-womens-g6,calvin-klein,Calvin Klein,INT,womens,M,,bust,94,97
calvin-klein-int-womens-g6,calvin-klein,Calvin Klein,INT,womens,M,,waist,72,75
calvin-klein-int-womens-g6,calvin-klein,Calvin Klein,INT,womens,L,,bust,99,102
calvin-klein-int-womens-g6,calvin-klein,Calvin Klein,INT,womens,L,,waist,77,80
calvin-klein-int-womens-g6,calvin-klein,Calvin Klein,INT,womens,XL,,bust,107,109
calvin-klein-int-womens-g6,calvin-klein,Calvin Klein,INT,womens,XL,,waist,85,98
calvin-klein-int-mens-g7,calvin-klein,Calvin Klein,INT,mens,S,,bust,91,91
calvin-klein-int-mens-g7,calvin-klein,Calvin Klein,INT,mens,M,,bust,96,101
calvin-klein-int-mens-g7,calvin-klein,Calvin Klein,INT,mens,L,,bust,106,111
calvin-klein-int-mens-g7,calvin-klein,Calvin Klein,INT,mens,XL,,bust,116,122
calvin-klein-int-mens-g7,calvin-klein,Calvin Klein,INT,mens,XXL,,bust,127,132
calvin-klein-us-womens,calvin-klein,Calvin Klein,US,womens,0,,waist,58,60.5
calvin-klein-us-womens,calvin-klein,Calvin Klein,US,womens,0,,hip,84,86.5
calvin-klein-us-womens,calvin-klein,Calvin Klein,US,womens,0-2,,waist,60.5,63
calvin-klein-us-womens,calvin-klein,Calvin Klein,US,womens,0-2,,hip,86.5,89
calvin-klein-us-womens,calvin-klein,Calvin Klein,US,womens,2,,waist,63,65.5
calvin-klein-us-womens,calvin-klein,Calvin Klein,US,womens,2,,hip,89,91.5
calvin-klein-us-womens,calvin-klein,Calvin Klein,US,womens,2-4,,waist,65.5,68
calvin-klein-us-womens,calvin-klein,Calvin Klein,US,womens,2-4,,hip,91.5,94
calvin-klein-us-womens,calvin-klein,Calvin Klein,US,womens,4,,waist,68,70.5
calvin-klein-us-womens,calvin-klein,Calvin Klein,US,womens,4,,hip,94,96.5
calvin-klein-us-womens,calvin-klein,Calvin Klein,US,womens,4-6,,waist,70.5,73
calvin-klein-us-womens,calvin-klein,Calvin Klein,US,womens,4-6,,hip,96.5,99
calvin-klein-us-womens,calvin-klein,Calvin Klein,US,womens,6,,waist,73,75.5
calvin-klein-us-womens,calvin-klein,Calvin Klein,US,womens,6,,hip,99,101.5
calvin-klein-us-womens,calvin-klein,Calvin Klein,US,womens,6-8,,waist,77,79.5
calvin-klein-us-womens,calvin-klein,Calvin Klein,US,womens,6-8,,hip,103,105.5
calvin-klein-us-womens,calvin-klein,Calvin Klein,US,womens,8,,waist,80.5,83
calvin-klein-us-womens,calvin-klein,Calvin Klein,US,womens,8,,hip,106.5,109
calvin-klein-us-womens,calvin-klein,Calvin Klein,US,womens,8-10,,waist,84.5,87
calvin-klein-us-womens,calvin-klein,Calvin Klein,US,womens,8-10,,hip,110.5,113
calvin-klein-us-womens,calvin-klein,Calvin Klein,US,womens,10,,waist,88,91
calvin-klein-us-womens,calvin-klein,Calvin Klein,US,womens,10,,hip,114.5,117
calvin-klein-fr-womens,calvin-klein,Calvin Klein,FR,womens,<34,,waist,58,60.5
calvin-klein-fr-womens,calvin-klein,Calvin Klein,FR,womens,<34,,hip,84,86.5
calvin-klein-fr-womens,calvin-klein,Calvin Klein,FR,womens,34,,waist,60.5,63
calvin-klein-fr-womens,calvin-klein,Calvin Klein,FR,womens,34,,hip,86.5,89
calvin-klein-fr-womens,calvin-klein,Calvin Klein,FR,womens,36,,waist,63,65.5
calvin-klein-fr-womens,calvin-klein,Calvin Klein,FR,womens,36,,hip,89,91.5
calvin-klein-fr-womens,calvin-klein,Calvin Klein,FR,womens,36-38,,waist,65.5,68
calvin-klein-fr-womens,calvin-klein,Calvin Klein,FR,womens,36-38,,hip,91.5,94
calvin-klein-fr-womens,calvin-klein,Calvin Klein,FR,womens,38,,waist,68,70.5
calvin-klein-fr-womens,calvin-klein,Calvin Klein,FR,womens,38,,hip,94,96.5
calvin-klein-fr-womens,calvin-klein,Calvin Klein,FR,womens,38-40,,waist,70.5,73
calvin-klein-fr-womens,calvin-klein,Calvin Klein,FR,womens,38-40,,hip,96.5,99
calvin-klein-fr-womens,calvin-klein,Calvin Klein,FR,womens,40,,waist,73,75.5
calvin-klein-fr-womens,calvin-klein,Calvin Klein,FR,womens,40,,hip,99,101.5
calvin-klein-fr-womens,calvin-klein,Calvin Klein,FR,womens,40-42,,waist,77,79.5
calvin-klein-fr-womens,calvin-klein,Calvin Klein,FR,womens,40-42,,hip,103,105.5
calvin-klein-fr-womens,calvin-klein,Calvin Klein,FR,womens,42,,waist,80.5,83
calvin-klein-fr-womens,calvin-klein,Calvin Klein,FR,womens,42,,hip,106.5,109
calvin-klein-fr-womens,calvin-klein,Calvin Klein,FR,womens,42-44,,waist,84.5,87
calvin-klein-fr-womens,calvin-klein,Calvin Klein,FR,womens,42-44,,hip,110.5,113
calvin-klein-fr-womens,calvin-klein,Calvin Klein,FR,womens,44,,waist,88,91
calvin-klein-fr-womens,calvin-klein,Calvin Klein,FR,womens,44,,hip,114.5,117
calvin-klein-it-womens,calvin-klein,Calvin Klein,IT,womens,<38,,waist,58,60.5
calvin-klein-it-womens,calvin-klein,Calvin Klein,IT,womens,<38,,hip,84,86.5
calvin-klein-it-womens,calvin-klein,Calvin Klein,IT,womens,38,,waist,60.5,63
calvin-klein-it-womens,calvin-klein,Calvin Klein,IT,womens,38,,hip,86.5,89
calvin-klein-it-womens,calvin-klein,Calvin Klein,IT,womens,40,,waist,63,65.5
calvin-klein-it-womens,calvin-klein,Calvin Klein,IT,womens,40,,hip,89,91.5
calvin-klein-it-womens,calvin-klein,Calvin Klein,IT,womens,40-42,,waist,65.5,68
calvin-klein-it-womens,calvin-klein,Calvin Klein,IT,womens,40-42,,hip,91.5,94
calvin-klein-it-womens,calvin-klein,Calvin Klein,IT,womens,42,,waist,68,70.5
calvin-klein-it-womens,calvin-klein,Calvin Klein,IT,womens,42,,hip,94,96.5
calvin-klein-it-womens,calvin-klein,Calvin Klein,IT,womens,42-44,,waist,70.5,73
calvin-klein-it-womens,calvin-klein,Calvin Klein,IT,womens,42-44,,hip,96.5,99
calvin-klein-it-womens,calvin-klein,Calvin Klein,IT,womens,44,,waist,73,75.5
calvin-klein-it-womens,calvin-klein,Calvin Klein,IT,womens,44,,hip,99,101.5
calvin-klein-it-womens,calvin-klein,Calvin Klein,IT,womens,44-46,,waist,77,79.5
calvin-klein-it-womens,calvin-klein,Calvin Klein,IT,womens,44-46,,hip,103,105.5
calvin-klein-it-womens,calvin-klein,Calvin Klein,IT,womens,46,,waist,80.5,83
calvin-klein-it-womens,calvin-klein,Calvin Klein,IT,womens,46,,hip,106.5,109
calvin-klein-it-womens,calvin-klein,Calvin Klein,IT,womens,46-48,,waist,84.5,87
calvin-klein-it-womens,calvin-klein,Calvin Klein,IT,womens,46-48,,hip,110.5,113
calvin-klein-it-womens,calvin-klein,Calvin Klein,IT,womens,48,,waist,88,91
calvin-klein-it-womens,calvin-klein,Calvin Klein,IT,womens,48,,hip,114.5,117
tommy-hilfiger-eu-womens,tommy-hilfiger,Tommy Hilfiger,EU,womens,32,,bust,76.2,80
tommy-hilfiger-eu-womens,tommy-hilfiger,Tommy Hilfiger,EU,womens,32,,waist,59.7,62.2
tommy-hilfiger-eu-womens,tommy-hilfiger,Tommy Hilfiger,EU,womens,32,,hip,86.4,87.6
tommy-hilfiger-eu-womens,tommy-hilfiger,Tommy Hilfiger,EU,womens,34,,bust,81.3,83.8
tommy-hilfiger-eu-womens,tommy-hilfiger,Tommy Hilfiger,EU,womens,34,,waist,63.5,66
tommy-hilfiger-eu-womens,tommy-hilfiger,Tommy Hilfiger,EU,womens,34,,hip,88.9,91.4
tommy-hilfiger-eu-womens,tommy-hilfiger,Tommy Hilfiger,EU,womens,36,,bust,85.1,87.6
tommy-hilfiger-eu-womens,tommy-hilfiger,Tommy Hilfiger,EU,womens,36,,waist,67.3,69.8
tommy-hilfiger-eu-womens,tommy-hilfiger,Tommy Hilfiger,EU,womens,36,,hip,92.7,95.3
tommy-hilfiger-eu-womens,tommy-hilfiger,Tommy Hilfiger,EU,womens,38,,bust,88.9,91.4
tommy-hilfiger-eu-womens,tommy-hilfiger,Tommy Hilfiger,EU,womens,38,,waist,71.1,73.7
tommy-hilfiger-eu-womens,tommy-hilfiger,Tommy Hilfiger,EU,womens,38,,hip,96.5,99.1
tommy-hilfiger-eu-womens,tommy-hilfiger,Tommy Hilfiger,EU,womens,40,,bust,92.7,95.3
tommy-hilfiger-eu-womens,tommy-hilfiger,Tommy Hilfiger,EU,womens,40,,waist,74.9,77.5
tommy-hilfiger-eu-womens,tommy-hilfiger,Tommy Hilfiger,EU,womens,40,,hip,100.3,104.1
tommy-hilfiger-eu-womens,tommy-hilfiger,Tommy Hilfiger,EU,womens,42,,bust,96.5,100.3
tommy-hilfiger-eu-womens,tommy-hilfiger,Tommy Hilfiger,EU,womens,42,,waist,78.7,81.3
tommy-hilfiger-eu-womens,tommy-hilfiger,Tommy Hilfiger,EU,womens,42,,hip,105.4,108
tommy-hilfiger-eu-womens,tommy-hilfiger,Tommy Hilfiger,EU,womens,44,,bust,101.6,105.4
tommy-hilfiger-eu-womens,tommy-hilfiger,Tommy Hilfiger,EU,womens,44,,waist,82.5,87.6
tommy-hilfiger-eu-womens,tommy-hilfiger,Tommy Hilfiger,EU,womens,44,,hip,109.2,111.8
tommy-hilfiger-eu-womens,tommy-hilfiger,Tommy Hilfiger,EU,womens,46,,bust,106.7,110.5
tommy-hilfiger-eu-womens,tommy-hilfiger,Tommy Hilfiger,EU,womens,46,,waist,87.9,91.9
tommy-hilfiger-eu-womens,tommy-hilfiger,Tommy Hilfiger,EU,womens,46,,hip,113,115.6
tommy-hilfiger-int-womens,tommy-hilfiger,Tommy Hilfiger,INT,womens,XXS,,bust,76.2,80
tommy-hilfiger-int-womens,tommy-hilfiger,Tommy Hilfiger,INT,womens,XXS,,waist,59.7,62.2
tommy-hilfiger-int-womens,tommy-hilfiger,Tommy Hilfiger,INT,womens,XXS,,hip,86.4,87.6
tommy-hilfiger-int-womens,tommy-hilfiger,Tommy Hilfiger,INT,womens,XS,,bust,81.3,83.8
tommy-hilfiger-int-womens,tommy-hilfiger,Tommy Hilfiger,INT,womens,XS,,waist,63.5,66
tommy-hilfiger-int-womens,tommy-hilfiger,Tommy Hilfiger,INT,womens,XS,,hip,88.9,91.4
tommy-hilfiger-int-womens,tommy-hilfiger,Tommy Hilfiger,INT,womens,S,,bust,85.1,87.6
tommy-hilfiger-int-womens,tommy-hilfiger,Tommy Hilfiger,INT,womens,S,,waist,67.3,69.8
tommy-hilfiger-int-womens,tommy-hilfiger,Tommy Hilfiger,INT,womens,S,,hip,92.7,95.3
tommy-hilfiger-int-womens,tommy-hilfiger,Tommy Hilfiger,INT,womens,M,,bust,88.9,91.4
tommy-hilfiger-int-womens,tommy-hilfiger,Tommy Hilfiger,INT,womens,M,,waist,71.1,73.7
tommy-hilfiger-int-womens,tommy-hilfiger,Tommy Hilfiger,INT,womens,M,,hip,96.5,99.1
tommy-hilfiger-int-womens,tommy-hilfiger,Tommy Hilfiger,INT,womens,L,,bust,92.7,95.3
tommy-hilfiger-int-womens,tommy-hilfiger,Tommy Hilfiger,INT,womens,L,,waist,74.9,77.5
tommy-hilfiger-int-womens,tommy-hilfiger,Tommy Hilfiger,INT,womens,L,,hip,100.3,104.1
tommy-hilfiger-int-womens,tommy-hilfiger,Tommy Hilfiger,INT,womens,XL,,bust,96.5,100.3
tommy-hilfiger-int-womens,tommy-hilfiger,Tommy Hilfiger,INT,womens,XL,,waist,78.7,81.3
tommy-hilfiger-int-womens,tommy-hilfiger,Tommy Hilfiger,INT,womens,XL,,hip,105.4,108
tommy-hilfiger-int-womens,tommy-hilfiger,Tommy Hilfiger,INT,womens,XXL,,bust,101.6,110.5
tommy-hilfiger-int-womens,tommy-hilfiger,Tommy Hilfiger,INT,womens,XXL,,waist,82.5,91.9
tommy-hilfiger-int-womens,tommy-hilfiger,Tommy Hilfiger,INT,womens,XXL,,hip,109.2,115.6
tommy-hilfiger-us-womens,tommy-hilfiger,Tommy Hilfiger,US,womens,0,,bust,80.6,84.5
tommy-hilfiger-us-womens,tommy-hilfiger,Tommy Hilfiger,US,womens,0,,waist,61.6,65.4
tommy-hilfiger-us-womens,tommy-hilfiger,Tommy Hilfiger,US,womens,0,,hip,88.3,92.1
tommy-hilfiger-us-womens,tommy-hilfiger,Tommy Hilfiger,US,womens,2,,bust,84.5,87.7
tommy-hilfiger-us-womens,tommy-hilfiger,Tommy Hilfiger,US,womens,2,,waist,65.4,68.6
tommy-hilfiger-us-womens,tommy-hilfiger,Tommy Hilfiger,US,womens,2,,hip,92.1,95.3
tommy-hilfiger-us-womens,tommy-hilfiger,Tommy Hilfiger,US,womens,4,,bust,87.7,90.2
tommy-hilfiger-us-womens,tommy-hilfiger,Tommy Hilfiger,US,womens,4,,waist,68.6,71.1
tommy-hilfiger-us-womens,tommy-hilfiger,Tommy Hilfiger,US,womens,4,,hip,95.3,97.8
tommy-hilfiger-us-womens,tommy-hilfiger,Tommy Hilfiger,US,womens,6,,bust,90.2,92.7
tommy-hilfiger-us-womens,tommy-hilfiger,Tommy Hilfiger,US,womens,6,,waist,71.1,73.7
tommy-hilfiger-us-womens,tommy-hilfiger,Tommy Hilfiger,US,womens,6,,hip,97.8,100.4
tommy-hilfiger-us-womens,tommy-hilfiger,Tommy Hilfiger,US,womens,8,,bust,92.7,95.9
tommy-hilfiger-us-womens,tommy-hilfiger,Tommy Hilfiger,US,womens,8,,waist,73.7,76.8
tommy-hilfiger-us-womens,tommy-hilfiger,Tommy Hilfiger,US,womens,8,,hip,100.4,103.5
tommy-hilfiger-us-womens,tommy-hilfiger,Tommy Hilfiger,US,womens,10,,bust,95.9,99.7
tommy-hilfiger-us-womens,tommy-hilfiger,Tommy Hilfiger,US,womens,10,,waist,76.8,80.6
tommy-hilfiger-us-womens,tommy-hilfiger,Tommy Hilfiger,US,womens,10,,hip,103.5,107.3
tommy-hilfiger-us-womens,tommy-hilfiger,Tommy Hilfiger,US,womens,12,,bust,99.7,103.5
tommy-hilfiger-us-womens,tommy-hilfiger,Tommy Hilfiger,US,womens,12,,waist,80.6,84.5
tommy-hilfiger-us-womens,tommy-hilfiger,Tommy Hilfiger,US,womens,12,,hip,107.3,111.1
tommy-hilfiger-us-womens,tommy-hilfiger,Tommy Hilfiger,US,womens,14,,bust,103.5,107.3
tommy-hilfiger-us-womens,tommy-hilfiger,Tommy Hilfiger,US,womens,14,,waist,84.5,88.3
tommy-hilfiger-us-womens,tommy-hilfiger,Tommy Hilfiger,US,womens,14,,hip,111.1,114.9
tommy-hilfiger-us-womens,tommy-hilfiger,Tommy Hilfiger,US,womens,16,,bust,107.3,111.1
tommy-hilfiger-us-womens,tommy-hilfiger,Tommy Hilfiger,US,womens,16,,waist,88.3,92.1
tommy-hilfiger-us-womens,tommy-hilfiger,Tommy Hilfiger,US,womens,16,,hip,114.9,118.8
tommy-hilfiger-us-womens,tommy-hilfiger,Tommy Hilfiger,US,womens,18,,bust,111.1,114.9
tommy-hilfiger-us-womens,tommy-hilfiger,Tommy Hilfiger,US,womens,18,,waist,92.1,95.9
tommy-hilfiger-us-womens,tommy-hilfiger,Tommy Hilfiger,US,womens,18,,hip,118.8,122.6
tommy-hilfiger-us-womens,tommy-hilfiger,Tommy Hilfiger,US,womens,20,,bust,114.9,118.8
tommy-hilfiger-us-womens,tommy-hilfiger,Tommy Hilfiger,US,womens,20,,waist,95.9,99.7
tommy-hilfiger-us-womens,tommy-hilfiger,Tommy Hilfiger,US,womens,20,,hip,122.6,126.4
tommy-hilfiger-us-womens,tommy-hilfiger,Tommy Hilfiger,US,womens,22,,bust,118.8,122.7
tommy-hilfiger-us-womens,tommy-hilfiger,Tommy Hilfiger,US,womens,22,,waist,99.7,103.5
tommy-hilfiger-us-womens,tommy-hilfiger,Tommy Hilfiger,US,womens,22,,hip,126.4,130.2
ralph-lauren-int-mens-g0,ralph-lauren,Polo Ralph Lauren,INT,mens,XS,,bust,78.7,86.4
ralph-lauren-int-mens-g0,ralph-lauren,Polo Ralph Lauren,INT,mens,XS,,waist,66,71.1
ralph-lauren-int-mens-g0,ralph-lauren,Polo Ralph Lauren,INT,mens,S,,bust,88.9,94
ralph-lauren-int-mens-g0,ralph-lauren,Polo Ralph Lauren,INT,mens,S,,waist,71.1,76.2
ralph-lauren-int-mens-g0,ralph-lauren,Polo Ralph Lauren,INT,mens,M,,bust,96.5,101.6
ralph-lauren-int-mens-g0,ralph-lauren,Polo Ralph Lauren,INT,mens,M,,waist,78.7,86.4
ralph-lauren-int-mens-g0,ralph-lauren,Polo Ralph Lauren,INT,mens,L,,bust,106.7,114.3
ralph-lauren-int-mens-g0,ralph-lauren,Polo Ralph Lauren,INT,mens,L,,waist,88.9,96.5
ralph-lauren-int-mens-g0,ralph-lauren,Polo Ralph Lauren,INT,mens,XL,,bust,116.8,121.9
ralph-lauren-int-mens-g0,ralph-lauren,Polo Ralph Lauren,INT,mens,XL,,waist,101.6,106.7
ralph-lauren-int-mens-g0,ralph-lauren,Polo Ralph Lauren,INT,mens,XXL,,bust,124.5,132.1
ralph-lauren-int-mens-g0,ralph-lauren,Polo Ralph Lauren,INT,mens,XXL,,waist,109.2,114.3
ralph-lauren-int-mens-g2,ralph-lauren,Polo Ralph Lauren,INT,mens,XS,,waist,66,71.1
ralph-lauren-int-mens-g2,ralph-lauren,Polo Ralph Lauren,INT,mens,S,,waist,71.1,76.2
ralph-lauren-int-mens-g2,ralph-lauren,Polo Ralph Lauren,INT,mens,M,,waist,78.7,86.4
ralph-lauren-int-mens-g2,ralph-lauren,Polo Ralph Lauren,INT,mens,L,,waist,88.9,96.5
ralph-lauren-int-mens-g2,ralph-lauren,Polo Ralph Lauren,INT,mens,XL,,waist,101.6,106.7
ralph-lauren-int-mens-g2,ralph-lauren,Polo Ralph Lauren,INT,mens,XXL,,waist,109.2,114.3
ralph-lauren-us-mens,ralph-lauren,Polo Ralph Lauren,US,mens,28,,waist,69.8,72.4
ralph-lauren-us-mens,ralph-lauren,Polo Ralph Lauren,US,mens,29,,waist,72.4,75
ralph-lauren-us-mens,ralph-lauren,Polo Ralph Lauren,US,mens,30,,waist,75,77.5
ralph-lauren-us-mens,ralph-lauren,Polo Ralph Lauren,US,mens,31,,waist,77.5,80
ralph-lauren-us-mens,ralph-lauren,Polo Ralph Lauren,US,mens,32,,waist,80,82.6
ralph-lauren-us-mens,ralph-lauren,Polo Ralph Lauren,US,mens,33,,waist,82.6,85.1
ralph-lauren-us-mens,ralph-lauren,Polo Ralph Lauren,US,mens,34,,waist,85.1,87.7
ralph-lauren-us-mens,ralph-lauren,Polo Ralph Lauren,US,mens,35,,waist,87.7,90.2
ralph-lauren-us-mens,ralph-lauren,Polo Ralph Lauren,US,mens,36,,waist,90.2,92.7
ralph-lauren-us-mens,ralph-lauren,Polo Ralph Lauren,US,mens,37,,waist,92.7,95.3
ralph-lauren-us-mens,ralph-lauren,Polo Ralph Lauren,US,mens,38,,waist,95.3,99.1
ralph-lauren-us-mens,ralph-lauren,Polo Ralph Lauren,US,mens,40,,waist,99.1,104.2
ralph-lauren-us-mens,ralph-lauren,Polo Ralph Lauren,US,mens,42,,waist,104.2,109.3
ralph-lauren-us-mens,ralph-lauren,Polo Ralph Lauren,US,mens,44,,waist,109.3,114.4
guess-int-womens,guess,GUESS,INT,womens,XS,,bust,85.1,88.9
guess-int-womens,guess,GUESS,INT,womens,XS,,waist,63.5,67.3
guess-int-womens,guess,GUESS,INT,womens,XS,,hip,90.2,94
guess-int-womens,guess,GUESS,INT,womens,S,,bust,90.2,94
guess-int-womens,guess,GUESS,INT,womens,S,,waist,68.6,72.4
guess-int-womens,guess,GUESS,INT,womens,S,,hip,95.3,99.1
guess-int-womens,guess,GUESS,INT,womens,M,,bust,95.3,99.1
guess-int-womens,guess,GUESS,INT,womens,M,,waist,73.7,77.5
guess-int-womens,guess,GUESS,INT,womens,M,,hip,100.3,106.7
guess-int-womens,guess,GUESS,INT,womens,L,,bust,100.3,106.7
guess-int-womens,guess,GUESS,INT,womens,L,,waist,78.7,85.1
guess-int-womens,guess,GUESS,INT,womens,L,,hip,108,111.8
guess-int-womens,guess,GUESS,INT,womens,XL,,bust,108,113
guess-int-womens,guess,GUESS,INT,womens,XL,,waist,86.4,90.2
guess-int-womens,guess,GUESS,INT,womens,XL,,hip,113,118.1
guess-int-womens,guess,GUESS,INT,womens,XXL,,bust,114.3,114.3
guess-int-womens,guess,GUESS,INT,womens,XXL,,waist,91.4,91.4
guess-int-womens,guess,GUESS,INT,womens,XXL,,hip,119.4,119.4
guess-us-womens,guess,GUESS,US,womens,0,,bust,85.1,86.4
guess-us-womens,guess,GUESS,US,womens,0,,waist,63.5,64.8
guess-us-womens,guess,GUESS,US,womens,0,,hip,90.2,91.4
guess-us-womens,guess,GUESS,US,womens,2,,bust,87.6,88.9
guess-us-womens,guess,GUESS,US,womens,2,,waist,66,67.3
guess-us-womens,guess,GUESS,US,womens,2,,hip,92.7,94
guess-us-womens,guess,GUESS,US,womens,4,,bust,90.2,92.7
guess-us-womens,guess,GUESS,US,womens,4,,waist,68.6,71.1
guess-us-womens,guess,GUESS,US,womens,4,,hip,95.3,97.8
guess-us-womens,guess,GUESS,US,womens,6,,bust,94,96.5
guess-us-womens,guess,GUESS,US,womens,6,,waist,72.4,74.9
guess-us-womens,guess,GUESS,US,womens,6,,hip,99.1,101.6
guess-us-womens,guess,GUESS,US,womens,8,,bust,97.8,100.3
guess-us-womens,guess,GUESS,US,womens,8,,waist,76.2,78.7
guess-us-womens,guess,GUESS,US,womens,8,,hip,102.9,105.4
guess-us-womens,guess,GUESS,US,womens,10,,bust,101.6,104.1
guess-us-womens,guess,GUESS,US,womens,10,,waist,80,82.5
guess-us-womens,guess,GUESS,US,womens,10,,hip,106.7,109.2
victorias-secret-uk-womens,victorias-secret,Victoria's Secret,UK,womens,4,X-Small,bust,74.3,78.1
victorias-secret-uk-womens,victorias-secret,Victoria's Secret,UK,womens,4,X-Small,waist,61,63.5
victorias-secret-uk-womens,victorias-secret,Victoria's Secret,UK,womens,4,X-Small,hip,82.5,85.1
victorias-secret-uk-womens,victorias-secret,Victoria's Secret,UK,womens,6,X-Small,bust,78.1,81.9
victorias-secret-uk-womens,victorias-secret,Victoria's Secret,UK,womens,6,X-Small,waist,63.5,66
victorias-secret-uk-womens,victorias-secret,Victoria's Secret,UK,womens,6,X-Small,hip,85.1,88.9
victorias-secret-uk-womens,victorias-secret,Victoria's Secret,UK,womens,8,Small,bust,81.9,85.1
victorias-secret-uk-womens,victorias-secret,Victoria's Secret,UK,womens,8,Small,waist,66,69.2
victorias-secret-uk-womens,victorias-secret,Victoria's Secret,UK,womens,8,Small,hip,88.9,92.7
victorias-secret-uk-womens,victorias-secret,Victoria's Secret,UK,womens,10,Small,bust,85.1,87.6
victorias-secret-uk-womens,victorias-secret,Victoria's Secret,UK,womens,10,Small,waist,69.2,72.4
victorias-secret-uk-womens,victorias-secret,Victoria's Secret,UK,womens,10,Small,hip,92.7,96.5
victorias-secret-uk-womens,victorias-secret,Victoria's Secret,UK,womens,12,Medium,bust,87.6,91.4
victorias-secret-uk-womens,victorias-secret,Victoria's Secret,UK,womens,12,Medium,waist,72.4,76.2
victorias-secret-uk-womens,victorias-secret,Victoria's Secret,UK,womens,12,Medium,hip,96.5,102.2
victorias-secret-uk-womens,victorias-secret,Victoria's Secret,UK,womens,14,Medium,bust,91.4,96.5
victorias-secret-uk-womens,victorias-secret,Victoria's Secret,UK,womens,14,Medium,waist,76.2,81.3
victorias-secret-uk-womens,victorias-secret,Victoria's Secret,UK,womens,14,Medium,hip,102.2,108
victorias-secret-uk-womens,victorias-secret,Victoria's Secret,UK,womens,16,Large,bust,96.5,101.6
victorias-secret-uk-womens,victorias-secret,Victoria's Secret,UK,womens,16,Large,waist,81.3,87.6
victorias-secret-uk-womens,victorias-secret,Victoria's Secret,UK,womens,16,Large,hip,108,113.7
victorias-secret-uk-womens,victorias-secret,Victoria's Secret,UK,womens,18,Large,bust,101.6,106.7
victorias-secret-uk-womens,victorias-secret,Victoria's Secret,UK,womens,18,Large,waist,87.6,95.3
victorias-secret-uk-womens,victorias-secret,Victoria's Secret,UK,womens,18,Large,hip,113.7,119.4
victorias-secret-uk-womens,victorias-secret,Victoria's Secret,UK,womens,20,X-Large,bust,106.7,111.8
victorias-secret-uk-womens,victorias-secret,Victoria's Secret,UK,womens,20,X-Large,waist,95.3,101
victorias-secret-uk-womens,victorias-secret,Victoria's Secret,UK,womens,20,X-Large,hip,119.4,124.5
victorias-secret-uk-womens,victorias-secret,Victoria's Secret,UK,womens,22,X-Large,bust,111.8,118.1
victorias-secret-uk-womens,victorias-secret,Victoria's Secret,UK,womens,22,X-Large,waist,101,106
victorias-secret-uk-womens,victorias-secret,Victoria's Secret,UK,womens,22,X-Large,hip,124.5,128.9
victorias-secret-uk-womens,victorias-secret,Victoria's Secret,UK,womens,24,XX-Large,bust,118.1,125.1
victorias-secret-uk-womens,victorias-secret,Victoria's Secret,UK,womens,24,XX-Large,waist,106,112.4
victorias-secret-uk-womens,victorias-secret,Victoria's Secret,UK,womens,24,XX-Large,hip,128.9,134
victorias-secret-uk-womens,victorias-secret,Victoria's Secret,UK,womens,26,XX-Large,bust,125.1,131.4
victorias-secret-uk-womens,victorias-secret,Victoria's Secret,UK,womens,26,XX-Large,waist,112.4,118.7
victorias-secret-uk-womens,victorias-secret,Victoria's Secret,UK,womens,26,XX-Large,hip,134,140.3
urban-outfitters-eu-womens-g2,urban-outfitters,Urban Outfitters,EU,womens,32,,bust,78.3,80.8
urban-outfitters-eu-womens-g2,urban-outfitters,Urban Outfitters,EU,womens,32,,waist,59.3,61.8
urban-outfitters-eu-womens-g2,urban-outfitters,Urban Outfitters,EU,womens,32,,hip,82.8,85.3
urban-outfitters-eu-womens-g2,urban-outfitters,Urban Outfitters,EU,womens,34,,bust,80.8,84.5
urban-outfitters-eu-womens-g2,urban-outfitters,Urban Outfitters,EU,womens,34,,waist,61.8,65.5
urban-outfitters-eu-womens-g2,urban-outfitters,Urban Outfitters,EU,womens,34,,hip,85.3,89
urban-outfitters-eu-womens-g2,urban-outfitters,Urban Outfitters,EU,womens,36-38,,bust,84.5,89.5
urban-outfitters-eu-womens-g2,urban-outfitters,Urban Outfitters,EU,womens,36-38,,waist,65.5,70.5
urban-outfitters-eu-womens-g2,urban-outfitters,Urban Outfitters,EU,womens,36-38,,hip,89,94
urban-outfitters-eu-womens-g2,urban-outfitters,Urban Outfitters,EU,womens,40-42,,bust,89.5,94.5
urban-outfitters-eu-womens-g2,urban-outfitters,Urban Outfitters,EU,womens,40-42,,waist,70.5,75.5
urban-outfitters-eu-womens-g2,urban-outfitters,Urban Outfitters,EU,womens,40-42,,hip,94,99
urban-outfitters-eu-womens-g2,urban-outfitters,Urban Outfitters,EU,womens,42-44,,bust,94.5,99.5
urban-outfitters-eu-womens-g2,urban-outfitters,Urban Outfitters,EU,womens,42-44,,waist,75.5,80.5
urban-outfitters-eu-womens-g2,urban-outfitters,Urban Outfitters,EU,womens,42-44,,hip,99,104
urban-outfitters-eu-womens-g2,urban-outfitters,Urban Outfitters,EU,womens,46,,bust,99.5,104.5
urban-outfitters-eu-womens-g2,urban-outfitters,Urban Outfitters,EU,womens,46,,waist,80.5,85.5
urban-outfitters-eu-womens-g2,urban-outfitters,Urban Outfitters,EU,womens,46,,hip,104,109
urban-outfitters-eu-mens-g7,urban-outfitters,Urban Outfitters,EU,mens,42,,bust,77,83
urban-outfitters-eu-mens-g7,urban-outfitters,Urban Outfitters,EU,mens,42,,hip,79,85
urban-outfitters-eu-mens-g7,urban-outfitters,Urban Outfitters,EU,mens,44,,bust,83,89
urban-outfitters-eu-mens-g7,urban-outfitters,Urban Outfitters,EU,mens,44,,hip,85,91
urban-outfitters-eu-mens-g7,urban-outfitters,Urban Outfitters,EU,mens,46,,bust,89,95
urban-outfitters-eu-mens-g7,urban-outfitters,Urban Outfitters,EU,mens,46,,hip,91,97
urban-outfitters-eu-mens-g7,urban-outfitters,Urban Outfitters,EU,mens,48,,bust,95,101
urban-outfitters-eu-mens-g7,urban-outfitters,Urban Outfitters,EU,mens,48,,hip,97,103
urban-outfitters-eu-mens-g7,urban-outfitters,Urban Outfitters,EU,mens,50,,bust,101,107
urban-outfitters-eu-mens-g7,urban-outfitters,Urban Outfitters,EU,mens,50,,hip,103,109
urban-outfitters-eu-mens-g7,urban-outfitters,Urban Outfitters,EU,mens,52,,bust,107,113
urban-outfitters-eu-mens-g7,urban-outfitters,Urban Outfitters,EU,mens,52,,hip,109,115
urban-outfitters-eu-mens-g9,urban-outfitters,Urban Outfitters,EU,mens,42,,waist,68.5,73.5
urban-outfitters-eu-mens-g9,urban-outfitters,Urban Outfitters,EU,mens,46,,waist,73.5,78.5
urban-outfitters-eu-mens-g9,urban-outfitters,Urban Outfitters,EU,mens,48,,waist,78.5,83.5
urban-outfitters-eu-mens-g9,urban-outfitters,Urban Outfitters,EU,mens,50,,waist,83.5,88.5
urban-outfitters-eu-mens-g9,urban-outfitters,Urban Outfitters,EU,mens,52,,waist,88.5,93.5
urban-outfitters-int-womens-g0,urban-outfitters,Urban Outfitters,INT,womens,XXS,,bust,78.3,80.8
urban-outfitters-int-womens-g0,urban-outfitters,Urban Outfitters,INT,womens,XXS,,waist,59.3,61.8
urban-outfitters-int-womens-g0,urban-outfitters,Urban Outfitters,INT,womens,XXS,,hip,82.8,85.3
urban-outfitters-int-womens-g0,urban-outfitters,Urban Outfitters,INT,womens,XS,,bust,80.8,84.5
urban-outfitters-int-womens-g0,urban-outfitters,Urban Outfitters,INT,womens,XS,,waist,61.8,65.5
urban-outfitters-int-womens-g0,urban-outfitters,Urban Outfitters,INT,womens,XS,,hip,85.3,89
urban-outfitters-int-womens-g0,urban-outfitters,Urban Outfitters,INT,womens,S,,bust,84.5,89.5
urban-outfitters-int-womens-g0,urban-outfitters,Urban Outfitters,INT,womens,S,,waist,65.5,70.5
urban-outfitters-int-womens-g0,urban-outfitters,Urban Outfitters,INT,womens,S,,hip,89,94
urban-outfitters-int-womens-g0,urban-outfitters,Urban Outfitters,INT,womens,M,,bust,89.5,94.5
urban-outfitters-int-womens-g0,urban-outfitters,Urban Outfitters,INT,womens,M,,waist,70.5,75.5
urban-outfitters-int-womens-g0,urban-outfitters,Urban Outfitters,INT,womens,M,,hip,94,99
urban-outfitters-int-womens-g0,urban-outfitters,Urban Outfitters,INT,womens,L,,bust,94.5,99.5
urban-outfitters-int-womens-g0,urban-outfitters,Urban Outfitters,INT,womens,L,,waist,75.5,80.5
urban-outfitters-int-womens-g0,urban-outfitters,Urban Outfitters,INT,womens,L,,hip,99,104
urban-outfitters-int-womens-g0,urban-outfitters,Urban Outfitters,INT,womens,XL,,bust,99.5,104.5
urban-outfitters-int-womens-g0,urban-outfitters,Urban Outfitters,INT,womens,XL,,waist,80.5,85.5
urban-outfitters-int-womens-g0,urban-outfitters,Urban Outfitters,INT,womens,XL,,hip,104,109
urban-outfitters-int-mens-g6,urban-outfitters,Urban Outfitters,INT,mens,XS,,bust,86,91
urban-outfitters-int-mens-g6,urban-outfitters,Urban Outfitters,INT,mens,XS,,waist,70,75
urban-outfitters-int-mens-g6,urban-outfitters,Urban Outfitters,INT,mens,XS,,hip,85,90
urban-outfitters-int-mens-g6,urban-outfitters,Urban Outfitters,INT,mens,S,,bust,91,97
urban-outfitters-int-mens-g6,urban-outfitters,Urban Outfitters,INT,mens,S,,waist,75,80
urban-outfitters-int-mens-g6,urban-outfitters,Urban Outfitters,INT,mens,S,,hip,90,95
urban-outfitters-int-mens-g6,urban-outfitters,Urban Outfitters,INT,mens,M,,bust,97,102
urban-outfitters-int-mens-g6,urban-outfitters,Urban Outfitters,INT,mens,M,,waist,80,85
urban-outfitters-int-mens-g6,urban-outfitters,Urban Outfitters,INT,mens,M,,hip,95,100
urban-outfitters-int-mens-g6,urban-outfitters,Urban Outfitters,INT,mens,L,,bust,102,109
urban-outfitters-int-mens-g6,urban-outfitters,Urban Outfitters,INT,mens,L,,waist,85,93
urban-outfitters-int-mens-g6,urban-outfitters,Urban Outfitters,INT,mens,L,,hip,100,108
urban-outfitters-int-mens-g6,urban-outfitters,Urban Outfitters,INT,mens,XL,,bust,109,117
urban-outfitters-int-mens-g6,urban-outfitters,Urban Outfitters,INT,mens,XL,,waist,93,100
urban-outfitters-int-mens-g6,urban-outfitters,Urban Outfitters,INT,mens,XL,,hip,108,116
urban-outfitters-int-mens-g6,urban-outfitters,Urban Outfitters,INT,mens,XXL,,bust,117,125
urban-outfitters-int-mens-g6,urban-outfitters,Urban Outfitters,INT,mens,XXL,,waist,100,108
urban-outfitters-int-mens-g6,urban-outfitters,Urban Outfitters,INT,mens,XXL,,hip,116,123
urban-outfitters-int-mens-g8,urban-outfitters,Urban Outfitters,INT,mens,XS,,waist,68.5,73.5
urban-outfitters-int-mens-g8,urban-outfitters,Urban Outfitters,INT,mens,XS,,hip,84,89
urban-outfitters-int-mens-g8,urban-outfitters,Urban Outfitters,INT,mens,S,,waist,73.5,78.5
urban-outfitters-int-mens-g8,urban-outfitters,Urban Outfitters,INT,mens,S,,hip,89,94
urban-outfitters-int-mens-g8,urban-outfitters,Urban Outfitters,INT,mens,M,,waist,78.5,85
urban-outfitters-int-mens-g8,urban-outfitters,Urban Outfitters,INT,mens,M,,hip,94,100.5
urban-outfitters-int-mens-g8,urban-outfitters,Urban Outfitters,INT,mens,L,,waist,85,92.5
urban-outfitters-int-mens-g8,urban-outfitters,Urban Outfitters,INT,mens,L,,hip,100.5,108
urban-outfitters-int-mens-g8,urban-outfitters,Urban Outfitters,INT,mens,XL,,waist,92.5,100.5
urban-outfitters-int-mens-g8,urban-outfitters,Urban Outfitters,INT,mens,XL,,hip,108,115.5
urban-outfitters-int-mens-g8,urban-outfitters,Urban Outfitters,INT,mens,XXL,,waist,100.5,108
urban-outfitters-int-mens-g8,urban-outfitters,Urban Outfitters,INT,mens,XXL,,hip,115.5,123
urban-outfitters-us-womens,urban-outfitters,Urban Outfitters,US,womens,0,,bust,78.3,80.8
urban-outfitters-us-womens,urban-outfitters,Urban Outfitters,US,womens,0,,waist,59.3,61.8
urban-outfitters-us-womens,urban-outfitters,Urban Outfitters,US,womens,0,,hip,82.8,85.3
urban-outfitters-us-womens,urban-outfitters,Urban Outfitters,US,womens,2,,bust,80.8,84.5
urban-outfitters-us-womens,urban-outfitters,Urban Outfitters,US,womens,2,,waist,61.8,65.5
urban-outfitters-us-womens,urban-outfitters,Urban Outfitters,US,womens,2,,hip,85.3,89
urban-outfitters-us-womens,urban-outfitters,Urban Outfitters,US,womens,4-6,,bust,84.5,89.5
urban-outfitters-us-womens,urban-outfitters,Urban Outfitters,US,womens,4-6,,waist,65.5,70.5
urban-outfitters-us-womens,urban-outfitters,Urban Outfitters,US,womens,4-6,,hip,89,94
urban-outfitters-us-womens,urban-outfitters,Urban Outfitters,US,womens,8-10,,bust,89.5,95.8
urban-outfitters-us-womens,urban-outfitters,Urban Outfitters,US,womens,8-10,,waist,70.5,76.8
urban-outfitters-us-womens,urban-outfitters,Urban Outfitters,US,womens,8-10,,hip,94,100.3
urban-outfitters-us-womens,urban-outfitters,Urban Outfitters,US,womens,16,,bust,95.8,103.3
urban-outfitters-us-womens,urban-outfitters,Urban Outfitters,US,womens,16,,waist,76.8,84.3
urban-outfitters-us-womens,urban-outfitters,Urban Outfitters,US,womens,16,,hip,100.3,107.8
urban-outfitters-uk-womens,urban-outfitters,Urban Outfitters,UK,womens,4,,bust,78.3,80.8
urban-outfitters-uk-womens,urban-outfitters,Urban Outfitters,UK,womens,4,,waist,59.3,61.8
urban-outfitters-uk-womens,urban-outfitters,Urban Outfitters,UK,womens,4,,hip,82.8,85.3
urban-outfitters-uk-womens,urban-outfitters,Urban Outfitters,UK,womens,6,,bust,80.8,84.5
urban-outfitters-uk-womens,urban-outfitters,Urban Outfitters,UK,womens,6,,waist,61.8,65.5
urban-outfitters-uk-womens,urban-outfitters,Urban Outfitters,UK,womens,6,,hip,85.3,89
urban-outfitters-uk-womens,urban-outfitters,Urban Outfitters,UK,womens,8-10,,bust,84.5,89.5
urban-outfitters-uk-womens,urban-outfitters,Urban Outfitters,UK,womens,8-10,,waist,65.5,70.5
urban-outfitters-uk-womens,urban-outfitters,Urban Outfitters,UK,womens,8-10,,hip,89,94
urban-outfitters-uk-womens,urban-outfitters,Urban Outfitters,UK,womens,12-14,,bust,89.5,94.5
urban-outfitters-uk-womens,urban-outfitters,Urban Outfitters,UK,womens,12-14,,waist,70.5,75.5
urban-outfitters-uk-womens,urban-outfitters,Urban Outfitters,UK,womens,12-14,,hip,94,99
urban-outfitters-uk-womens,urban-outfitters,Urban Outfitters,UK,womens,16,,bust,94.5,99.5
urban-outfitters-uk-womens,urban-outfitters,Urban Outfitters,UK,womens,16,,waist,75.5,80.5
urban-outfitters-uk-womens,urban-outfitters,Urban Outfitters,UK,womens,16,,hip,99,104
urban-outfitters-uk-womens,urban-outfitters,Urban Outfitters,UK,womens,18,,bust,99.5,104.5
urban-outfitters-uk-womens,urban-outfitters,Urban Outfitters,UK,womens,18,,waist,80.5,85.5
urban-outfitters-uk-womens,urban-outfitters,Urban Outfitters,UK,womens,18,,hip,104,109
urban-outfitters-fr-womens-g3,urban-outfitters,Urban Outfitters,FR,womens,32,,bust,78.3,80.8
urban-outfitters-fr-womens-g3,urban-outfitters,Urban Outfitters,FR,womens,32,,waist,59.3,61.8
urban-outfitters-fr-womens-g3,urban-outfitters,Urban Outfitters,FR,womens,32,,hip,82.8,85.3
urban-outfitters-fr-womens-g3,urban-outfitters,Urban Outfitters,FR,womens,34,,bust,80.8,84.5
urban-outfitters-fr-womens-g3,urban-outfitters,Urban Outfitters,FR,womens,34,,waist,61.8,65.5
urban-outfitters-fr-womens-g3,urban-outfitters,Urban Outfitters,FR,womens,34,,hip,85.3,89
urban-outfitters-fr-womens-g3,urban-outfitters,Urban Outfitters,FR,womens,36-38,,bust,84.5,89.5
urban-outfitters-fr-womens-g3,urban-outfitters,Urban Outfitters,FR,womens,36-38,,waist,65.5,70.5
urban-outfitters-fr-womens-g3,urban-outfitters,Urban Outfitters,FR,womens,36-38,,hip,89,94
urban-outfitters-fr-womens-g3,urban-outfitters,Urban Outfitters,FR,womens,40-42,,bust,89.5,94.5
urban-outfitters-fr-womens-g3,urban-outfitters,Urban Outfitters,FR,womens,40-42,,waist,70.5,75.5
urban-outfitters-fr-womens-g3,urban-outfitters,Urban Outfitters,FR,womens,40-42,,hip,94,99
urban-outfitters-fr-womens-g3,urban-outfitters,Urban Outfitters,FR,womens,46-48,,bust,94.5,99.5
urban-outfitters-fr-womens-g3,urban-outfitters,Urban Outfitters,FR,womens,46-48,,waist,75.5,80.5
urban-outfitters-fr-womens-g3,urban-outfitters,Urban Outfitters,FR,womens,46-48,,hip,99,104
urban-outfitters-fr-womens-g3,urban-outfitters,Urban Outfitters,FR,womens,50,,bust,99.5,104.5
urban-outfitters-fr-womens-g3,urban-outfitters,Urban Outfitters,FR,womens,50,,waist,80.5,85.5
urban-outfitters-fr-womens-g3,urban-outfitters,Urban Outfitters,FR,womens,50,,hip,104,109
urban-outfitters-fr-mens-g10,urban-outfitters,Urban Outfitters,FR,mens,42,,waist,68.5,73.5
urban-outfitters-fr-mens-g10,urban-outfitters,Urban Outfitters,FR,mens,46,,waist,73.5,78.5
urban-outfitters-fr-mens-g10,urban-outfitters,Urban Outfitters,FR,mens,48,,waist,78.5,83.5
urban-outfitters-fr-mens-g10,urban-outfitters,Urban Outfitters,FR,mens,50,,waist,83.5,88.5
urban-outfitters-fr-mens-g10,urban-outfitters,Urban Outfitters,FR,mens,52,,waist,88.5,93.5
urban-outfitters-it-womens,urban-outfitters,Urban Outfitters,IT,womens,36,,bust,78.3,80.8
urban-outfitters-it-womens,urban-outfitters,Urban Outfitters,IT,womens,36,,waist,59.3,61.8
urban-outfitters-it-womens,urban-outfitters,Urban Outfitters,IT,womens,36,,hip,82.8,85.3
urban-outfitters-it-womens,urban-outfitters,Urban Outfitters,IT,womens,38,,bust,80.8,84.5
urban-outfitters-it-womens,urban-outfitters,Urban Outfitters,IT,womens,38,,waist,61.8,65.5
urban-outfitters-it-womens,urban-outfitters,Urban Outfitters,IT,womens,38,,hip,85.3,89
urban-outfitters-it-womens,urban-outfitters,Urban Outfitters,IT,womens,40-42,,bust,84.5,89.5
urban-outfitters-it-womens,urban-outfitters,Urban Outfitters,IT,womens,40-42,,waist,65.5,70.5
urban-outfitters-it-womens,urban-outfitters,Urban Outfitters,IT,womens,40-42,,hip,89,94
urban-outfitters-it-womens,urban-outfitters,Urban Outfitters,IT,womens,44-46,,bust,89.5,94.5
urban-outfitters-it-womens,urban-outfitters,Urban Outfitters,IT,womens,44-46,,waist,70.5,75.5
urban-outfitters-it-womens,urban-outfitters,Urban Outfitters,IT,womens,44-46,,hip,94,99
urban-outfitters-it-womens,urban-outfitters,Urban Outfitters,IT,womens,46-48,,bust,94.5,99.5
urban-outfitters-it-womens,urban-outfitters,Urban Outfitters,IT,womens,46-48,,waist,75.5,80.5
urban-outfitters-it-womens,urban-outfitters,Urban Outfitters,IT,womens,46-48,,hip,99,104
urban-outfitters-it-womens,urban-outfitters,Urban Outfitters,IT,womens,50,,bust,99.5,104.5
urban-outfitters-it-womens,urban-outfitters,Urban Outfitters,IT,womens,50,,waist,80.5,85.5
urban-outfitters-it-womens,urban-outfitters,Urban Outfitters,IT,womens,50,,hip,104,109
michael-kors-int-mens-g2,michael-kors,Michael Kors,INT,mens,XS,,bust,81.3,86.4
michael-kors-int-mens-g2,michael-kors,Michael Kors,INT,mens,XS,,waist,66,71.1
michael-kors-int-mens-g2,michael-kors,Michael Kors,INT,mens,S,,bust,88.9,94
michael-kors-int-mens-g2,michael-kors,Michael Kors,INT,mens,S,,waist,73.7,78.7
michael-kors-int-mens-g2,michael-kors,Michael Kors,INT,mens,M,,bust,96.5,101.6
michael-kors-int-mens-g2,michael-kors,Michael Kors,INT,mens,M,,waist,81.3,86.4
michael-kors-int-mens-g2,michael-kors,Michael Kors,INT,mens,L,,bust,104.1,109.2
michael-kors-int-mens-g2,michael-kors,Michael Kors,INT,mens,L,,waist,88.9,94
michael-kors-int-mens-g2,michael-kors,Michael Kors,INT,mens,XL,,bust,111.8,116.8
michael-kors-int-mens-g2,michael-kors,Michael Kors,INT,mens,XL,,waist,96.5,101.6
michael-kors-int-mens-g2,michael-kors,Michael Kors,INT,mens,XXL,,bust,119.4,124.5
michael-kors-int-mens-g2,michael-kors,Michael Kors,INT,mens,XXL,,waist,104.1,109.2
michael-kors-int-mens-g2,michael-kors,Michael Kors,INT,mens,XXXL,,bust,127,132.1
michael-kors-int-mens-g2,michael-kors,Michael Kors,INT,mens,XXXL,,waist,111.8,116.8
michael-kors-int-mens-g4,michael-kors,Michael Kors,INT,mens,XS,,waist,71.1,73.7
michael-kors-int-mens-g4,michael-kors,Michael Kors,INT,mens,S,,waist,76.2,78.7
michael-kors-int-mens-g4,michael-kors,Michael Kors,INT,mens,M,,waist,81.3,83.8
michael-kors-int-mens-g4,michael-kors,Michael Kors,INT,mens,L,,waist,86.4,91.4
michael-kors-int-mens-g4,michael-kors,Michael Kors,INT,mens,XL,,waist,96.5,101.6
michael-kors-int-mens-g4,michael-kors,Michael Kors,INT,mens,XXL,,waist,106.7,109.2
michael-kors-int-mens-g4,michael-kors,Michael Kors,INT,mens,XXXL,,waist,111.8,114.3
michael-kors-us-womens,michael-kors,Michael Kors,US,womens,00,,bust,77.4,80
michael-kors-us-womens,michael-kors,Michael Kors,US,womens,00,,waist,59.8,62.3
michael-kors-us-womens,michael-kors,Michael Kors,US,womens,00,,hip,83.9,86.4
michael-kors-us-womens,michael-kors,Michael Kors,US,womens,0,,bust,80,82.6
michael-kors-us-womens,michael-kors,Michael Kors,US,womens,0,,waist,62.3,64.8
michael-kors-us-womens,michael-kors,Michael Kors,US,womens,0,,hip,86.4,88.9
michael-kors-us-womens,michael-kors,Michael Kors,US,womens,2,,bust,82.6,85.1
michael-kors-us-womens,michael-kors,Michael Kors,US,womens,2,,waist,64.8,67.3
michael-kors-us-womens,michael-kors,Michael Kors,US,womens,2,,hip,88.9,91.5
michael-kors-us-womens,michael-kors,Michael Kors,US,womens,4,,bust,85.1,87.7
michael-kors-us-womens,michael-kors,Michael Kors,US,womens,4,,waist,67.3,69.9
michael-kors-us-womens,michael-kors,Michael Kors,US,womens,4,,hip,91.5,94
michael-kors-us-womens,michael-kors,Michael Kors,US,womens,6,,bust,87.7,90.2
michael-kors-us-womens,michael-kors,Michael Kors,US,womens,6,,waist,69.9,72.4
michael-kors-us-womens,michael-kors,Michael Kors,US,womens,6,,hip,94,96.6
michael-kors-us-womens,michael-kors,Michael Kors,US,womens,8,,bust,90.2,93.4
michael-kors-us-womens,michael-kors,Michael Kors,US,womens,8,,waist,72.4,75.6
michael-kors-us-womens,michael-kors,Michael Kors,US,womens,8,,hip,96.6,99.7
michael-kors-us-womens,michael-kors,Michael Kors,US,womens,10,,bust,93.4,97.2
michael-kors-us-womens,michael-kors,Michael Kors,US,womens,10,,waist,75.6,79.4
michael-kors-us-womens,michael-kors,Michael Kors,US,womens,10,,hip,99.7,103.5
michael-kors-us-womens,michael-kors,Michael Kors,US,womens,12,,bust,97.2,101
michael-kors-us-womens,michael-kors,Michael Kors,US,womens,12,,waist,79.4,83.2
michael-kors-us-womens,michael-kors,Michael Kors,US,womens,12,,hip,103.5,107.3
michael-kors-us-womens,michael-kors,Michael Kors,US,womens,14,,bust,101,104.8
michael-kors-us-womens,michael-kors,Michael Kors,US,womens,14,,waist,83.2,87
michael-kors-us-womens,michael-kors,Michael Kors,US,womens,14,,hip,107.3,111.1
michael-kors-us-womens,michael-kors,Michael Kors,US,womens,16,,bust,104.8,108.6
michael-kors-us-womens,michael-kors,Michael Kors,US,womens,16,,waist,87,90.8
michael-kors-us-womens,michael-kors,Michael Kors,US,womens,16,,hip,111.1,114.9
michael-kors-us-womens,michael-kors,Michael Kors,US,womens,XXL,,bust,108.6,112.4
michael-kors-us-womens,michael-kors,Michael Kors,US,womens,XXL,,waist,90.8,94.6
michael-kors-us-womens,michael-kors,Michael Kors,US,womens,XXL,,hip,114.9,118.7
michael-kors-uk-mens,michael-kors,Michael Kors,UK,mens,28-29,,waist,71.1,73.7
michael-kors-uk-mens,michael-kors,Michael Kors,UK,mens,30-31,,waist,76.2,78.7
michael-kors-uk-mens,michael-kors,Michael Kors,UK,mens,32-33,,waist,81.3,83.8
michael-kors-uk-mens,michael-kors,Michael Kors,UK,mens,34-36,,waist,86.4,91.4
michael-kors-uk-mens,michael-kors,Michael Kors,UK,mens,38-40,,waist,96.5,101.6
michael-kors-uk-mens,michael-kors,Michael Kors,UK,mens,42,,waist,106.7,109.2
michael-kors-uk-mens,michael-kors,Michael Kors,UK,mens,44,,waist,111.8,114.3
michael-kors-fr-womens-g1,michael-kors,Michael Kors,FR,womens,32,,bust,77.4,80
michael-kors-fr-womens-g1,michael-kors,Michael Kors,FR,womens,32,,waist,59.8,62.3
michael-kors-fr-womens-g1,michael-kors,Michael Kors,FR,womens,32,,hip,83.9,86.4
michael-kors-fr-womens-g1,michael-kors,Michael Kors,FR,womens,34,,bust,80,82.6
michael-kors-fr-womens-g1,michael-kors,Michael Kors,FR,womens,34,,waist,62.3,64.8
michael-kors-fr-womens-g1,michael-kors,Michael Kors,FR,womens,34,,hip,86.4,88.9
michael-kors-fr-womens-g1,michael-kors,Michael Kors,FR,womens,36,,bust,82.6,85.1
michael-kors-fr-womens-g1,michael-kors,Michael Kors,FR,womens,36,,waist,64.8,67.3
michael-kors-fr-womens-g1,michael-kors,Michael Kors,FR,womens,36,,hip,88.9,91.5
michael-kors-fr-womens-g1,michael-kors,Michael Kors,FR,womens,38,,bust,85.1,87.7
michael-kors-fr-womens-g1,michael-kors,Michael Kors,FR,womens,38,,waist,67.3,69.9
michael-kors-fr-womens-g1,michael-kors,Michael Kors,FR,womens,38,,hip,91.5,94
michael-kors-fr-womens-g1,michael-kors,Michael Kors,FR,womens,40,,bust,87.7,90.2
michael-kors-fr-womens-g1,michael-kors,Michael Kors,FR,womens,40,,waist,69.9,72.4
michael-kors-fr-womens-g1,michael-kors,Michael Kors,FR,womens,40,,hip,94,96.6
michael-kors-fr-womens-g1,michael-kors,Michael Kors,FR,womens,42,,bust,90.2,93.4
michael-kors-fr-womens-g1,michael-kors,Michael Kors,FR,womens,42,,waist,72.4,75.6
michael-kors-fr-womens-g1,michael-kors,Michael Kors,FR,womens,42,,hip,96.6,99.7
michael-kors-fr-womens-g1,michael-kors,Michael Kors,FR,womens,44,,bust,93.4,97.2
michael-kors-fr-womens-g1,michael-kors,Michael Kors,FR,womens,44,,waist,75.6,79.4
michael-kors-fr-womens-g1,michael-kors,Michael Kors,FR,womens,44,,hip,99.7,103.5
michael-kors-fr-womens-g1,michael-kors,Michael Kors,FR,womens,46,,bust,97.2,101
michael-kors-fr-womens-g1,michael-kors,Michael Kors,FR,womens,46,,waist,79.4,83.2
michael-kors-fr-womens-g1,michael-kors,Michael Kors,FR,womens,46,,hip,103.5,107.3
michael-kors-fr-womens-g1,michael-kors,Michael Kors,FR,womens,48,,bust,101,104.8
michael-kors-fr-womens-g1,michael-kors,Michael Kors,FR,womens,48,,waist,83.2,87
michael-kors-fr-womens-g1,michael-kors,Michael Kors,FR,womens,48,,hip,107.3,111.1
michael-kors-fr-womens-g1,michael-kors,Michael Kors,FR,womens,50,,bust,104.8,108.6
michael-kors-fr-womens-g1,michael-kors,Michael Kors,FR,womens,50,,waist,87,90.8
michael-kors-fr-womens-g1,michael-kors,Michael Kors,FR,womens,50,,hip,111.1,114.9
michael-kors-fr-womens-g1,michael-kors,Michael Kors,FR,womens,XXL,,bust,108.6,112.4
michael-kors-fr-womens-g1,michael-kors,Michael Kors,FR,womens,XXL,,waist,90.8,94.6
michael-kors-fr-womens-g1,michael-kors,Michael Kors,FR,womens,XXL,,hip,114.9,118.7
michael-kors-fr-mens-g3,michael-kors,Michael Kors,FR,mens,32-34,XS,bust,81.3,86.4
michael-kors-fr-mens-g3,michael-kors,Michael Kors,FR,mens,32-34,XS,waist,66,71.1
michael-kors-fr-mens-g3,michael-kors,Michael Kors,FR,mens,35-37,S,bust,88.9,94
michael-kors-fr-mens-g3,michael-kors,Michael Kors,FR,mens,35-37,S,waist,73.7,78.7
michael-kors-fr-mens-g3,michael-kors,Michael Kors,FR,mens,38-40,M,bust,96.5,101.6
michael-kors-fr-mens-g3,michael-kors,Michael Kors,FR,mens,38-40,M,waist,81.3,86.4
michael-kors-fr-mens-g3,michael-kors,Michael Kors,FR,mens,41-42,L,bust,104.1,109.2
michael-kors-fr-mens-g3,michael-kors,Michael Kors,FR,mens,41-42,L,waist,88.9,94
michael-kors-fr-mens-g3,michael-kors,Michael Kors,FR,mens,44-45,XL,bust,111.8,116.8
michael-kors-fr-mens-g3,michael-kors,Michael Kors,FR,mens,44-45,XL,waist,96.5,101.6
michael-kors-fr-mens-g3,michael-kors,Michael Kors,FR,mens,46-47,XL,bust,119.4,124.5
michael-kors-fr-mens-g3,michael-kors,Michael Kors,FR,mens,46-47,XL,waist,104.1,109.2
michael-kors-fr-mens-g3,michael-kors,Michael Kors,FR,mens,48-50,XXXL,bust,127,132.1
michael-kors-fr-mens-g3,michael-kors,Michael Kors,FR,mens,48-50,XXXL,waist,111.8,116.8
columbia-int-mens-g0,columbia,Columbia,INT,mens,XS,,bust,88.9,88.9
columbia-int-mens-g0,columbia,Columbia,INT,mens,XS,,waist,73.7,73.7
columbia-int-mens-g0,columbia,Columbia,INT,mens,XS,,hip,86.4,86.4
columbia-int-mens-g0,columbia,Columbia,INT,mens,S,,bust,91.4,94
columbia-int-mens-g0,columbia,Columbia,INT,mens,S,,waist,76.2,78.7
columbia-int-mens-g0,columbia,Columbia,INT,mens,S,,hip,88.9,91.4
columbia-int-mens-g0,columbia,Columbia,INT,mens,M,,bust,99.1,104.1
columbia-int-mens-g0,columbia,Columbia,INT,mens,M,,waist,83.8,88.9
columbia-int-mens-g0,columbia,Columbia,INT,mens,M,,hip,96.5,101.6
columbia-int-mens-g0,columbia,Columbia,INT,mens,L,,bust,108,111.8
columbia-int-mens-g0,columbia,Columbia,INT,mens,L,,waist,91.4,96.5
columbia-int-mens-g0,columbia,Columbia,INT,mens,L,,hip,105.4,109.2
columbia-int-mens-g0,columbia,Columbia,INT,mens,XL,,bust,118.1,121.9
columbia-int-mens-g0,columbia,Columbia,INT,mens,XL,,waist,101.6,106.7
columbia-int-mens-g0,columbia,Columbia,INT,mens,XL,,hip,113,119.4
columbia-int-mens-g0,columbia,Columbia,INT,mens,XXL,,bust,128.3,132.1
columbia-int-mens-g0,columbia,Columbia,INT,mens,XXL,,waist,111.8,116.8
columbia-int-mens-g0,columbia,Columbia,INT,mens,XXL,,hip,125.7,129.5
columbia-int-womens-g1,columbia,Columbia,INT,womens,XS,,bust,85.1,85.1
columbia-int-womens-g1,columbia,Columbia,INT,womens,XS,,waist,67.3,67.3
columbia-int-womens-g1,columbia,Columbia,INT,womens,XS,,hip,90.2,90.2
columbia-int-womens-g1,columbia,Columbia,INT,womens,S,,bust,87.6,90.2
columbia-int-womens-g1,columbia,Columbia,INT,womens,S,,waist,71.1,73.7
columbia-int-womens-g1,columbia,Columbia,INT,womens,S,,hip,94,96.5
columbia-int-womens-g1,columbia,Columbia,INT,womens,M,,bust,92.7,95.3
columbia-int-womens-g1,columbia,Columbia,INT,womens,M,,waist,76.2,78.7
columbia-int-womens-g1,columbia,Columbia,INT,womens,M,,hip,99.1,101.6
columbia-int-womens-g1,columbia,Columbia,INT,womens,L,,bust,99.1,102.9
columbia-int-womens-g1,columbia,Columbia,INT,womens,L,,waist,82.5,86.4
columbia-int-womens-g1,columbia,Columbia,INT,womens,L,,hip,105.4,109.2
columbia-int-womens-g1,columbia,Columbia,INT,womens,XL,,bust,106.7,110.5
columbia-int-womens-g1,columbia,Columbia,INT,womens,XL,,waist,90.2,95.3
columbia-int-womens-g1,columbia,Columbia,INT,womens,XL,,hip,113,118.1
columbia-int-womens-g1,columbia,Columbia,INT,womens,XXL,,bust,111.8,116.8
columbia-int-womens-g1,columbia,Columbia,INT,womens,XXL,,waist,96.5,104.1
columbia-int-womens-g1,columbia,Columbia,INT,womens,XXL,,hip,119.4,127
columbia-us-womens-g3,columbia,Columbia,US,womens,2,,waist,67.3,67.3
columbia-us-womens-g3,columbia,Columbia,US,womens,2,,hip,90.2,90.2
columbia-us-womens-g3,columbia,Columbia,US,womens,4-6,,waist,71.1,73.7
columbia-us-womens-g3,columbia,Columbia,US,womens,4-6,,hip,94,96.5
columbia-us-womens-g3,columbia,Columbia,US,womens,8-10,,waist,76.2,78.7
columbia-us-womens-g3,columbia,Columbia,US,womens,8-10,,hip,99.1,101.6
columbia-us-womens-g3,columbia,Columbia,US,womens,12-14,,waist,82.5,86.4
columbia-us-womens-g3,columbia,Columbia,US,womens,12-14,,hip,105.4,109.2
columbia-us-womens-g3,columbia,Columbia,US,womens,16-18,,waist,90.2,95.3
columbia-us-womens-g3,columbia,Columbia,US,womens,16-18,,hip,113,118.1
columbia-us-womens-g3,columbia,Columbia,US,womens,20,,waist,96.5,104.1
columbia-us-womens-g3,columbia,Columbia,US,womens,20,,hip,119.4,127
columbia-us-womens-g4,columbia,Columbia,US,womens,2,,bust,85.1,85.1
columbia-us-womens-g4,columbia,Columbia,US,womens,2,,waist,67.3,67.3
columbia-us-womens-g4,columbia,Columbia,US,womens,2,,hip,90.2,90.2
columbia-us-womens-g4,columbia,Columbia,US,womens,4-6,,bust,87.6,90.2
columbia-us-womens-g4,columbia,Columbia,US,womens,4-6,,waist,71.1,73.7
columbia-us-womens-g4,columbia,Columbia,US,womens,4-6,,hip,94,96.5
columbia-us-womens-g4,columbia,Columbia,US,womens,8-10,,bust,92.7,95.3
columbia-us-womens-g4,columbia,Columbia,US,womens,8-10,,waist,76.2,78.7
columbia-us-womens-g4,columbia,Columbia,US,womens,8-10,,hip,99.1,101.6
columbia-us-womens-g4,columbia,Columbia,US,womens,12-14,,bust,99.1,102.9
columbia-us-womens-g4,columbia,Columbia,US,womens,12-14,,waist,82.5,86.4
columbia-us-womens-g4,columbia,Columbia,US,womens,12-14,,hip,105.4,109.2
columbia-us-womens-g4,columbia,Columbia,US,womens,16-18,,bust,106.7,110.5
columbia-us-womens-g4,columbia,Columbia,US,womens,16-18,,waist,90.2,95.3
columbia-us-womens-g4,columbia,Columbia,US,womens,16-18,,hip,113,118.1
columbia-us-womens-g4,columbia,Columbia,US,womens,20,,bust,111.8,116.8
columbia-us-womens-g4,columbia,Columbia,US,womens,20,,waist,96.5,104.1
columbia-us-womens-g4,columbia,Columbia,US,womens,20,,hip,119.4,127
columbia-uk-mens,columbia,Columbia,UK,mens,28,,waist,73.7,73.7
columbia-uk-mens,columbia,Columbia,UK,mens,28,,hip,86.4,86.4
columbia-uk-mens,columbia,Columbia,UK,mens,29-31,,waist,76.2,78.7
columbia-uk-mens,columbia,Columbia,UK,mens,29-31,,hip,88.9,91.4
columbia-uk-mens,columbia,Columbia,UK,mens,32-34,,waist,83.8,88.9
columbia-uk-mens,columbia,Columbia,UK,mens,32-34,,hip,96.5,101.6
columbia-uk-mens,columbia,Columbia,UK,mens,35-36,,waist,91.4,96.5
columbia-uk-mens,columbia,Columbia,UK,mens,35-36,,hip,105.4,109.2
columbia-uk-mens,columbia,Columbia,UK,mens,38-40,,waist,101.6,106.7
columbia-uk-mens,columbia,Columbia,UK,mens,38-40,,hip,113,119.4
columbia-uk-mens,columbia,Columbia,UK,mens,42-44,,waist,111.8,116.8
columbia-uk-mens,columbia,Columbia,UK,mens,42-44,,hip,125.7,129.5
patagonia-int-mens,patagonia,Patagonia,INT,mens,XXS,,bust,81.3,86.4
patagonia-int-mens,patagonia,Patagonia,INT,mens,XXS,,hip,78.8,83.9
patagonia-int-mens,patagonia,Patagonia,INT,mens,XS,,bust,86.4,91.5
patagonia-int-mens,patagonia,Patagonia,INT,mens,XS,,hip,83.9,88.9
patagonia-int-mens,patagonia,Patagonia,INT,mens,S,,bust,91.5,97.8
patagonia-int-mens,patagonia,Patagonia,INT,mens,S,,hip,88.9,95.3
patagonia-int-mens,patagonia,Patagonia,INT,mens,M,,bust,97.8,106.7
patagonia-int-mens,patagonia,Patagonia,INT,mens,M,,hip,95.3,104.2
patagonia-int-mens,patagonia,Patagonia,INT,mens,L,,bust,106.7,115.6
patagonia-int-mens,patagonia,Patagonia,INT,mens,L,,hip,104.2,113
patagonia-int-mens,patagonia,Patagonia,INT,mens,XL,,bust,115.6,123.2
patagonia-int-mens,patagonia,Patagonia,INT,mens,XL,,hip,113,120.7
patagonia-int-mens,patagonia,Patagonia,INT,mens,XXL,,bust,123.2,134.6
patagonia-int-mens,patagonia,Patagonia,INT,mens,XXL,,hip,120.7,132.1
patagonia-int-mens,patagonia,Patagonia,INT,mens,XXXL,,bust,134.6,149.8
patagonia-int-mens,patagonia,Patagonia,INT,mens,XXXL,,hip,132.1,147.3
patagonia-uk-mens,patagonia,Patagonia,UK,mens,28,,waist,72.5,75
patagonia-uk-mens,patagonia,Patagonia,UK,mens,28,,hip,87.7,90.2
patagonia-uk-mens,patagonia,Patagonia,UK,mens,29,,waist,75,77.5
patagonia-uk-mens,patagonia,Patagonia,UK,mens,29,,hip,90.2,92.7
patagonia-uk-mens,patagonia,Patagonia,UK,mens,30,,waist,77.5,80
patagonia-uk-mens,patagonia,Patagonia,UK,mens,30,,hip,92.7,95.3
patagonia-uk-mens,patagonia,Patagonia,UK,mens,31,,waist,80,82.6
patagonia-uk-mens,patagonia,Patagonia,UK,mens,31,,hip,95.3,97.8
patagonia-uk-mens,patagonia,Patagonia,UK,mens,32,,waist,82.6,85.1
patagonia-uk-mens,patagonia,Patagonia,UK,mens,32,,hip,97.8,100.4
patagonia-uk-mens,patagonia,Patagonia,UK,mens,33,,waist,85.1,87.7
patagonia-uk-mens,patagonia,Patagonia,UK,mens,33,,hip,100.4,102.9
patagonia-uk-mens,patagonia,Patagonia,UK,mens,34,,waist,87.7,90.2
patagonia-uk-mens,patagonia,Patagonia,UK,mens,34,,hip,102.9,105.4
patagonia-uk-mens,patagonia,Patagonia,UK,mens,35,,waist,90.2,92.7
patagonia-uk-mens,patagonia,Patagonia,UK,mens,35,,hip,105.4,108
patagonia-uk-mens,patagonia,Patagonia,UK,mens,36,,waist,92.7,96.6
patagonia-uk-mens,patagonia,Patagonia,UK,mens,36,,hip,108,111.8
patagonia-uk-mens,patagonia,Patagonia,UK,mens,38,,waist,96.6,101.6
patagonia-uk-mens,patagonia,Patagonia,UK,mens,38,,hip,111.8,116.9
patagonia-uk-mens,patagonia,Patagonia,UK,mens,40,,waist,101.6,106.7
patagonia-uk-mens,patagonia,Patagonia,UK,mens,40,,hip,116.9,122
patagonia-uk-mens,patagonia,Patagonia,UK,mens,42,,waist,106.7,111.8
patagonia-uk-mens,patagonia,Patagonia,UK,mens,42,,hip,122,127
patagonia-uk-mens,patagonia,Patagonia,UK,mens,44,,waist,111.8,116.9
patagonia-uk-mens,patagonia,Patagonia,UK,mens,44,,hip,127,132
the-north-face-int-mens-g1,the-north-face,The North Face,INT,mens,XXS,,bust,73.7,82.5
the-north-face-int-mens-g1,the-north-face,The North Face,INT,mens,XXS,,hip,80,82.5
the-north-face-int-mens-g1,the-north-face,The North Face,INT,mens,XS,,bust,83.8,88.9
the-north-face-int-mens-g1,the-north-face,The North Face,INT,mens,XS,,hip,83.8,86.4
the-north-face-int-mens-g1,the-north-face,The North Face,INT,mens,S,,bust,91.4,96.5
the-north-face-int-mens-g1,the-north-face,The North Face,INT,mens,S,,hip,88.9,94
the-north-face-int-mens-g1,the-north-face,The North Face,INT,mens,M,,bust,99.1,104.1
the-north-face-int-mens-g1,the-north-face,The North Face,INT,mens,M,,hip,96.5,101.6
the-north-face-int-mens-g1,the-north-face,The North Face,INT,mens,L,,bust,106.7,111.8
the-north-face-int-mens-g1,the-north-face,The North Face,INT,mens,L,,hip,104.1,109.2
the-north-face-int-mens-g1,the-north-face,The North Face,INT,mens,XL,,bust,114.3,121.9
the-north-face-int-mens-g1,the-north-face,The North Face,INT,mens,XL,,hip,111.8,116.8
the-north-face-int-mens-g1,the-north-face,The North Face,INT,mens,2XL,,bust,124.5,132.1
the-north-face-int-mens-g1,the-north-face,The North Face,INT,mens,2XL,,hip,119.4,124.5
the-north-face-int-mens-g1,the-north-face,The North Face,INT,mens,3XL,,bust,134.6,142.2
the-north-face-int-mens-g1,the-north-face,The North Face,INT,mens,3XL,,hip,127,132.1
the-north-face-int-mens-g2,the-north-face,The North Face,INT,mens,2X,,waist,114.3,121.9
the-north-face-int-mens-g2,the-north-face,The North Face,INT,mens,2X,,hip,125.7,133.3
the-north-face-int-mens-g2,the-north-face,The North Face,INT,mens,3X,,waist,124.5,132.1
the-north-face-int-mens-g2,the-north-face,The North Face,INT,mens,3X,,hip,135.9,143.5
the-north-face-int-mens-g2,the-north-face,The North Face,INT,mens,4X,,waist,134.6,142.2
the-north-face-int-mens-g2,the-north-face,The North Face,INT,mens,4X,,hip,146.1,153.7
the-north-face-int-mens-g2,the-north-face,The North Face,INT,mens,5X,,waist,144.8,152.4
the-north-face-int-mens-g2,the-north-face,The North Face,INT,mens,5X,,hip,156.2,163.8
the-north-face-uk-mens,the-north-face,The North Face,UK,mens,28,XS,waist,71.1,76.2
the-north-face-uk-mens,the-north-face,The North Face,UK,mens,28,XS,hip,85.1,90.2
the-north-face-uk-mens,the-north-face,The North Face,UK,mens,30,S,waist,77.5,81.3
the-north-face-uk-mens,the-north-face,The North Face,UK,mens,30,S,hip,91.4,96.5
the-north-face-uk-mens,the-north-face,The North Face,UK,mens,32,M,waist,82.5,85.1
the-north-face-uk-mens,the-north-face,The North Face,UK,mens,32,M,hip,96.5,100.3
the-north-face-uk-mens,the-north-face,The North Face,UK,mens,34,M,waist,85.1,88.9
the-north-face-uk-mens,the-north-face,The North Face,UK,mens,34,M,hip,100.3,104.1
the-north-face-uk-mens,the-north-face,The North Face,UK,mens,36,L,waist,88.9,91.4
the-north-face-uk-mens,the-north-face,The North Face,UK,mens,36,L,hip,104.1,108
the-north-face-uk-mens,the-north-face,The North Face,UK,mens,38,L,waist,92.7,97.8
the-north-face-uk-mens,the-north-face,The North Face,UK,mens,38,L,hip,108,111.8
the-north-face-uk-mens,the-north-face,The North Face,UK,mens,40,XL,waist,99.1,101.6
the-north-face-uk-mens,the-north-face,The North Face,UK,mens,40,XL,hip,111.8,115.6
the-north-face-uk-mens,the-north-face,The North Face,UK,mens,42,XL,waist,102.9,108
the-north-face-uk-mens,the-north-face,The North Face,UK,mens,42,XL,hip,115.6,119.4
the-north-face-uk-mens,the-north-face,The North Face,UK,mens,44,2XL,waist,109.2,114.3
the-north-face-uk-mens,the-north-face,The North Face,UK,mens,44,2XL,hip,119.4,123.2
under-armour-int-womens,under-armour,Under Armour,INT,womens,XS,,bust,78.7,83.8
under-armour-int-womens,under-armour,Under Armour,INT,womens,XS,,waist,58.4,63.5
under-armour-int-womens,under-armour,Under Armour,INT,womens,S,,bust,85.1,90.2
under-armour-int-womens,under-armour,Under Armour,INT,womens,S,,waist,64.8,69.9
under-armour-int-womens,under-armour,Under Armour,INT,womens,M,,bust,91.4,96.5
under-armour-int-womens,under-armour,Under Armour,INT,womens,M,,waist,71.1,76.2
under-armour-int-womens,under-armour,Under Armour,INT,womens,L,,bust,97.8,102.9
under-armour-int-womens,under-armour,Under Armour,INT,womens,L,,waist,77.5,82.6
under-armour-int-womens,under-armour,Under Armour,INT,womens,XL,,bust,104.1,109.2
under-armour-int-womens,under-armour,Under Armour,INT,womens,XL,,waist,83.8,88.9
under-armour-int-womens,under-armour,Under Armour,INT,womens,XXL,,bust,111.8,116.8
under-armour-int-womens,under-armour,Under Armour,INT,womens,XXL,,waist,91.4,96.5
under-armour-us-womens,under-armour,Under Armour,US,womens,0 - 2,,bust,78.7,83.8
under-armour-us-womens,under-armour,Under Armour,US,womens,0 - 2,,waist,58.4,63.5
under-armour-us-womens,under-armour,Under Armour,US,womens,4 - 6,,bust,85.1,90.2
under-armour-us-womens,under-armour,Under Armour,US,womens,4 - 6,,waist,64.8,69.9
under-armour-us-womens,under-armour,Under Armour,US,womens,8 - 10,,bust,91.4,96.5
under-armour-us-womens,under-armour,Under Armour,US,womens,8 - 10,,waist,71.1,76.2
under-armour-us-womens,under-armour,Under Armour,US,womens,12 - 14,,bust,97.8,102.9
under-armour-us-womens,under-armour,Under Armour,US,womens,12 - 14,,waist,77.5,82.6
under-armour-us-womens,under-armour,Under Armour,US,womens,16,,bust,104.1,109.2
under-armour-us-womens,under-armour,Under Armour,US,womens,16,,waist,83.8,88.9
under-armour-us-womens,under-armour,Under Armour,US,womens,18,,bust,111.8,116.8
under-armour-us-womens,under-armour,Under Armour,US,womens,18,,waist,91.4,96.5
new-balance-eu-womens,new-balance,New Balance,EU,womens,32-34,XS,bust,76,81
new-balance-eu-womens,new-balance,New Balance,EU,womens,32-34,XS,waist,61,66
new-balance-eu-womens,new-balance,New Balance,EU,womens,32-34,XS,hip,84,89
new-balance-eu-womens,new-balance,New Balance,EU,womens,36-38,S,bust,81,89
new-balance-eu-womens,new-balance,New Balance,EU,womens,36-38,S,waist,66,71
new-balance-eu-womens,new-balance,New Balance,EU,womens,36-38,S,hip,89,97
new-balance-eu-womens,new-balance,New Balance,EU,womens,40-42,M,bust,89,94
new-balance-eu-womens,new-balance,New Balance,EU,womens,40-42,M,waist,71,79
new-balance-eu-womens,new-balance,New Balance,EU,womens,40-42,M,hip,97,102
new-balance-eu-womens,new-balance,New Balance,EU,womens,44-46,L,bust,94,102
new-balance-eu-womens,new-balance,New Balance,EU,womens,44-46,L,waist,79,86
new-balance-eu-womens,new-balance,New Balance,EU,womens,44-46,L,hip,102,109
new-balance-eu-womens,new-balance,New Balance,EU,womens,48-50,XL,bust,102,112
new-balance-eu-womens,new-balance,New Balance,EU,womens,48-50,XL,waist,86,97
new-balance-eu-womens,new-balance,New Balance,EU,womens,48-50,XL,hip,109,119
new-balance-eu-womens,new-balance,New Balance,EU,womens,52-54,2XL,bust,112,119
new-balance-eu-womens,new-balance,New Balance,EU,womens,52-54,2XL,waist,97,107
new-balance-eu-womens,new-balance,New Balance,EU,womens,52-54,2XL,hip,119,127
new-balance-int-mens-g0,new-balance,New Balance,INT,mens,XS,,bust,84,89
new-balance-int-mens-g0,new-balance,New Balance,INT,mens,XS,,waist,69,74
new-balance-int-mens-g0,new-balance,New Balance,INT,mens,XS,,hip,81,86
new-balance-int-mens-g0,new-balance,New Balance,INT,mens,S,,bust,89,97
new-balance-int-mens-g0,new-balance,New Balance,INT,mens,S,,waist,74,79
new-balance-int-mens-g0,new-balance,New Balance,INT,mens,S,,hip,86,94
new-balance-int-mens-g0,new-balance,New Balance,INT,mens,M,,bust,97,104
new-balance-int-mens-g0,new-balance,New Balance,INT,mens,M,,waist,79,86
new-balance-int-mens-g0,new-balance,New Balance,INT,mens,M,,hip,94,102
new-balance-int-mens-g0,new-balance,New Balance,INT,mens,L,,bust,104,112
new-balance-int-mens-g0,new-balance,New Balance,INT,mens,L,,waist,86,94
new-balance-int-mens-g0,new-balance,New Balance,INT,mens,L,,hip,102,109
new-balance-int-mens-g0,new-balance,New Balance,INT,mens,XL,,bust,112,122
new-balance-int-mens-g0,new-balance,New Balance,INT,mens,XL,,waist,94,104
new-balance-int-mens-g0,new-balance,New Balance,INT,mens,XL,,hip,109,117
new-balance-int-mens-g0,new-balance,New Balance,INT,mens,2XL,,bust,122,135
new-balance-int-mens-g0,new-balance,New Balance,INT,mens,2XL,,waist,104,117
new-balance-int-mens-g0,new-balance,New Balance,INT,mens,2XL,,hip,117,127
new-balance-int-mens-g0,new-balance,New Balance,INT,mens,3XL,,bust,135,145
new-balance-int-mens-g0,new-balance,New Balance,INT,mens,3XL,,waist,117,127
new-balance-int-mens-g0,new-balance,New Balance,INT,mens,3XL,,hip,127,137
new-balance-int-womens-g1,new-balance,New Balance,INT,womens,XS,,bust,76,81
new-balance-int-womens-g1,new-balance,New Balance,INT,womens,XS,,waist,61,66
new-balance-int-womens-g1,new-balance,New Balance,INT,womens,XS,,hip,84,89
new-balance-int-womens-g1,new-balance,New Balance,INT,womens,S,,bust,81,89
new-balance-int-womens-g1,new-balance,New Balance,INT,womens,S,,waist,66,71
new-balance-int-womens-g1,new-balance,New Balance,INT,womens,S,,hip,89,97
new-balance-int-womens-g1,new-balance,New Balance,INT,womens,M,,bust,89,94
new-balance-int-womens-g1,new-balance,New Balance,INT,womens,M,,waist,71,79
new-balance-int-womens-g1,new-balance,New Balance,INT,womens,M,,hip,97,102
new-balance-int-womens-g1,new-balance,New Balance,INT,womens,L,,bust,94,102
new-balance-int-womens-g1,new-balance,New Balance,INT,womens,L,,waist,79,86
new-balance-int-womens-g1,new-balance,New Balance,INT,womens,L,,hip,102,109
new-balance-int-womens-g1,new-balance,New Balance,INT,womens,XL,,bust,102,112
new-balance-int-womens-g1,new-balance,New Balance,INT,womens,XL,,waist,86,97
new-balance-int-womens-g1,new-balance,New Balance,INT,womens,XL,,hip,109,119
new-balance-int-womens-g1,new-balance,New Balance,INT,womens,2XL,,bust,112,119
new-balance-int-womens-g1,new-balance,New Balance,INT,womens,2XL,,waist,97,107
new-balance-int-womens-g1,new-balance,New Balance,INT,womens,2XL,,hip,119,127
new-balance-uk-womens,new-balance,New Balance,UK,womens,4-6,XS,bust,76,81
new-balance-uk-womens,new-balance,New Balance,UK,womens,4-6,XS,waist,61,66
new-balance-uk-womens,new-balance,New Balance,UK,womens,4-6,XS,hip,84,89
new-balance-uk-womens,new-balance,New Balance,UK,womens,8-10,S,bust,81,89
new-balance-uk-womens,new-balance,New Balance,UK,womens,8-10,S,waist,66,71
new-balance-uk-womens,new-balance,New Balance,UK,womens,8-10,S,hip,89,97
new-balance-uk-womens,new-balance,New Balance,UK,womens,12-14,M,bust,89,94
new-balance-uk-womens,new-balance,New Balance,UK,womens,12-14,M,waist,71,79
new-balance-uk-womens,new-balance,New Balance,UK,womens,12-14,M,hip,97,102
new-balance-uk-womens,new-balance,New Balance,UK,womens,16-18,L,bust,94,102
new-balance-uk-womens,new-balance,New Balance,UK,womens,16-18,L,waist,79,86
new-balance-uk-womens,new-balance,New Balance,UK,womens,16-18,L,hip,102,109
new-balance-uk-womens,new-balance,New Balance,UK,womens,20-22,XL,bust,102,112
new-balance-uk-womens,new-balance,New Balance,UK,womens,20-22,XL,waist,86,97
new-balance-uk-womens,new-balance,New Balance,UK,womens,20-22,XL,hip,109,119
new-balance-uk-womens,new-balance,New Balance,UK,womens,24-28,2XL,bust,112,119
new-balance-uk-womens,new-balance,New Balance,UK,womens,24-28,2XL,waist,97,107
new-balance-uk-womens,new-balance,New Balance,UK,womens,24-28,2XL,hip,119,127
lululemon-eu-womens,lululemon,lululemon,EU,womens,34-36,,waist,61,66
lululemon-eu-womens,lululemon,lululemon,EU,womens,34-36,,hip,86.4,91.4
lululemon-eu-womens,lululemon,lululemon,EU,womens,36-38,,waist,66,71.1
lululemon-eu-womens,lululemon,lululemon,EU,womens,36-38,,hip,91.4,96.5
lululemon-eu-womens,lululemon,lululemon,EU,womens,38-40,,waist,71.1,76.2
lululemon-eu-womens,lululemon,lululemon,EU,womens,38-40,,hip,96.5,101.6
lululemon-eu-womens,lululemon,lululemon,EU,womens,42,,waist,76.2,83.8
lululemon-eu-womens,lululemon,lululemon,EU,womens,42,,hip,101.6,109.2
lululemon-eu-womens,lululemon,lululemon,EU,womens,44-46,,waist,83.8,91.4
lululemon-eu-womens,lululemon,lululemon,EU,womens,44-46,,hip,109.2,116.8
lululemon-eu-womens,lululemon,lululemon,EU,womens,48-50,,waist,91.4,99.1
lululemon-eu-womens,lululemon,lululemon,EU,womens,48-50,,hip,116.8,124.5
lululemon-int-womens,lululemon,lululemon,INT,womens,S,,waist,61,66
lululemon-int-womens,lululemon,lululemon,INT,womens,S,,hip,86.4,91.4
lululemon-int-womens,lululemon,lululemon,INT,womens,M,,waist,66,71.1
lululemon-int-womens,lululemon,lululemon,INT,womens,M,,hip,91.4,96.5
lululemon-int-womens,lululemon,lululemon,INT,womens,L,,waist,71.1,76.2
lululemon-int-womens,lululemon,lululemon,INT,womens,L,,hip,96.5,101.6
lululemon-int-womens,lululemon,lululemon,INT,womens,XL,,waist,76.2,83.8
lululemon-int-womens,lululemon,lululemon,INT,womens,XL,,hip,101.6,109.2
lululemon-int-womens,lululemon,lululemon,INT,womens,XXL,,waist,83.8,91.4
lululemon-int-womens,lululemon,lululemon,INT,womens,XXL,,hip,109.2,116.8
lululemon-int-womens,lululemon,lululemon,INT,womens,3XL-4XL,,waist,91.4,99.1
lululemon-int-womens,lululemon,lululemon,INT,womens,3XL-4XL,,hip,116.8,124.5
lululemon-us-womens,lululemon,lululemon,US,womens,XS,,waist,61,66
lululemon-us-womens,lululemon,lululemon,US,womens,XS,,hip,86.4,91.4
lululemon-us-womens,lululemon,lululemon,US,womens,S,,waist,66,71.1
lululemon-us-womens,lululemon,lululemon,US,womens,S,,hip,91.4,96.5
lululemon-us-womens,lululemon,lululemon,US,womens,M,,waist,71.1,76.2
lululemon-us-womens,lululemon,lululemon,US,womens,M,,hip,96.5,101.6
lululemon-us-womens,lululemon,lululemon,US,womens,L,,waist,76.2,83.8
lululemon-us-womens,lululemon,lululemon,US,womens,L,,hip,101.6,109.2
lululemon-us-womens,lululemon,lululemon,US,womens,XL,,waist,83.8,91.4
lululemon-us-womens,lululemon,lululemon,US,womens,XL,,hip,109.2,116.8
lululemon-us-womens,lululemon,lululemon,US,womens,XXL,,waist,91.4,99.1
lululemon-us-womens,lululemon,lululemon,US,womens,XXL,,hip,116.8,124.5
lululemon-uk-womens,lululemon,lululemon,UK,womens,6-8,,waist,61,66
lululemon-uk-womens,lululemon,lululemon,UK,womens,6-8,,hip,86.4,91.4
lululemon-uk-womens,lululemon,lululemon,UK,womens,8-10,,waist,66,71.1
lululemon-uk-womens,lululemon,lululemon,UK,womens,8-10,,hip,91.4,96.5
lululemon-uk-womens,lululemon,lululemon,UK,womens,10-12,,waist,71.1,76.2
lululemon-uk-womens,lululemon,lululemon,UK,womens,10-12,,hip,96.5,101.6
lululemon-uk-womens,lululemon,lululemon,UK,womens,14,,waist,76.2,83.8
lululemon-uk-womens,lululemon,lululemon,UK,womens,14,,hip,101.6,109.2
lululemon-uk-womens,lululemon,lululemon,UK,womens,16-18,,waist,83.8,91.4
lululemon-uk-womens,lululemon,lululemon,UK,womens,16-18,,hip,109.2,116.8
lululemon-uk-womens,lululemon,lululemon,UK,womens,20-22,,waist,91.4,99.1
lululemon-uk-womens,lululemon,lululemon,UK,womens,20-22,,hip,116.8,124.5
lululemon-fr-womens,lululemon,lululemon,FR,womens,34-36,,waist,61,66
lululemon-fr-womens,lululemon,lululemon,FR,womens,34-36,,hip,86.4,91.4
lululemon-fr-womens,lululemon,lululemon,FR,womens,36-38,,waist,66,71.1
lululemon-fr-womens,lululemon,lululemon,FR,womens,36-38,,hip,91.4,96.5
lululemon-fr-womens,lululemon,lululemon,FR,womens,38-40,,waist,71.1,76.2
lululemon-fr-womens,lululemon,lululemon,FR,womens,38-40,,hip,96.5,101.6
lululemon-fr-womens,lululemon,lululemon,FR,womens,42,,waist,76.2,83.8
lululemon-fr-womens,lululemon,lululemon,FR,womens,42,,hip,101.6,109.2
lululemon-fr-womens,lululemon,lululemon,FR,womens,44-46,,waist,83.8,91.4
lululemon-fr-womens,lululemon,lululemon,FR,womens,44-46,,hip,109.2,116.8
lululemon-fr-womens,lululemon,lululemon,FR,womens,48-50,,waist,91.4,99.1
lululemon-fr-womens,lululemon,lululemon,FR,womens,48-50,,hip,116.8,124.5
lululemon-it-womens,lululemon,lululemon,IT,womens,38-40,,waist,61,66
lululemon-it-womens,lululemon,lululemon,IT,womens,38-40,,hip,86.4,91.4
lululemon-it-womens,lululemon,lululemon,IT,womens,40-42,,waist,66,71.1
lululemon-it-womens,lululemon,lululemon,IT,womens,40-42,,hip,91.4,96.5
lululemon-it-womens,lululemon,lululemon,IT,womens,42-44,,waist,71.1,76.2
lululemon-it-womens,lululemon,lululemon,IT,womens,42-44,,hip,96.5,101.6
lululemon-it-womens,lululemon,lululemon,IT,womens,46,,waist,76.2,83.8
lululemon-it-womens,lululemon,lululemon,IT,womens,46,,hip,101.6,109.2
lululemon-it-womens,lululemon,lululemon,IT,womens,48-50,,waist,83.8,91.4
lululemon-it-womens,lululemon,lululemon,IT,womens,48-50,,hip,109.2,116.8
lululemon-it-womens,lululemon,lululemon,IT,womens,52-54,,waist,91.4,99.1
lululemon-it-womens,lululemon,lululemon,IT,womens,52-54,,hip,116.8,124.5
lululemon-jp-womens,lululemon,lululemon,JP,womens,S,,waist,61,66
lululemon-jp-womens,lululemon,lululemon,JP,womens,S,,hip,86.4,91.4
lululemon-jp-womens,lululemon,lululemon,JP,womens,M,,waist,66,71.1
lululemon-jp-womens,lululemon,lululemon,JP,womens,M,,hip,91.4,96.5
lululemon-jp-womens,lululemon,lululemon,JP,womens,L,,waist,71.1,76.2
lululemon-jp-womens,lululemon,lululemon,JP,womens,L,,hip,96.5,101.6
lululemon-jp-womens,lululemon,lululemon,JP,womens,XL,,waist,76.2,83.8
lululemon-jp-womens,lululemon,lululemon,JP,womens,XL,,hip,101.6,109.2
lululemon-jp-womens,lululemon,lululemon,JP,womens,XXL,,waist,83.8,91.4
lululemon-jp-womens,lululemon,lululemon,JP,womens,XXL,,hip,109.2,116.8
lululemon-jp-womens,lululemon,lululemon,JP,womens,3XL,,waist,91.4,99.1
lululemon-jp-womens,lululemon,lululemon,JP,womens,3XL,,hip,116.8,124.5
madewell-us-womens-g0,madewell,Madewell,US,womens,000,XXS,bust,78,80
madewell-us-womens-g0,madewell,Madewell,US,womens,000,XXS,waist,57.3,59.8
madewell-us-womens-g0,madewell,Madewell,US,womens,000,XXS,hip,82.8,85.3
madewell-us-womens-g0,madewell,Madewell,US,womens,00,XS,bust,80,82.5
madewell-us-womens-g0,madewell,Madewell,US,womens,00,XS,waist,59.8,62.3
madewell-us-womens-g0,madewell,Madewell,US,womens,00,XS,hip,85.3,87.8
madewell-us-womens-g0,madewell,Madewell,US,womens,0,XS,bust,82.5,85.3
madewell-us-womens-g0,madewell,Madewell,US,womens,0,XS,waist,62.3,64.8
madewell-us-womens-g0,madewell,Madewell,US,womens,0,XS,hip,87.8,90.3
madewell-us-womens-g0,madewell,Madewell,US,womens,2,S,bust,85.3,87.8
madewell-us-womens-g0,madewell,Madewell,US,womens,2,S,waist,64.8,67.3
madewell-us-womens-g0,madewell,Madewell,US,womens,2,S,hip,90.3,92.8
madewell-us-womens-g0,madewell,Madewell,US,womens,4,S,bust,87.8,90.3
madewell-us-womens-g0,madewell,Madewell,US,womens,4,S,waist,67.3,69.8
madewell-us-womens-g0,madewell,Madewell,US,womens,4,S,hip,92.8,95.3
madewell-us-womens-g0,madewell,Madewell,US,womens,6,M,bust,90.3,92.8
madewell-us-womens-g0,madewell,Madewell,US,womens,6,M,waist,69.8,72.3
madewell-us-womens-g0,madewell,Madewell,US,womens,6,M,hip,95.3,97.8
madewell-us-womens-g0,madewell,Madewell,US,womens,8,M,bust,92.8,95.5
madewell-us-womens-g0,madewell,Madewell,US,womens,8,M,waist,72.3,74.8
madewell-us-womens-g0,madewell,Madewell,US,womens,8,M,hip,97.8,100.3
madewell-us-womens-g0,madewell,Madewell,US,womens,10,L,bust,95.5,98.5
madewell-us-womens-g0,madewell,Madewell,US,womens,10,L,waist,74.8,78
madewell-us-womens-g0,madewell,Madewell,US,womens,10,L,hip,100.3,103.5
madewell-us-womens-g0,madewell,Madewell,US,womens,12,L,bust,98.5,102
madewell-us-womens-g0,madewell,Madewell,US,womens,12,L,waist,78,82
madewell-us-womens-g0,madewell,Madewell,US,womens,12,L,hip,103.5,107.3
madewell-us-womens-g0,madewell,Madewell,US,womens,14,XL,bust,102,106
madewell-us-womens-g0,madewell,Madewell,US,womens,14,XL,waist,82,85.8
madewell-us-womens-g0,madewell,Madewell,US,womens,14,XL,hip,107.3,111
madewell-us-womens-g0,madewell,Madewell,US,womens,16,XL,bust,106,112
madewell-us-womens-g0,madewell,Madewell,US,womens,16,XL,waist,85.8,91.3
madewell-us-womens-g0,madewell,Madewell,US,womens,16,XL,hip,111,117
madewell-us-womens-g0,madewell,Madewell,US,womens,18,XXL,bust,112,120
madewell-us-womens-g0,madewell,Madewell,US,womens,18,XXL,waist,91.3,98.8
madewell-us-womens-g0,madewell,Madewell,US,womens,18,XXL,hip,117,125
madewell-us-womens-g1,madewell,Madewell,US,womens,000,XXS,bust,78,80
madewell-us-womens-g1,madewell,Madewell,US,womens,000,XXS,waist,57.3,59.8
madewell-us-womens-g1,madewell,Madewell,US,womens,00,XS,bust,80,82.5
madewell-us-womens-g1,madewell,Madewell,US,womens,00,XS,waist,59.8,62.3
madewell-us-womens-g1,madewell,Madewell,US,womens,0,XS,bust,82.5,85.3
madewell-us-womens-g1,madewell,Madewell,US,womens,0,XS,waist,62.3,64.8
madewell-us-womens-g1,madewell,Madewell,US,womens,2,S,bust,85.3,87.8
madewell-us-womens-g1,madewell,Madewell,US,womens,2,S,waist,64.8,67.3
madewell-us-womens-g1,madewell,Madewell,US,womens,4,S,bust,87.8,90.3
madewell-us-womens-g1,madewell,Madewell,US,womens,4,S,waist,67.3,69.8
madewell-us-womens-g1,madewell,Madewell,US,womens,6,M,bust,90.3,92.8
madewell-us-womens-g1,madewell,Madewell,US,womens,6,M,waist,69.8,72.3
madewell-us-womens-g1,madewell,Madewell,US,womens,8,M,bust,92.8,95.5
madewell-us-womens-g1,madewell,Madewell,US,womens,8,M,waist,72.3,74.8
madewell-us-womens-g1,madewell,Madewell,US,womens,10,L,bust,95.5,98.5
madewell-us-womens-g1,madewell,Madewell,US,womens,10,L,waist,74.8,78
madewell-us-womens-g1,madewell,Madewell,US,womens,12,L,bust,98.5,102
madewell-us-womens-g1,madewell,Madewell,US,womens,12,L,waist,78,82
madewell-us-womens-g1,madewell,Madewell,US,womens,14,XL,bust,102,106
madewell-us-womens-g1,madewell,Madewell,US,womens,14,XL,waist,82,85.8
madewell-us-womens-g1,madewell,Madewell,US,womens,16,XL,bust,106,112
madewell-us-womens-g1,madewell,Madewell,US,womens,16,XL,waist,85.8,91.3
madewell-us-womens-g1,madewell,Madewell,US,womens,18,XXL,bust,112,120
madewell-us-womens-g1,madewell,Madewell,US,womens,18,XXL,waist,91.3,98.8
j-crew-int-womens,j-crew,J.Crew,INT,womens,XXXS,,bust,78,80
j-crew-int-womens,j-crew,J.Crew,INT,womens,XXXS,,waist,57.3,59.8
j-crew-int-womens,j-crew,J.Crew,INT,womens,XXS,,bust,80,83
j-crew-int-womens,j-crew,J.Crew,INT,womens,XXS,,waist,59.8,62.9
j-crew-int-womens,j-crew,J.Crew,INT,womens,XS,,bust,83,87.7
j-crew-int-womens,j-crew,J.Crew,INT,womens,XS,,waist,62.9,67.3
j-crew-int-womens,j-crew,J.Crew,INT,womens,S,,bust,87.7,92.8
j-crew-int-womens,j-crew,J.Crew,INT,womens,S,,waist,67.3,72.3
j-crew-int-womens,j-crew,J.Crew,INT,womens,M,,bust,92.8,98.8
j-crew-int-womens,j-crew,J.Crew,INT,womens,M,,waist,72.3,78.4
j-crew-int-womens,j-crew,J.Crew,INT,womens,L,,bust,98.8,106.4
j-crew-int-womens,j-crew,J.Crew,INT,womens,L,,waist,78.4,84.8
j-crew-int-womens,j-crew,J.Crew,INT,womens,XL,,bust,106.4,113.8
j-crew-int-womens,j-crew,J.Crew,INT,womens,XL,,waist,84.8,92
j-crew-int-womens,j-crew,J.Crew,INT,womens,XXL / 1X,,bust,113.8,120
j-crew-int-womens,j-crew,J.Crew,INT,womens,XXL / 1X,,waist,92,99.8
j-crew-int-womens,j-crew,J.Crew,INT,womens,2X,,bust,120,127.9
j-crew-int-womens,j-crew,J.Crew,INT,womens,2X,,waist,99.8,107.7
j-crew-int-womens,j-crew,J.Crew,INT,womens,3X,,bust,127.9,137.7
j-crew-int-womens,j-crew,J.Crew,INT,womens,3X,,waist,107.7,117
j-crew-us-womens,j-crew,J.Crew,US,womens,000,,bust,78,80
j-crew-us-womens,j-crew,J.Crew,US,womens,000,,waist,57.3,59.8
j-crew-us-womens,j-crew,J.Crew,US,womens,00,,bust,80,82.5
j-crew-us-womens,j-crew,J.Crew,US,womens,00,,waist,59.8,62.3
j-crew-us-womens,j-crew,J.Crew,US,womens,0,,bust,82.5,85
j-crew-us-womens,j-crew,J.Crew,US,womens,0,,waist,62.3,64.8
j-crew-us-womens,j-crew,J.Crew,US,womens,2,,bust,85,87.5
j-crew-us-womens,j-crew,J.Crew,US,womens,2,,waist,64.8,67.3
j-crew-us-womens,j-crew,J.Crew,US,womens,4,,bust,87.5,90.3
j-crew-us-womens,j-crew,J.Crew,US,womens,4,,waist,67.3,69.8
j-crew-us-womens,j-crew,J.Crew,US,womens,6,,bust,90.3,92.8
j-crew-us-womens,j-crew,J.Crew,US,womens,6,,waist,69.8,72.3
j-crew-us-womens,j-crew,J.Crew,US,womens,8,,bust,92.8,95.3
j-crew-us-womens,j-crew,J.Crew,US,womens,8,,waist,72.3,74.8
j-crew-us-womens,j-crew,J.Crew,US,womens,10,,bust,95.3,98.5
j-crew-us-womens,j-crew,J.Crew,US,womens,10,,waist,74.8,78
j-crew-us-womens,j-crew,J.Crew,US,womens,12,,bust,98.5,102.3
j-crew-us-womens,j-crew,J.Crew,US,womens,12,,waist,78,82
j-crew-us-womens,j-crew,J.Crew,US,womens,14,,bust,102.3,107.3
j-crew-us-womens,j-crew,J.Crew,US,womens,14,,waist,82,85.8
j-crew-us-womens,j-crew,J.Crew,US,womens,16,,bust,107.3,113.8
j-crew-us-womens,j-crew,J.Crew,US,womens,16,,waist,85.8,92
j-crew-us-womens,j-crew,J.Crew,US,womens,18,,bust,113.8,120
j-crew-us-womens,j-crew,J.Crew,US,womens,18,,waist,92,99.8
j-crew-us-womens,j-crew,J.Crew,US,womens,20,,bust,120,126.3
j-crew-us-womens,j-crew,J.Crew,US,womens,20,,waist,99.8,106
j-crew-us-womens,j-crew,J.Crew,US,womens,22,,bust,126.3,132.8
j-crew-us-womens,j-crew,J.Crew,US,womens,22,,waist,106,112.3
j-crew-us-womens,j-crew,J.Crew,US,womens,24,,bust,132.8,139.3
j-crew-us-womens,j-crew,J.Crew,US,womens,24,,waist,112.3,118.8
lindex-eu-womens,lindex,Lindex,EU,womens,34,,bust,78,82
lindex-eu-womens,lindex,Lindex,EU,womens,34,,waist,62,66
lindex-eu-womens,lindex,Lindex,EU,womens,34,,hip,86,90
lindex-eu-womens,lindex,Lindex,EU,womens,36,,bust,82,86
lindex-eu-womens,lindex,Lindex,EU,womens,36,,waist,66,70
lindex-eu-womens,lindex,Lindex,EU,womens,36,,hip,90,94
lindex-eu-womens,lindex,Lindex,EU,womens,38,,bust,86,90
lindex-eu-womens,lindex,Lindex,EU,womens,38,,waist,70,74
lindex-eu-womens,lindex,Lindex,EU,womens,38,,hip,94,98
lindex-eu-womens,lindex,Lindex,EU,womens,40,,bust,90,94
lindex-eu-womens,lindex,Lindex,EU,womens,40,,waist,74,78
lindex-eu-womens,lindex,Lindex,EU,womens,40,,hip,98,102
lindex-eu-womens,lindex,Lindex,EU,womens,42,,bust,94,98
lindex-eu-womens,lindex,Lindex,EU,womens,42,,waist,78,82
lindex-eu-womens,lindex,Lindex,EU,womens,42,,hip,102,106
lindex-eu-womens,lindex,Lindex,EU,womens,44,,bust,98,102
lindex-eu-womens,lindex,Lindex,EU,womens,44,,waist,82,86
lindex-eu-womens,lindex,Lindex,EU,womens,44,,hip,106,110
lindex-eu-womens,lindex,Lindex,EU,womens,46,,bust,102,107
lindex-eu-womens,lindex,Lindex,EU,womens,46,,waist,86,91
lindex-eu-womens,lindex,Lindex,EU,womens,46,,hip,110,114.5
lindex-eu-womens,lindex,Lindex,EU,womens,48,,bust,107,113
lindex-eu-womens,lindex,Lindex,EU,womens,48,,waist,91,97
lindex-eu-womens,lindex,Lindex,EU,womens,48,,hip,114.5,119.5
lindex-eu-womens,lindex,Lindex,EU,womens,50,,bust,113,119
lindex-eu-womens,lindex,Lindex,EU,womens,50,,waist,97,103
lindex-eu-womens,lindex,Lindex,EU,womens,50,,hip,119.5,124.5
lindex-eu-womens,lindex,Lindex,EU,womens,52,,bust,119,125
lindex-eu-womens,lindex,Lindex,EU,womens,52,,waist,103,109
lindex-eu-womens,lindex,Lindex,EU,womens,52,,hip,124.5,129.5
lindex-eu-womens,lindex,Lindex,EU,womens,54,,bust,125,131
lindex-eu-womens,lindex,Lindex,EU,womens,54,,waist,109,115
lindex-eu-womens,lindex,Lindex,EU,womens,54,,hip,129.5,134.5
lindex-eu-womens,lindex,Lindex,EU,womens,56,,bust,131,137
lindex-eu-womens,lindex,Lindex,EU,womens,56,,waist,115,121
lindex-eu-womens,lindex,Lindex,EU,womens,56,,hip,134.5,139.5
lindex-eu-womens,lindex,Lindex,EU,womens,58,,bust,137,143
lindex-eu-womens,lindex,Lindex,EU,womens,58,,waist,121,127
lindex-eu-womens,lindex,Lindex,EU,womens,58,,hip,139.5,144.5
lindex-int-womens,lindex,Lindex,INT,womens,XS,,bust,77,83
lindex-int-womens,lindex,Lindex,INT,womens,XS,,waist,61,67
lindex-int-womens,lindex,Lindex,INT,womens,XS,,hip,85,91
lindex-int-womens,lindex,Lindex,INT,womens,S,,bust,83,90
lindex-int-womens,lindex,Lindex,INT,womens,S,,waist,67,74
lindex-int-womens,lindex,Lindex,INT,womens,S,,hip,91,98
lindex-int-womens,lindex,Lindex,INT,womens,M,,bust,90,98
lindex-int-womens,lindex,Lindex,INT,womens,M,,waist,74,82
lindex-int-womens,lindex,Lindex,INT,womens,M,,hip,98,106
lindex-int-womens,lindex,Lindex,INT,womens,L,,bust,98,107.5
lindex-int-womens,lindex,Lindex,INT,womens,L,,waist,82,91.5
lindex-int-womens,lindex,Lindex,INT,womens,L,,hip,106,114.8
lindex-int-womens,lindex,Lindex,INT,womens,XL,,bust,107.5,119
lindex-int-womens,lindex,Lindex,INT,womens,XL,,waist,91.5,103
lindex-int-womens,lindex,Lindex,INT,womens,XL,,hip,114.8,124.5
lindex-int-womens,lindex,Lindex,INT,womens,2XL,,bust,119,131
lindex-int-womens,lindex,Lindex,INT,womens,2XL,,waist,103,115
lindex-int-womens,lindex,Lindex,INT,womens,2XL,,hip,124.5,134.5
lindex-int-womens,lindex,Lindex,INT,womens,3XL,,bust,131,143
lindex-int-womens,lindex,Lindex,INT,womens,3XL,,waist,115,127
lindex-int-womens,lindex,Lindex,INT,womens,3XL,,hip,134.5,144.5
lindex-uk-womens,lindex,Lindex,UK,womens,8,,bust,78,82
lindex-uk-womens,lindex,Lindex,UK,womens,8,,waist,62,66
lindex-uk-womens,lindex,Lindex,UK,womens,8,,hip,86,90
lindex-uk-womens,lindex,Lindex,UK,womens,10,,bust,82,86
lindex-uk-womens,lindex,Lindex,UK,womens,10,,waist,66,70
lindex-uk-womens,lindex,Lindex,UK,womens,10,,hip,90,94
lindex-uk-womens,lindex,Lindex,UK,womens,12,,bust,86,90
lindex-uk-womens,lindex,Lindex,UK,womens,12,,waist,70,74
lindex-uk-womens,lindex,Lindex,UK,womens,12,,hip,94,98
lindex-uk-womens,lindex,Lindex,UK,womens,14,,bust,90,94
lindex-uk-womens,lindex,Lindex,UK,womens,14,,waist,74,78
lindex-uk-womens,lindex,Lindex,UK,womens,14,,hip,98,102
lindex-uk-womens,lindex,Lindex,UK,womens,16,,bust,94,98
lindex-uk-womens,lindex,Lindex,UK,womens,16,,waist,78,82
lindex-uk-womens,lindex,Lindex,UK,womens,16,,hip,102,106
lindex-uk-womens,lindex,Lindex,UK,womens,18,,bust,98,102
lindex-uk-womens,lindex,Lindex,UK,womens,18,,waist,82,86
lindex-uk-womens,lindex,Lindex,UK,womens,18,,hip,106,110
lindex-uk-womens,lindex,Lindex,UK,womens,20,,bust,102,107
lindex-uk-womens,lindex,Lindex,UK,womens,20,,waist,86,91
lindex-uk-womens,lindex,Lindex,UK,womens,20,,hip,110,114.5
lindex-uk-womens,lindex,Lindex,UK,womens,22,,bust,107,113
lindex-uk-womens,lindex,Lindex,UK,womens,22,,waist,91,97
lindex-uk-womens,lindex,Lindex,UK,womens,22,,hip,114.5,119.5
lindex-uk-womens,lindex,Lindex,UK,womens,24,,bust,113,119
lindex-uk-womens,lindex,Lindex,UK,womens,24,,waist,97,103
lindex-uk-womens,lindex,Lindex,UK,womens,24,,hip,119.5,124.5
lindex-uk-womens,lindex,Lindex,UK,womens,26,,bust,119,125
lindex-uk-womens,lindex,Lindex,UK,womens,26,,waist,103,109
lindex-uk-womens,lindex,Lindex,UK,womens,26,,hip,124.5,129.5
lindex-uk-womens,lindex,Lindex,UK,womens,28,,bust,125,131
lindex-uk-womens,lindex,Lindex,UK,womens,28,,waist,109,115
lindex-uk-womens,lindex,Lindex,UK,womens,28,,hip,129.5,134.5
lindex-uk-womens,lindex,Lindex,UK,womens,30,,bust,131,137
lindex-uk-womens,lindex,Lindex,UK,womens,30,,waist,115,121
lindex-uk-womens,lindex,Lindex,UK,womens,30,,hip,134.5,139.5
lindex-uk-womens,lindex,Lindex,UK,womens,32,,bust,137,143
lindex-uk-womens,lindex,Lindex,UK,womens,32,,waist,121,127
lindex-uk-womens,lindex,Lindex,UK,womens,32,,hip,139.5,144.5
gina-tricot-eu-womens,gina-tricot,Gina Tricot,EU,womens,32,,bust,78,82
gina-tricot-eu-womens,gina-tricot,Gina Tricot,EU,womens,32,,waist,60,64
gina-tricot-eu-womens,gina-tricot,Gina Tricot,EU,womens,32,,hip,85,89
gina-tricot-eu-womens,gina-tricot,Gina Tricot,EU,womens,34,,bust,82,86
gina-tricot-eu-womens,gina-tricot,Gina Tricot,EU,womens,34,,waist,64,68
gina-tricot-eu-womens,gina-tricot,Gina Tricot,EU,womens,34,,hip,89,93
gina-tricot-eu-womens,gina-tricot,Gina Tricot,EU,womens,36,,bust,86,90
gina-tricot-eu-womens,gina-tricot,Gina Tricot,EU,womens,36,,waist,68,72
gina-tricot-eu-womens,gina-tricot,Gina Tricot,EU,womens,36,,hip,93,97
gina-tricot-eu-womens,gina-tricot,Gina Tricot,EU,womens,38,,bust,90,94
gina-tricot-eu-womens,gina-tricot,Gina Tricot,EU,womens,38,,waist,72,76
gina-tricot-eu-womens,gina-tricot,Gina Tricot,EU,womens,38,,hip,97,101
gina-tricot-eu-womens,gina-tricot,Gina Tricot,EU,womens,40,,bust,94,98
gina-tricot-eu-womens,gina-tricot,Gina Tricot,EU,womens,40,,waist,76,80
gina-tricot-eu-womens,gina-tricot,Gina Tricot,EU,womens,40,,hip,101,105
gina-tricot-eu-womens,gina-tricot,Gina Tricot,EU,womens,42,,bust,98,102
gina-tricot-eu-womens,gina-tricot,Gina Tricot,EU,womens,42,,waist,80,84
gina-tricot-eu-womens,gina-tricot,Gina Tricot,EU,womens,42,,hip,105,109
gina-tricot-eu-womens,gina-tricot,Gina Tricot,EU,womens,44,,bust,102,106
gina-tricot-eu-womens,gina-tricot,Gina Tricot,EU,womens,44,,waist,84,88
gina-tricot-eu-womens,gina-tricot,Gina Tricot,EU,womens,44,,hip,109,113
gina-tricot-int-womens,gina-tricot,Gina Tricot,INT,womens,XXS,,bust,74,76
gina-tricot-int-womens,gina-tricot,Gina Tricot,INT,womens,XXS,,waist,56,58
gina-tricot-int-womens,gina-tricot,Gina Tricot,INT,womens,XXS,,hip,81,83
gina-tricot-int-womens,gina-tricot,Gina Tricot,INT,womens,XS,,bust,80,82
gina-tricot-int-womens,gina-tricot,Gina Tricot,INT,womens,XS,,waist,62,64
gina-tricot-int-womens,gina-tricot,Gina Tricot,INT,womens,XS,,hip,87,89
gina-tricot-int-womens,gina-tricot,Gina Tricot,INT,womens,S,,bust,86,88
gina-tricot-int-womens,gina-tricot,Gina Tricot,INT,womens,S,,waist,68,70
gina-tricot-int-womens,gina-tricot,Gina Tricot,INT,womens,S,,hip,93,95
gina-tricot-int-womens,gina-tricot,Gina Tricot,INT,womens,M,,bust,92,94
gina-tricot-int-womens,gina-tricot,Gina Tricot,INT,womens,M,,waist,74,76
gina-tricot-int-womens,gina-tricot,Gina Tricot,INT,womens,M,,hip,99,101
gina-tricot-int-womens,gina-tricot,Gina Tricot,INT,womens,L,,bust,98,100
gina-tricot-int-womens,gina-tricot,Gina Tricot,INT,womens,L,,waist,80,82
gina-tricot-int-womens,gina-tricot,Gina Tricot,INT,womens,L,,hip,105,107
gina-tricot-int-womens,gina-tricot,Gina Tricot,INT,womens,XL,,bust,104,106
gina-tricot-int-womens,gina-tricot,Gina Tricot,INT,womens,XL,,waist,86,88
gina-tricot-int-womens,gina-tricot,Gina Tricot,INT,womens,XL,,hip,111,113
gina-tricot-int-womens,gina-tricot,Gina Tricot,INT,womens,XXL,,bust,110,112
gina-tricot-int-womens,gina-tricot,Gina Tricot,INT,womens,XXL,,waist,92,94
gina-tricot-int-womens,gina-tricot,Gina Tricot,INT,womens,XXL,,hip,117,119
bik-bok-eu-womens,bik-bok,Bik Bok,EU,womens,34,,bust,78,81
bik-bok-eu-womens,bik-bok,Bik Bok,EU,womens,34,,waist,62,65
bik-bok-eu-womens,bik-bok,Bik Bok,EU,womens,34,,hip,86,89
bik-bok-eu-womens,bik-bok,Bik Bok,EU,womens,36,,bust,82,85
bik-bok-eu-womens,bik-bok,Bik Bok,EU,womens,36,,waist,66,69
bik-bok-eu-womens,bik-bok,Bik Bok,EU,womens,36,,hip,90,93
bik-bok-eu-womens,bik-bok,Bik Bok,EU,womens,38,,bust,86,89
bik-bok-eu-womens,bik-bok,Bik Bok,EU,womens,38,,waist,70,73
bik-bok-eu-womens,bik-bok,Bik Bok,EU,womens,38,,hip,94,97
bik-bok-eu-womens,bik-bok,Bik Bok,EU,womens,40,,bust,90,93
bik-bok-eu-womens,bik-bok,Bik Bok,EU,womens,40,,waist,74,77
bik-bok-eu-womens,bik-bok,Bik Bok,EU,womens,40,,hip,98,101
bik-bok-eu-womens,bik-bok,Bik Bok,EU,womens,42,,bust,94,97
bik-bok-eu-womens,bik-bok,Bik Bok,EU,womens,42,,waist,78,81
bik-bok-eu-womens,bik-bok,Bik Bok,EU,womens,42,,hip,102,105
bik-bok-eu-womens,bik-bok,Bik Bok,EU,womens,44,,bust,98,101
bik-bok-eu-womens,bik-bok,Bik Bok,EU,womens,44,,waist,82,85
bik-bok-eu-womens,bik-bok,Bik Bok,EU,womens,44,,hip,106,109
bik-bok-eu-womens,bik-bok,Bik Bok,EU,womens,46,,bust,103,107
bik-bok-eu-womens,bik-bok,Bik Bok,EU,womens,46,,waist,87,91
bik-bok-eu-womens,bik-bok,Bik Bok,EU,womens,46,,hip,111,115
bik-bok-eu-womens,bik-bok,Bik Bok,EU,womens,48,,bust,108,112
bik-bok-eu-womens,bik-bok,Bik Bok,EU,womens,48,,waist,92,96
bik-bok-eu-womens,bik-bok,Bik Bok,EU,womens,48,,hip,116,120
bik-bok-int-womens,bik-bok,Bik Bok,INT,womens,XS,,bust,80,84
bik-bok-int-womens,bik-bok,Bik Bok,INT,womens,XS,,waist,64,68
bik-bok-int-womens,bik-bok,Bik Bok,INT,womens,XS,,hip,88,92
bik-bok-int-womens,bik-bok,Bik Bok,INT,womens,S,,bust,86,90
bik-bok-int-womens,bik-bok,Bik Bok,INT,womens,S,,waist,70,74
bik-bok-int-womens,bik-bok,Bik Bok,INT,womens,S,,hip,94,98
bik-bok-int-womens,bik-bok,Bik Bok,INT,womens,M,,bust,92,96
bik-bok-int-womens,bik-bok,Bik Bok,INT,womens,M,,waist,76,80
bik-bok-int-womens,bik-bok,Bik Bok,INT,womens,M,,hip,100,104
bik-bok-int-womens,bik-bok,Bik Bok,INT,womens,L,,bust,99,105
bik-bok-int-womens,bik-bok,Bik Bok,INT,womens,L,,waist,83,89
bik-bok-int-womens,bik-bok,Bik Bok,INT,womens,L,,hip,107,113
bik-bok-int-womens,bik-bok,Bik Bok,INT,womens,XL,,bust,107,113
bik-bok-int-womens,bik-bok,Bik Bok,INT,womens,XL,,waist,91,97
bik-bok-int-womens,bik-bok,Bik Bok,INT,womens,XL,,hip,115,121
cubus-eu-womens,cubus,Cubus,EU,womens,34,,bust,78,81
cubus-eu-womens,cubus,Cubus,EU,womens,34,,waist,62,65
cubus-eu-womens,cubus,Cubus,EU,womens,34,,hip,86,89
cubus-eu-womens,cubus,Cubus,EU,womens,36,,bust,82,85
cubus-eu-womens,cubus,Cubus,EU,womens,36,,waist,66,69
cubus-eu-womens,cubus,Cubus,EU,womens,36,,hip,90,93
cubus-eu-womens,cubus,Cubus,EU,womens,38,,bust,86,89
cubus-eu-womens,cubus,Cubus,EU,womens,38,,waist,70,73
cubus-eu-womens,cubus,Cubus,EU,womens,38,,hip,94,97
cubus-eu-womens,cubus,Cubus,EU,womens,40,,bust,90,93
cubus-eu-womens,cubus,Cubus,EU,womens,40,,waist,74,77
cubus-eu-womens,cubus,Cubus,EU,womens,40,,hip,98,101
cubus-eu-womens,cubus,Cubus,EU,womens,42,,bust,94,97
cubus-eu-womens,cubus,Cubus,EU,womens,42,,waist,78,81
cubus-eu-womens,cubus,Cubus,EU,womens,42,,hip,102,105
cubus-eu-womens,cubus,Cubus,EU,womens,44,,bust,98,101
cubus-eu-womens,cubus,Cubus,EU,womens,44,,waist,82,85
cubus-eu-womens,cubus,Cubus,EU,womens,44,,hip,106,109
cubus-eu-womens,cubus,Cubus,EU,womens,46,,bust,102,107
cubus-eu-womens,cubus,Cubus,EU,womens,46,,waist,86,91
cubus-eu-womens,cubus,Cubus,EU,womens,46,,hip,110,114
cubus-eu-womens,cubus,Cubus,EU,womens,48,,bust,108,113
cubus-eu-womens,cubus,Cubus,EU,womens,48,,waist,92,97
cubus-eu-womens,cubus,Cubus,EU,womens,48,,hip,115,119
cubus-eu-womens,cubus,Cubus,EU,womens,50,,bust,114,119
cubus-eu-womens,cubus,Cubus,EU,womens,50,,waist,98,103
cubus-eu-womens,cubus,Cubus,EU,womens,50,,hip,120,124
cubus-eu-womens,cubus,Cubus,EU,womens,52,,bust,120,125
cubus-eu-womens,cubus,Cubus,EU,womens,52,,waist,104,109
cubus-eu-womens,cubus,Cubus,EU,womens,52,,hip,125,129
cubus-eu-womens,cubus,Cubus,EU,womens,54,,bust,126,131
cubus-eu-womens,cubus,Cubus,EU,womens,54,,waist,110,115
cubus-eu-womens,cubus,Cubus,EU,womens,54,,hip,130,135
cubus-eu-womens,cubus,Cubus,EU,womens,56,,bust,132,137
cubus-eu-womens,cubus,Cubus,EU,womens,56,,waist,116,121
cubus-eu-womens,cubus,Cubus,EU,womens,56,,hip,136,141
cubus-int-womens-g1,cubus,Cubus,INT,womens,XS,,bust,80,84
cubus-int-womens-g1,cubus,Cubus,INT,womens,XS,,waist,64,68
cubus-int-womens-g1,cubus,Cubus,INT,womens,XS,,hip,88,92
cubus-int-womens-g1,cubus,Cubus,INT,womens,S,,bust,85,90
cubus-int-womens-g1,cubus,Cubus,INT,womens,S,,waist,69,74
cubus-int-womens-g1,cubus,Cubus,INT,womens,S,,hip,93,98
cubus-int-womens-g1,cubus,Cubus,INT,womens,M,,bust,91,97
cubus-int-womens-g1,cubus,Cubus,INT,womens,M,,waist,75,81
cubus-int-womens-g1,cubus,Cubus,INT,womens,M,,hip,99,105
cubus-int-womens-g1,cubus,Cubus,INT,womens,L,,bust,98,105
cubus-int-womens-g1,cubus,Cubus,INT,womens,L,,waist,82,89
cubus-int-womens-g1,cubus,Cubus,INT,womens,L,,hip,106,113
cubus-int-womens-g1,cubus,Cubus,INT,womens,XL,,bust,106,116
cubus-int-womens-g1,cubus,Cubus,INT,womens,XL,,waist,90,100
cubus-int-womens-g1,cubus,Cubus,INT,womens,XL,,hip,114,122
cubus-int-womens-g1,cubus,Cubus,INT,womens,2XL,,bust,117,126
cubus-int-womens-g1,cubus,Cubus,INT,womens,2XL,,waist,101,111
cubus-int-womens-g1,cubus,Cubus,INT,womens,2XL,,hip,123,132
cubus-int-womens-g1,cubus,Cubus,INT,womens,3XL,,bust,128,138
cubus-int-womens-g1,cubus,Cubus,INT,womens,3XL,,waist,112,122
cubus-int-womens-g1,cubus,Cubus,INT,womens,3XL,,hip,133,142
cubus-int-mens-g2,cubus,Cubus,INT,mens,S,,bust,88,94
cubus-int-mens-g2,cubus,Cubus,INT,mens,S,,waist,76,82
cubus-int-mens-g2,cubus,Cubus,INT,mens,S,,hip,89,95
cubus-int-mens-g2,cubus,Cubus,INT,mens,M,,bust,95,102
cubus-int-mens-g2,cubus,Cubus,INT,mens,M,,waist,83,90
cubus-int-mens-g2,cubus,Cubus,INT,mens,M,,hip,96,103
cubus-int-mens-g2,cubus,Cubus,INT,mens,L,,bust,103,110
cubus-int-mens-g2,cubus,Cubus,INT,mens,L,,waist,91,98
cubus-int-mens-g2,cubus,Cubus,INT,mens,L,,hip,104,111
cubus-int-mens-g2,cubus,Cubus,INT,mens,XL,,bust,111,118
cubus-int-mens-g2,cubus,Cubus,INT,mens,XL,,waist,99,107
cubus-int-mens-g2,cubus,Cubus,INT,mens,XL,,hip,112,119
cubus-int-mens-g2,cubus,Cubus,INT,mens,2XL,,bust,119,126
cubus-int-mens-g2,cubus,Cubus,INT,mens,2XL,,waist,108,116
cubus-int-mens-g2,cubus,Cubus,INT,mens,2XL,,hip,120,127
cubus-int-mens-g2,cubus,Cubus,INT,mens,3XL,,bust,127,132
cubus-int-mens-g2,cubus,Cubus,INT,mens,3XL,,waist,117,123
cubus-int-mens-g2,cubus,Cubus,INT,mens,3XL,,hip,128,133
cubus-uk-mens,cubus,Cubus,UK,mens,27,S,waist,75.3,77.8
cubus-uk-mens,cubus,Cubus,UK,mens,28,S,waist,77.8,80.3
cubus-uk-mens,cubus,Cubus,UK,mens,29,S,waist,80.3,82.8
cubus-uk-mens,cubus,Cubus,UK,mens,30,M,waist,82.8,85.3
cubus-uk-mens,cubus,Cubus,UK,mens,31,M,waist,85.3,87.8
cubus-uk-mens,cubus,Cubus,UK,mens,32,M,waist,87.8,90.5
cubus-uk-mens,cubus,Cubus,UK,mens,33,L,waist,90.5,93
cubus-uk-mens,cubus,Cubus,UK,mens,34,L,waist,93,97
cubus-uk-mens,cubus,Cubus,UK,mens,36,XL,waist,97,102
cubus-uk-mens,cubus,Cubus,UK,mens,38,XL,waist,102,106.5
cubus-uk-mens,cubus,Cubus,UK,mens,40,2XL,waist,106.5,110.5
cubus-uk-mens,cubus,Cubus,UK,mens,42,3XL,waist,110.5,115
cubus-uk-mens,cubus,Cubus,UK,mens,44,3XL,waist,115,121
lc-waikiki-eu-mens,lc-waikiki,LC Waikiki,EU,mens,46,XS,bust,83,89
lc-waikiki-eu-mens,lc-waikiki,LC Waikiki,EU,mens,46,XS,waist,80.5,85.5
lc-waikiki-eu-mens,lc-waikiki,LC Waikiki,EU,mens,46,XS,hip,90.5,95.5
lc-waikiki-eu-mens,lc-waikiki,LC Waikiki,EU,mens,48,S,bust,89,95
lc-waikiki-eu-mens,lc-waikiki,LC Waikiki,EU,mens,48,S,waist,85.5,90.5
lc-waikiki-eu-mens,lc-waikiki,LC Waikiki,EU,mens,48,S,hip,95.5,100.5
lc-waikiki-eu-mens,lc-waikiki,LC Waikiki,EU,mens,50,M,bust,95,101
lc-waikiki-eu-mens,lc-waikiki,LC Waikiki,EU,mens,50,M,waist,90.5,95.5
lc-waikiki-eu-mens,lc-waikiki,LC Waikiki,EU,mens,50,M,hip,100.5,105.5
lc-waikiki-eu-mens,lc-waikiki,LC Waikiki,EU,mens,52,L,bust,101,107
lc-waikiki-eu-mens,lc-waikiki,LC Waikiki,EU,mens,52,L,waist,95.5,101
lc-waikiki-eu-mens,lc-waikiki,LC Waikiki,EU,mens,52,L,hip,105.5,111
lc-waikiki-eu-mens,lc-waikiki,LC Waikiki,EU,mens,54,XL,bust,107,114
lc-waikiki-eu-mens,lc-waikiki,LC Waikiki,EU,mens,54,XL,waist,101,108
lc-waikiki-eu-mens,lc-waikiki,LC Waikiki,EU,mens,54,XL,hip,111,117
lc-waikiki-eu-mens,lc-waikiki,LC Waikiki,EU,mens,56,XXL,bust,114,122
lc-waikiki-eu-mens,lc-waikiki,LC Waikiki,EU,mens,56,XXL,waist,108,116
lc-waikiki-eu-mens,lc-waikiki,LC Waikiki,EU,mens,56,XXL,hip,117,123
lc-waikiki-eu-mens,lc-waikiki,LC Waikiki,EU,mens,58,3XL,bust,122,130
lc-waikiki-eu-mens,lc-waikiki,LC Waikiki,EU,mens,58,3XL,waist,116,124
lc-waikiki-eu-mens,lc-waikiki,LC Waikiki,EU,mens,58,3XL,hip,123,129
lc-waikiki-eu-mens,lc-waikiki,LC Waikiki,EU,mens,60,4XL,bust,130,138
lc-waikiki-eu-mens,lc-waikiki,LC Waikiki,EU,mens,60,4XL,waist,124,132
lc-waikiki-eu-mens,lc-waikiki,LC Waikiki,EU,mens,60,4XL,hip,129,135
lc-waikiki-eu-mens,lc-waikiki,LC Waikiki,EU,mens,62,5XL,bust,138,146
lc-waikiki-eu-mens,lc-waikiki,LC Waikiki,EU,mens,62,5XL,waist,132,140
lc-waikiki-eu-mens,lc-waikiki,LC Waikiki,EU,mens,62,5XL,hip,135,141
lc-waikiki-int-mens,lc-waikiki,LC Waikiki,INT,mens,XS,,bust,90,94
lc-waikiki-int-mens,lc-waikiki,LC Waikiki,INT,mens,XS,,waist,84,88
lc-waikiki-int-mens,lc-waikiki,LC Waikiki,INT,mens,XS,,hip,87,93
lc-waikiki-int-mens,lc-waikiki,LC Waikiki,INT,mens,S,,bust,94,98
lc-waikiki-int-mens,lc-waikiki,LC Waikiki,INT,mens,S,,waist,88,92
lc-waikiki-int-mens,lc-waikiki,LC Waikiki,INT,mens,S,,hip,93,99
lc-waikiki-int-mens,lc-waikiki,LC Waikiki,INT,mens,M,,bust,98,102
lc-waikiki-int-mens,lc-waikiki,LC Waikiki,INT,mens,M,,waist,92,96
lc-waikiki-int-mens,lc-waikiki,LC Waikiki,INT,mens,M,,hip,99,105
lc-waikiki-int-mens,lc-waikiki,LC Waikiki,INT,mens,L,,bust,102,107
lc-waikiki-int-mens,lc-waikiki,LC Waikiki,INT,mens,L,,waist,96,101
lc-waikiki-int-mens,lc-waikiki,LC Waikiki,INT,mens,L,,hip,105,111
lc-waikiki-int-mens,lc-waikiki,LC Waikiki,INT,mens,XL,,bust,107,114
lc-waikiki-int-mens,lc-waikiki,LC Waikiki,INT,mens,XL,,waist,101,108
lc-waikiki-int-mens,lc-waikiki,LC Waikiki,INT,mens,XL,,hip,111,117
lc-waikiki-int-mens,lc-waikiki,LC Waikiki,INT,mens,XXL,,bust,114,122
lc-waikiki-int-mens,lc-waikiki,LC Waikiki,INT,mens,XXL,,waist,108,116
lc-waikiki-int-mens,lc-waikiki,LC Waikiki,INT,mens,XXL,,hip,117,123
lc-waikiki-int-mens,lc-waikiki,LC Waikiki,INT,mens,3XL,,bust,122,130
lc-waikiki-int-mens,lc-waikiki,LC Waikiki,INT,mens,3XL,,waist,116,124
lc-waikiki-int-mens,lc-waikiki,LC Waikiki,INT,mens,3XL,,hip,123,129
lc-waikiki-int-mens,lc-waikiki,LC Waikiki,INT,mens,4XL,,bust,130,138
lc-waikiki-int-mens,lc-waikiki,LC Waikiki,INT,mens,4XL,,waist,124,132
lc-waikiki-int-mens,lc-waikiki,LC Waikiki,INT,mens,4XL,,hip,129,135
koton-eu-womens-g0,koton,Koton,EU,womens,32,,bust,75,79
koton-eu-womens-g0,koton,Koton,EU,womens,32,,waist,60.5,63.5
koton-eu-womens-g0,koton,Koton,EU,womens,32,,hip,85,89
koton-eu-womens-g0,koton,Koton,EU,womens,34,,bust,79,83
koton-eu-womens-g0,koton,Koton,EU,womens,34,,waist,63.5,67
koton-eu-womens-g0,koton,Koton,EU,womens,34,,hip,89,93
koton-eu-womens-g0,koton,Koton,EU,womens,36,,bust,83,87
koton-eu-womens-g0,koton,Koton,EU,womens,36,,waist,67,71
koton-eu-womens-g0,koton,Koton,EU,womens,36,,hip,93,96.5
koton-eu-womens-g0,koton,Koton,EU,womens,38,,bust,87,91
koton-eu-womens-g0,koton,Koton,EU,womens,38,,waist,71,75
koton-eu-womens-g0,koton,Koton,EU,womens,38,,hip,96.5,100
koton-eu-womens-g0,koton,Koton,EU,womens,40,,bust,91,95
koton-eu-womens-g0,koton,Koton,EU,womens,40,,waist,75,79
koton-eu-womens-g0,koton,Koton,EU,womens,40,,hip,100,104
koton-eu-womens-g0,koton,Koton,EU,womens,42,,bust,95,99.5
koton-eu-womens-g0,koton,Koton,EU,womens,42,,waist,79,83.5
koton-eu-womens-g0,koton,Koton,EU,womens,42,,hip,104,108
koton-eu-womens-g0,koton,Koton,EU,womens,44,,bust,99.5,104.5
koton-eu-womens-g0,koton,Koton,EU,womens,44,,waist,83.5,88.5
koton-eu-womens-g0,koton,Koton,EU,womens,44,,hip,108,112.5
koton-eu-womens-g0,koton,Koton,EU,womens,46,,bust,104.5,109.5
koton-eu-womens-g0,koton,Koton,EU,womens,46,,waist,88.5,93.5
koton-eu-womens-g0,koton,Koton,EU,womens,46,,hip,112.5,117.5
koton-eu-mens-g2,koton,Koton,EU,mens,36,,waist,71,75
koton-eu-mens-g2,koton,Koton,EU,mens,36,,hip,88,92
koton-eu-mens-g2,koton,Koton,EU,mens,38,,waist,75,79
koton-eu-mens-g2,koton,Koton,EU,mens,38,,hip,92,96
koton-eu-mens-g2,koton,Koton,EU,mens,40,,waist,79,83
koton-eu-mens-g2,koton,Koton,EU,mens,40,,hip,96,100
koton-eu-mens-g2,koton,Koton,EU,mens,42,,waist,83,87
koton-eu-mens-g2,koton,Koton,EU,mens,42,,hip,100,104
koton-eu-mens-g2,koton,Koton,EU,mens,44,,waist,87,91
koton-eu-mens-g2,koton,Koton,EU,mens,44,,hip,104,108
koton-eu-mens-g2,koton,Koton,EU,mens,46,,waist,91,95
koton-eu-mens-g2,koton,Koton,EU,mens,46,,hip,108,112
koton-eu-mens-g2,koton,Koton,EU,mens,48,,waist,95,99
koton-eu-mens-g2,koton,Koton,EU,mens,48,,hip,112,116
koton-eu-mens-g2,koton,Koton,EU,mens,50,,waist,99,103
koton-eu-mens-g2,koton,Koton,EU,mens,50,,hip,116,120
koton-eu-mens-g2,koton,Koton,EU,mens,52,,waist,103,107
koton-eu-mens-g2,koton,Koton,EU,mens,52,,hip,120,124
koton-int-womens,koton,Koton,INT,womens,XXS,XXS,bust,75,79
koton-int-womens,koton,Koton,INT,womens,XXS,XXS,waist,60.5,63.5
koton-int-womens,koton,Koton,INT,womens,XXS,XXS,hip,85,89
koton-int-womens,koton,Koton,INT,womens,XS,XS,bust,79,83
koton-int-womens,koton,Koton,INT,womens,XS,XS,waist,63.5,67
koton-int-womens,koton,Koton,INT,womens,XS,XS,hip,89,93
koton-int-womens,koton,Koton,INT,womens,S,S,bust,83,87
koton-int-womens,koton,Koton,INT,womens,S,S,waist,67,71
koton-int-womens,koton,Koton,INT,womens,S,S,hip,93,96.5
koton-int-womens,koton,Koton,INT,womens,M,M,bust,87,91
koton-int-womens,koton,Koton,INT,womens,M,M,waist,71,75
koton-int-womens,koton,Koton,INT,womens,M,M,hip,96.5,100
koton-int-womens,koton,Koton,INT,womens,L,L,bust,91,95
koton-int-womens,koton,Koton,INT,womens,L,L,waist,75,79
koton-int-womens,koton,Koton,INT,womens,L,L,hip,100,104
koton-int-womens,koton,Koton,INT,womens,XL,XL,bust,95,99.5
koton-int-womens,koton,Koton,INT,womens,XL,XL,waist,79,83.5
koton-int-womens,koton,Koton,INT,womens,XL,XL,hip,104,108
koton-int-womens,koton,Koton,INT,womens,XXL,XXL,bust,99.5,104.5
koton-int-womens,koton,Koton,INT,womens,XXL,XXL,waist,83.5,88.5
koton-int-womens,koton,Koton,INT,womens,XXL,XXL,hip,108,112.5
koton-int-womens,koton,Koton,INT,womens,3XL,3XL,bust,104.5,109.5
koton-int-womens,koton,Koton,INT,womens,3XL,3XL,waist,88.5,93.5
koton-int-womens,koton,Koton,INT,womens,3XL,3XL,hip,112.5,117.5
koton-uk-mens,koton,Koton,UK,mens,29,,waist,78,80
koton-uk-mens,koton,Koton,UK,mens,29,,hip,95,97
koton-uk-mens,koton,Koton,UK,mens,30,,waist,80,82
koton-uk-mens,koton,Koton,UK,mens,30,,hip,97,99
koton-uk-mens,koton,Koton,UK,mens,31,,waist,82,84
koton-uk-mens,koton,Koton,UK,mens,31,,hip,99,101
koton-uk-mens,koton,Koton,UK,mens,32,,waist,84,86
koton-uk-mens,koton,Koton,UK,mens,32,,hip,101,103
defacto-eu-womens-g1,defacto,DeFacto,EU,womens,32,,bust,76,78
defacto-eu-womens-g1,defacto,DeFacto,EU,womens,32,,waist,58,60
defacto-eu-womens-g1,defacto,DeFacto,EU,womens,32,,hip,86,86
defacto-eu-womens-g1,defacto,DeFacto,EU,womens,34,,bust,80,82
defacto-eu-womens-g1,defacto,DeFacto,EU,womens,34,,waist,62,64
defacto-eu-womens-g1,defacto,DeFacto,EU,womens,34,,hip,90,90
defacto-eu-womens-g1,defacto,DeFacto,EU,womens,36,,bust,84,86
defacto-eu-womens-g1,defacto,DeFacto,EU,womens,36,,waist,66,68
defacto-eu-womens-g1,defacto,DeFacto,EU,womens,36,,hip,94,94
defacto-eu-womens-g1,defacto,DeFacto,EU,womens,38,,bust,88,90
defacto-eu-womens-g1,defacto,DeFacto,EU,womens,38,,waist,70,72
defacto-eu-womens-g1,defacto,DeFacto,EU,womens,38,,hip,98,98
defacto-eu-womens-g1,defacto,DeFacto,EU,womens,40,,bust,93,95
defacto-eu-womens-g1,defacto,DeFacto,EU,womens,40,,waist,75,77
defacto-eu-womens-g1,defacto,DeFacto,EU,womens,40,,hip,103,103
defacto-eu-womens-g1,defacto,DeFacto,EU,womens,42,,bust,99,101
defacto-eu-womens-g1,defacto,DeFacto,EU,womens,42,,waist,81,83
defacto-eu-womens-g1,defacto,DeFacto,EU,womens,42,,hip,109,109
defacto-eu-womens-g1,defacto,DeFacto,EU,womens,44,,bust,106,108
defacto-eu-womens-g1,defacto,DeFacto,EU,womens,44,,waist,88,90
defacto-eu-womens-g1,defacto,DeFacto,EU,womens,44,,hip,116,116
defacto-eu-womens-g1,defacto,DeFacto,EU,womens,46,,bust,113,115
defacto-eu-womens-g1,defacto,DeFacto,EU,womens,46,,waist,95,97
defacto-eu-womens-g1,defacto,DeFacto,EU,womens,46,,hip,123,123
defacto-eu-womens-g1,defacto,DeFacto,EU,womens,48,,bust,120,122
defacto-eu-womens-g1,defacto,DeFacto,EU,womens,48,,waist,102,104
defacto-eu-womens-g1,defacto,DeFacto,EU,womens,48,,hip,130,130
defacto-eu-womens-g1,defacto,DeFacto,EU,womens,50,,bust,128,129
defacto-eu-womens-g1,defacto,DeFacto,EU,womens,50,,waist,109,111
defacto-eu-womens-g1,defacto,DeFacto,EU,womens,50,,hip,137,137
defacto-eu-mens-g7,defacto,DeFacto,EU,mens,46,,bust,87,89
defacto-eu-mens-g7,defacto,DeFacto,EU,mens,46,,waist,78,80
defacto-eu-mens-g7,defacto,DeFacto,EU,mens,46,,hip,94,94
defacto-eu-mens-g7,defacto,DeFacto,EU,mens,48,,bust,93,95
defacto-eu-mens-g7,defacto,DeFacto,EU,mens,48,,waist,82,84
defacto-eu-mens-g7,defacto,DeFacto,EU,mens,48,,hip,98,98
defacto-eu-mens-g7,defacto,DeFacto,EU,mens,50,,bust,99,101
defacto-eu-mens-g7,defacto,DeFacto,EU,mens,50,,waist,88,90
defacto-eu-mens-g7,defacto,DeFacto,EU,mens,50,,hip,102,102
defacto-eu-mens-g7,defacto,DeFacto,EU,mens,52,,bust,105,107
defacto-eu-mens-g7,defacto,DeFacto,EU,mens,52,,waist,92,94
defacto-eu-mens-g7,defacto,DeFacto,EU,mens,52,,hip,106,106
defacto-eu-mens-g7,defacto,DeFacto,EU,mens,54,,bust,112,114
defacto-eu-mens-g7,defacto,DeFacto,EU,mens,54,,waist,98,100
defacto-eu-mens-g7,defacto,DeFacto,EU,mens,54,,hip,112,112
defacto-eu-mens-g7,defacto,DeFacto,EU,mens,56,,bust,120,122
defacto-eu-mens-g7,defacto,DeFacto,EU,mens,56,,waist,104,106
defacto-eu-mens-g7,defacto,DeFacto,EU,mens,56,,hip,117,117
defacto-eu-mens-g7,defacto,DeFacto,EU,mens,58,,bust,128,130
defacto-eu-mens-g7,defacto,DeFacto,EU,mens,58,,waist,110,112
defacto-eu-mens-g7,defacto,DeFacto,EU,mens,58,,hip,121,121
defacto-eu-mens-g7,defacto,DeFacto,EU,mens,60,,bust,136,138
defacto-eu-mens-g7,defacto,DeFacto,EU,mens,60,,waist,116,118
defacto-eu-mens-g7,defacto,DeFacto,EU,mens,60,,hip,125,125
defacto-eu-mens-g7,defacto,DeFacto,EU,mens,62,,bust,144,147
defacto-eu-mens-g7,defacto,DeFacto,EU,mens,62,,waist,122,124
defacto-eu-mens-g7,defacto,DeFacto,EU,mens,62,,hip,129,129
defacto-int-womens-g4,defacto,DeFacto,INT,womens,XXS,,bust,76,78
defacto-int-womens-g4,defacto,DeFacto,INT,womens,XXS,,waist,58,60
defacto-int-womens-g4,defacto,DeFacto,INT,womens,XXS,,hip,86,86
defacto-int-womens-g4,defacto,DeFacto,INT,womens,XS,,bust,80,82
defacto-int-womens-g4,defacto,DeFacto,INT,womens,XS,,waist,62,64
defacto-int-womens-g4,defacto,DeFacto,INT,womens,XS,,hip,90,90
defacto-int-womens-g4,defacto,DeFacto,INT,womens,S,,bust,84,86
defacto-int-womens-g4,defacto,DeFacto,INT,womens,S,,waist,66,68
defacto-int-womens-g4,defacto,DeFacto,INT,womens,S,,hip,94,94
defacto-int-womens-g4,defacto,DeFacto,INT,womens,M,,bust,88,90
defacto-int-womens-g4,defacto,DeFacto,INT,womens,M,,waist,70,72
defacto-int-womens-g4,defacto,DeFacto,INT,womens,M,,hip,98,98
defacto-int-womens-g4,defacto,DeFacto,INT,womens,L,,bust,93,95
defacto-int-womens-g4,defacto,DeFacto,INT,womens,L,,waist,75,77
defacto-int-womens-g4,defacto,DeFacto,INT,womens,L,,hip,103,103
defacto-int-womens-g4,defacto,DeFacto,INT,womens,XL,,bust,99,101
defacto-int-womens-g4,defacto,DeFacto,INT,womens,XL,,waist,81,83
defacto-int-womens-g4,defacto,DeFacto,INT,womens,XL,,hip,109,109
defacto-int-womens-g4,defacto,DeFacto,INT,womens,XXL,,bust,106,108
defacto-int-womens-g4,defacto,DeFacto,INT,womens,XXL,,waist,88,90
defacto-int-womens-g4,defacto,DeFacto,INT,womens,XXL,,hip,116,116
defacto-int-womens-g4,defacto,DeFacto,INT,womens,3XL,,bust,113,115
defacto-int-womens-g4,defacto,DeFacto,INT,womens,3XL,,waist,95,97
defacto-int-womens-g4,defacto,DeFacto,INT,womens,3XL,,hip,123,123
defacto-int-womens-g4,defacto,DeFacto,INT,womens,4XL,,bust,120,122
defacto-int-womens-g4,defacto,DeFacto,INT,womens,4XL,,waist,102,104
defacto-int-womens-g4,defacto,DeFacto,INT,womens,4XL,,hip,130,130
defacto-int-womens-g4,defacto,DeFacto,INT,womens,5XL,,bust,128,129
defacto-int-womens-g4,defacto,DeFacto,INT,womens,5XL,,waist,109,111
defacto-int-womens-g4,defacto,DeFacto,INT,womens,5XL,,hip,137,137
defacto-int-mens-g8,defacto,DeFacto,INT,mens,XS,,bust,87,89
defacto-int-mens-g8,defacto,DeFacto,INT,mens,XS,,waist,78,80
defacto-int-mens-g8,defacto,DeFacto,INT,mens,XS,,hip,94,94
defacto-int-mens-g8,defacto,DeFacto,INT,mens,S,,bust,93,95
defacto-int-mens-g8,defacto,DeFacto,INT,mens,S,,waist,82,84
defacto-int-mens-g8,defacto,DeFacto,INT,mens,S,,hip,98,98
defacto-int-mens-g8,defacto,DeFacto,INT,mens,M,,bust,99,101
defacto-int-mens-g8,defacto,DeFacto,INT,mens,M,,waist,88,90
defacto-int-mens-g8,defacto,DeFacto,INT,mens,M,,hip,102,102
defacto-int-mens-g8,defacto,DeFacto,INT,mens,L,,bust,105,107
defacto-int-mens-g8,defacto,DeFacto,INT,mens,L,,waist,92,94
defacto-int-mens-g8,defacto,DeFacto,INT,mens,L,,hip,106,106
defacto-int-mens-g8,defacto,DeFacto,INT,mens,XL,,bust,112,114
defacto-int-mens-g8,defacto,DeFacto,INT,mens,XL,,waist,98,100
defacto-int-mens-g8,defacto,DeFacto,INT,mens,XL,,hip,112,112
defacto-int-mens-g8,defacto,DeFacto,INT,mens,XXL,,bust,120,122
defacto-int-mens-g8,defacto,DeFacto,INT,mens,XXL,,waist,104,106
defacto-int-mens-g8,defacto,DeFacto,INT,mens,XXL,,hip,117,117
defacto-int-mens-g8,defacto,DeFacto,INT,mens,3XL,,bust,128,130
defacto-int-mens-g8,defacto,DeFacto,INT,mens,3XL,,waist,110,112
defacto-int-mens-g8,defacto,DeFacto,INT,mens,3XL,,hip,121,121
defacto-int-mens-g8,defacto,DeFacto,INT,mens,4XL,,bust,136,138
defacto-int-mens-g8,defacto,DeFacto,INT,mens,4XL,,waist,116,118
defacto-int-mens-g8,defacto,DeFacto,INT,mens,4XL,,hip,125,125
defacto-int-mens-g8,defacto,DeFacto,INT,mens,5XL,,bust,144,147
defacto-int-mens-g8,defacto,DeFacto,INT,mens,5XL,,waist,122,124
defacto-int-mens-g8,defacto,DeFacto,INT,mens,5XL,,hip,129,129
defacto-us-womens,defacto,DeFacto,US,womens,0,,bust,76,78
defacto-us-womens,defacto,DeFacto,US,womens,0,,waist,58,60
defacto-us-womens,defacto,DeFacto,US,womens,0,,hip,86,86
defacto-us-womens,defacto,DeFacto,US,womens,2,,bust,80,82
defacto-us-womens,defacto,DeFacto,US,womens,2,,waist,62,64
defacto-us-womens,defacto,DeFacto,US,womens,2,,hip,90,90
defacto-us-womens,defacto,DeFacto,US,womens,4,,bust,84,86
defacto-us-womens,defacto,DeFacto,US,womens,4,,waist,66,68
defacto-us-womens,defacto,DeFacto,US,womens,4,,hip,94,94
defacto-us-womens,defacto,DeFacto,US,womens,6,,bust,88,90
defacto-us-womens,defacto,DeFacto,US,womens,6,,waist,70,72
defacto-us-womens,defacto,DeFacto,US,womens,6,,hip,98,98
defacto-us-womens,defacto,DeFacto,US,womens,8,,bust,93,95
defacto-us-womens,defacto,DeFacto,US,womens,8,,waist,75,77
defacto-us-womens,defacto,DeFacto,US,womens,8,,hip,103,103
defacto-us-womens,defacto,DeFacto,US,womens,10,,bust,99,101
defacto-us-womens,defacto,DeFacto,US,womens,10,,waist,81,83
defacto-us-womens,defacto,DeFacto,US,womens,10,,hip,109,109
defacto-us-womens,defacto,DeFacto,US,womens,12,,bust,106,108
defacto-us-womens,defacto,DeFacto,US,womens,12,,waist,88,90
defacto-us-womens,defacto,DeFacto,US,womens,12,,hip,116,116
defacto-us-womens,defacto,DeFacto,US,womens,14,,bust,113,115
defacto-us-womens,defacto,DeFacto,US,womens,14,,waist,95,97
defacto-us-womens,defacto,DeFacto,US,womens,14,,hip,123,123
defacto-us-womens,defacto,DeFacto,US,womens,16,,bust,120,122
defacto-us-womens,defacto,DeFacto,US,womens,16,,waist,102,104
defacto-us-womens,defacto,DeFacto,US,womens,16,,hip,130,130
defacto-us-womens,defacto,DeFacto,US,womens,18,,bust,128,129
defacto-us-womens,defacto,DeFacto,US,womens,18,,waist,109,111
defacto-us-womens,defacto,DeFacto,US,womens,18,,hip,137,137
defacto-uk-womens-g0,defacto,DeFacto,UK,womens,4,,bust,76,78
defacto-uk-womens-g0,defacto,DeFacto,UK,womens,4,,waist,58,60
defacto-uk-womens-g0,defacto,DeFacto,UK,womens,4,,hip,86,86
defacto-uk-womens-g0,defacto,DeFacto,UK,womens,6,,bust,80,82
defacto-uk-womens-g0,defacto,DeFacto,UK,womens,6,,waist,62,64
defacto-uk-womens-g0,defacto,DeFacto,UK,womens,6,,hip,90,90
defacto-uk-womens-g0,defacto,DeFacto,UK,womens,8,,bust,84,86
defacto-uk-womens-g0,defacto,DeFacto,UK,womens,8,,waist,66,68
defacto-uk-womens-g0,defacto,DeFacto,UK,womens,8,,hip,94,94
defacto-uk-womens-g0,defacto,DeFacto,UK,womens,10,,bust,88,90
defacto-uk-womens-g0,defacto,DeFacto,UK,womens,10,,waist,70,72
defacto-uk-womens-g0,defacto,DeFacto,UK,womens,10,,hip,98,98
defacto-uk-womens-g0,defacto,DeFacto,UK,womens,12,,bust,93,95
defacto-uk-womens-g0,defacto,DeFacto,UK,womens,12,,waist,75,77
defacto-uk-womens-g0,defacto,DeFacto,UK,womens,12,,hip,103,103
defacto-uk-womens-g0,defacto,DeFacto,UK,womens,14,,bust,99,101
defacto-uk-womens-g0,defacto,DeFacto,UK,womens,14,,waist,81,83
defacto-uk-womens-g0,defacto,DeFacto,UK,womens,14,,hip,109,109
defacto-uk-womens-g0,defacto,DeFacto,UK,womens,16,,bust,106,108
defacto-uk-womens-g0,defacto,DeFacto,UK,womens,16,,waist,88,90
defacto-uk-womens-g0,defacto,DeFacto,UK,womens,16,,hip,116,116
defacto-uk-womens-g0,defacto,DeFacto,UK,womens,18,,bust,113,115
defacto-uk-womens-g0,defacto,DeFacto,UK,womens,18,,waist,95,97
defacto-uk-womens-g0,defacto,DeFacto,UK,womens,18,,hip,123,123
defacto-uk-womens-g0,defacto,DeFacto,UK,womens,20,,bust,120,122
defacto-uk-womens-g0,defacto,DeFacto,UK,womens,20,,waist,102,104
defacto-uk-womens-g0,defacto,DeFacto,UK,womens,20,,hip,130,130
defacto-uk-womens-g0,defacto,DeFacto,UK,womens,22,,bust,128,129
defacto-uk-womens-g0,defacto,DeFacto,UK,womens,22,,waist,109,111
defacto-uk-womens-g0,defacto,DeFacto,UK,womens,22,,hip,137,137
defacto-uk-mens-g5,defacto,DeFacto,UK,mens,34,,bust,87,89
defacto-uk-mens-g5,defacto,DeFacto,UK,mens,34,,waist,78,80
defacto-uk-mens-g5,defacto,DeFacto,UK,mens,34,,hip,94,94
defacto-uk-mens-g5,defacto,DeFacto,UK,mens,36,,bust,93,95
defacto-uk-mens-g5,defacto,DeFacto,UK,mens,36,,waist,82,84
defacto-uk-mens-g5,defacto,DeFacto,UK,mens,36,,hip,98,98
defacto-uk-mens-g5,defacto,DeFacto,UK,mens,38,,bust,99,101
defacto-uk-mens-g5,defacto,DeFacto,UK,mens,38,,waist,88,90
defacto-uk-mens-g5,defacto,DeFacto,UK,mens,38,,hip,102,102
defacto-uk-mens-g5,defacto,DeFacto,UK,mens,40,,bust,105,107
defacto-uk-mens-g5,defacto,DeFacto,UK,mens,40,,waist,92,94
defacto-uk-mens-g5,defacto,DeFacto,UK,mens,40,,hip,106,106
defacto-uk-mens-g5,defacto,DeFacto,UK,mens,42,,bust,112,114
defacto-uk-mens-g5,defacto,DeFacto,UK,mens,42,,waist,98,100
defacto-uk-mens-g5,defacto,DeFacto,UK,mens,42,,hip,112,112
defacto-uk-mens-g5,defacto,DeFacto,UK,mens,44,,bust,120,122
defacto-uk-mens-g5,defacto,DeFacto,UK,mens,44,,waist,104,106
defacto-uk-mens-g5,defacto,DeFacto,UK,mens,44,,hip,117,117
defacto-uk-mens-g5,defacto,DeFacto,UK,mens,46,,bust,128,130
defacto-uk-mens-g5,defacto,DeFacto,UK,mens,46,,waist,110,112
defacto-uk-mens-g5,defacto,DeFacto,UK,mens,46,,hip,121,121
defacto-uk-mens-g5,defacto,DeFacto,UK,mens,48,,bust,136,138
defacto-uk-mens-g5,defacto,DeFacto,UK,mens,48,,waist,116,118
defacto-uk-mens-g5,defacto,DeFacto,UK,mens,48,,hip,125,125
defacto-uk-mens-g5,defacto,DeFacto,UK,mens,50,,bust,144,147
defacto-uk-mens-g5,defacto,DeFacto,UK,mens,50,,waist,122,124
defacto-uk-mens-g5,defacto,DeFacto,UK,mens,50,,hip,129,129
defacto-fr-womens,defacto,DeFacto,FR,womens,32,,bust,76,78
defacto-fr-womens,defacto,DeFacto,FR,womens,32,,waist,58,60
defacto-fr-womens,defacto,DeFacto,FR,womens,32,,hip,86,86
defacto-fr-womens,defacto,DeFacto,FR,womens,34,,bust,80,82
defacto-fr-womens,defacto,DeFacto,FR,womens,34,,waist,62,64
defacto-fr-womens,defacto,DeFacto,FR,womens,34,,hip,90,90
defacto-fr-womens,defacto,DeFacto,FR,womens,36,,bust,84,86
defacto-fr-womens,defacto,DeFacto,FR,womens,36,,waist,66,68
defacto-fr-womens,defacto,DeFacto,FR,womens,36,,hip,94,94
defacto-fr-womens,defacto,DeFacto,FR,womens,38,,bust,88,90
defacto-fr-womens,defacto,DeFacto,FR,womens,38,,waist,70,72
defacto-fr-womens,defacto,DeFacto,FR,womens,38,,hip,98,98
defacto-fr-womens,defacto,DeFacto,FR,womens,40,,bust,93,95
defacto-fr-womens,defacto,DeFacto,FR,womens,40,,waist,75,77
defacto-fr-womens,defacto,DeFacto,FR,womens,40,,hip,103,103
defacto-fr-womens,defacto,DeFacto,FR,womens,42,,bust,99,101
defacto-fr-womens,defacto,DeFacto,FR,womens,42,,waist,81,83
defacto-fr-womens,defacto,DeFacto,FR,womens,42,,hip,109,109
defacto-fr-womens,defacto,DeFacto,FR,womens,44,,bust,106,108
defacto-fr-womens,defacto,DeFacto,FR,womens,44,,waist,88,90
defacto-fr-womens,defacto,DeFacto,FR,womens,44,,hip,116,116
defacto-fr-womens,defacto,DeFacto,FR,womens,46,,bust,113,115
defacto-fr-womens,defacto,DeFacto,FR,womens,46,,waist,95,97
defacto-fr-womens,defacto,DeFacto,FR,womens,46,,hip,123,123
defacto-fr-womens,defacto,DeFacto,FR,womens,48,,bust,120,122
defacto-fr-womens,defacto,DeFacto,FR,womens,48,,waist,102,104
defacto-fr-womens,defacto,DeFacto,FR,womens,48,,hip,130,130
defacto-fr-womens,defacto,DeFacto,FR,womens,50,,bust,128,129
defacto-fr-womens,defacto,DeFacto,FR,womens,50,,waist,109,111
defacto-fr-womens,defacto,DeFacto,FR,womens,50,,hip,137,137
defacto-it-mens,defacto,DeFacto,IT,mens,44,,bust,87,89
defacto-it-mens,defacto,DeFacto,IT,mens,44,,waist,78,80
defacto-it-mens,defacto,DeFacto,IT,mens,44,,hip,94,94
defacto-it-mens,defacto,DeFacto,IT,mens,46,,bust,93,95
defacto-it-mens,defacto,DeFacto,IT,mens,46,,waist,82,84
defacto-it-mens,defacto,DeFacto,IT,mens,46,,hip,98,98
defacto-it-mens,defacto,DeFacto,IT,mens,48,,bust,99,101
defacto-it-mens,defacto,DeFacto,IT,mens,48,,waist,88,90
defacto-it-mens,defacto,DeFacto,IT,mens,48,,hip,102,102
defacto-it-mens,defacto,DeFacto,IT,mens,50,,bust,105,107
defacto-it-mens,defacto,DeFacto,IT,mens,50,,waist,92,94
defacto-it-mens,defacto,DeFacto,IT,mens,50,,hip,106,106
defacto-it-mens,defacto,DeFacto,IT,mens,52,,bust,112,114
defacto-it-mens,defacto,DeFacto,IT,mens,52,,waist,98,100
defacto-it-mens,defacto,DeFacto,IT,mens,52,,hip,112,112
defacto-it-mens,defacto,DeFacto,IT,mens,54,,bust,120,122
defacto-it-mens,defacto,DeFacto,IT,mens,54,,waist,104,106
defacto-it-mens,defacto,DeFacto,IT,mens,54,,hip,117,117
defacto-it-mens,defacto,DeFacto,IT,mens,56,,bust,128,130
defacto-it-mens,defacto,DeFacto,IT,mens,56,,waist,110,112
defacto-it-mens,defacto,DeFacto,IT,mens,56,,hip,121,121
defacto-it-mens,defacto,DeFacto,IT,mens,58,,bust,136,138
defacto-it-mens,defacto,DeFacto,IT,mens,58,,waist,116,118
defacto-it-mens,defacto,DeFacto,IT,mens,58,,hip,125,125
defacto-it-mens,defacto,DeFacto,IT,mens,60,,bust,144,147
defacto-it-mens,defacto,DeFacto,IT,mens,60,,waist,122,124
defacto-it-mens,defacto,DeFacto,IT,mens,60,,hip,129,129
mavi-eu-womens,mavi,Mavi,EU,womens,36,,bust,80,83
mavi-eu-womens,mavi,Mavi,EU,womens,36,,waist,61,64
mavi-eu-womens,mavi,Mavi,EU,womens,36,,hip,88,91
mavi-eu-womens,mavi,Mavi,EU,womens,38,,bust,84,88
mavi-eu-womens,mavi,Mavi,EU,womens,38,,waist,65,69
mavi-eu-womens,mavi,Mavi,EU,womens,38,,hip,92,96
mavi-eu-womens,mavi,Mavi,EU,womens,40,,bust,89,94
mavi-eu-womens,mavi,Mavi,EU,womens,40,,waist,70,75
mavi-eu-womens,mavi,Mavi,EU,womens,40,,hip,97,102
mavi-eu-womens,mavi,Mavi,EU,womens,42,,bust,95,100
mavi-eu-womens,mavi,Mavi,EU,womens,42,,waist,76,81
mavi-eu-womens,mavi,Mavi,EU,womens,42,,hip,103,108
mavi-eu-womens,mavi,Mavi,EU,womens,44,,bust,101,106
mavi-eu-womens,mavi,Mavi,EU,womens,44,,waist,82,87
mavi-eu-womens,mavi,Mavi,EU,womens,44,,hip,109,114
mavi-int-mens-g0,mavi,Mavi,INT,mens,S,,bust,91,96
mavi-int-mens-g0,mavi,Mavi,INT,mens,S,,waist,74,79
mavi-int-mens-g0,mavi,Mavi,INT,mens,M,,bust,96,101
mavi-int-mens-g0,mavi,Mavi,INT,mens,M,,waist,79,84
mavi-int-mens-g0,mavi,Mavi,INT,mens,L,,bust,101,107
mavi-int-mens-g0,mavi,Mavi,INT,mens,L,,waist,84,89
mavi-int-mens-g0,mavi,Mavi,INT,mens,XL,,bust,107,112
mavi-int-mens-g0,mavi,Mavi,INT,mens,XL,,waist,89,95
mavi-int-mens-g0,mavi,Mavi,INT,mens,XXL,,bust,112,117
mavi-int-mens-g0,mavi,Mavi,INT,mens,XXL,,waist,95,101
mavi-int-mens-g0,mavi,Mavi,INT,mens,XXXL,,bust,117,123
mavi-int-mens-g0,mavi,Mavi,INT,mens,XXXL,,waist,101,107
mavi-int-womens-g1,mavi,Mavi,INT,womens,XS,,bust,80,83
mavi-int-womens-g1,mavi,Mavi,INT,womens,XS,,waist,61,64
mavi-int-womens-g1,mavi,Mavi,INT,womens,XS,,hip,88,91
mavi-int-womens-g1,mavi,Mavi,INT,womens,S,,bust,84,88
mavi-int-womens-g1,mavi,Mavi,INT,womens,S,,waist,65,69
mavi-int-womens-g1,mavi,Mavi,INT,womens,S,,hip,92,96
mavi-int-womens-g1,mavi,Mavi,INT,womens,M,,bust,89,94
mavi-int-womens-g1,mavi,Mavi,INT,womens,M,,waist,70,75
mavi-int-womens-g1,mavi,Mavi,INT,womens,M,,hip,97,102
mavi-int-womens-g1,mavi,Mavi,INT,womens,L,,bust,95,100
mavi-int-womens-g1,mavi,Mavi,INT,womens,L,,waist,76,81
mavi-int-womens-g1,mavi,Mavi,INT,womens,L,,hip,103,108
mavi-int-womens-g1,mavi,Mavi,INT,womens,XL,,bust,101,106
mavi-int-womens-g1,mavi,Mavi,INT,womens,XL,,waist,82,87
mavi-int-womens-g1,mavi,Mavi,INT,womens,XL,,hip,109,114
mavi-us-womens,mavi,Mavi,US,womens,6,,bust,80,83
mavi-us-womens,mavi,Mavi,US,womens,6,,waist,61,64
mavi-us-womens,mavi,Mavi,US,womens,6,,hip,88,91
mavi-us-womens,mavi,Mavi,US,womens,8,,bust,84,88
mavi-us-womens,mavi,Mavi,US,womens,8,,waist,65,69
mavi-us-womens,mavi,Mavi,US,womens,8,,hip,92,96
mavi-us-womens,mavi,Mavi,US,womens,10,,bust,89,94
mavi-us-womens,mavi,Mavi,US,womens,10,,waist,70,75
mavi-us-womens,mavi,Mavi,US,womens,10,,hip,97,102
mavi-us-womens,mavi,Mavi,US,womens,12,,bust,95,100
mavi-us-womens,mavi,Mavi,US,womens,12,,waist,76,81
mavi-us-womens,mavi,Mavi,US,womens,12,,hip,103,108
mavi-us-womens,mavi,Mavi,US,womens,14,,bust,101,106
mavi-us-womens,mavi,Mavi,US,womens,14,,waist,82,87
mavi-us-womens,mavi,Mavi,US,womens,14,,hip,109,114
mavi-uk-womens,mavi,Mavi,UK,womens,8,,bust,80,83
mavi-uk-womens,mavi,Mavi,UK,womens,8,,waist,61,64
mavi-uk-womens,mavi,Mavi,UK,womens,8,,hip,88,91
mavi-uk-womens,mavi,Mavi,UK,womens,10,,bust,84,88
mavi-uk-womens,mavi,Mavi,UK,womens,10,,waist,65,69
mavi-uk-womens,mavi,Mavi,UK,womens,10,,hip,92,96
mavi-uk-womens,mavi,Mavi,UK,womens,12,,bust,89,94
mavi-uk-womens,mavi,Mavi,UK,womens,12,,waist,70,75
mavi-uk-womens,mavi,Mavi,UK,womens,12,,hip,97,102
mavi-uk-womens,mavi,Mavi,UK,womens,14,,bust,95,100
mavi-uk-womens,mavi,Mavi,UK,womens,14,,waist,76,81
mavi-uk-womens,mavi,Mavi,UK,womens,14,,hip,103,108
mavi-uk-womens,mavi,Mavi,UK,womens,16,,bust,101,106
mavi-uk-womens,mavi,Mavi,UK,womens,16,,waist,82,87
mavi-uk-womens,mavi,Mavi,UK,womens,16,,hip,109,114
muji-eu-mens,muji,MUJI,EU,mens,42,,waist,54,58
muji-eu-mens,muji,MUJI,EU,mens,44 - 46,,waist,59,63
muji-eu-mens,muji,MUJI,EU,mens,48 - 50,,waist,64,68
muji-eu-mens,muji,MUJI,EU,mens,52 - 54,,waist,69,76
muji-eu-mens,muji,MUJI,EU,mens,56 - 58,,waist,77,84
muji-int-mens,muji,MUJI,INT,mens,XS,,waist,54,58
muji-int-mens,muji,MUJI,INT,mens,S,,waist,59,63
muji-int-mens,muji,MUJI,INT,mens,M,,waist,64,68
muji-int-mens,muji,MUJI,INT,mens,L,,waist,69,76
muji-int-mens,muji,MUJI,INT,mens,XL,,waist,77,84
asics-int-mens-g0,asics,ASICS,INT,mens,XS,,bust,87,93
asics-int-mens-g0,asics,ASICS,INT,mens,XS,,waist,74,80
asics-int-mens-g0,asics,ASICS,INT,mens,XS,,hip,87,92
asics-int-mens-g0,asics,ASICS,INT,mens,S,,bust,93,99
asics-int-mens-g0,asics,ASICS,INT,mens,S,,waist,80,86
asics-int-mens-g0,asics,ASICS,INT,mens,S,,hip,92,98
asics-int-mens-g0,asics,ASICS,INT,mens,M,,bust,99,105
asics-int-mens-g0,asics,ASICS,INT,mens,M,,waist,86,92
asics-int-mens-g0,asics,ASICS,INT,mens,M,,hip,98,104
asics-int-mens-g0,asics,ASICS,INT,mens,L,,bust,105,111
asics-int-mens-g0,asics,ASICS,INT,mens,L,,waist,92,99
asics-int-mens-g0,asics,ASICS,INT,mens,L,,hip,104,110
asics-int-mens-g0,asics,ASICS,INT,mens,XL,,bust,111,117
asics-int-mens-g0,asics,ASICS,INT,mens,XL,,waist,99,107
asics-int-mens-g0,asics,ASICS,INT,mens,XL,,hip,110,116
asics-int-mens-g0,asics,ASICS,INT,mens,2XL,,bust,117,126
asics-int-mens-g0,asics,ASICS,INT,mens,2XL,,waist,107,115
asics-int-mens-g0,asics,ASICS,INT,mens,2XL,,hip,116,124
asics-int-mens-g0,asics,ASICS,INT,mens,3XL,,bust,126,136
asics-int-mens-g0,asics,ASICS,INT,mens,3XL,,waist,115,126
asics-int-mens-g0,asics,ASICS,INT,mens,3XL,,hip,124,132
asics-int-womens-g1,asics,ASICS,INT,womens,XS,,bust,79,85
asics-int-womens-g1,asics,ASICS,INT,womens,XS,,waist,59,65
asics-int-womens-g1,asics,ASICS,INT,womens,XS,,hip,83,89
asics-int-womens-g1,asics,ASICS,INT,womens,S,,bust,85,91
asics-int-womens-g1,asics,ASICS,INT,womens,S,,waist,65,71
asics-int-womens-g1,asics,ASICS,INT,womens,S,,hip,89,95
asics-int-womens-g1,asics,ASICS,INT,womens,M,,bust,91,97.5
asics-int-womens-g1,asics,ASICS,INT,womens,M,,waist,71,77.5
asics-int-womens-g1,asics,ASICS,INT,womens,M,,hip,95,101.5
asics-int-womens-g1,asics,ASICS,INT,womens,L,,bust,97.5,104.5
asics-int-womens-g1,asics,ASICS,INT,womens,L,,waist,77.5,85
asics-int-womens-g1,asics,ASICS,INT,womens,L,,hip,101.5,108.5
asics-int-womens-g1,asics,ASICS,INT,womens,XL,,bust,104.5,112.5
asics-int-womens-g1,asics,ASICS,INT,womens,XL,,waist,85,93
asics-int-womens-g1,asics,ASICS,INT,womens,XL,,hip,108.5,116.5
asics-int-womens-g1,asics,ASICS,INT,womens,XXL,,bust,112.5,122
asics-int-womens-g1,asics,ASICS,INT,womens,XXL,,waist,93,102
asics-int-womens-g1,asics,ASICS,INT,womens,XXL,,hip,116.5,125.5
asics-int-womens-g1,asics,ASICS,INT,womens,XXXL,,bust,122,132
asics-int-womens-g1,asics,ASICS,INT,womens,XXXL,,waist,102,112
asics-int-womens-g1,asics,ASICS,INT,womens,XXXL,,hip,125.5,134.5
asics-uk-womens,asics,ASICS,UK,womens,6,,bust,79,85
asics-uk-womens,asics,ASICS,UK,womens,6,,waist,59,65
asics-uk-womens,asics,ASICS,UK,womens,6,,hip,83,89
asics-uk-womens,asics,ASICS,UK,womens,8,,bust,85,91
asics-uk-womens,asics,ASICS,UK,womens,8,,waist,65,71
asics-uk-womens,asics,ASICS,UK,womens,8,,hip,89,95
asics-uk-womens,asics,ASICS,UK,womens,10,,bust,91,97.5
asics-uk-womens,asics,ASICS,UK,womens,10,,waist,71,77.5
asics-uk-womens,asics,ASICS,UK,womens,10,,hip,95,101.5
asics-uk-womens,asics,ASICS,UK,womens,12,,bust,97.5,104.5
asics-uk-womens,asics,ASICS,UK,womens,12,,waist,77.5,85
asics-uk-womens,asics,ASICS,UK,womens,12,,hip,101.5,108.5
asics-uk-womens,asics,ASICS,UK,womens,14,,bust,104.5,112.5
asics-uk-womens,asics,ASICS,UK,womens,14,,waist,85,93
asics-uk-womens,asics,ASICS,UK,womens,14,,hip,108.5,116.5
asics-uk-womens,asics,ASICS,UK,womens,16,,bust,112.5,122
asics-uk-womens,asics,ASICS,UK,womens,16,,waist,93,102
asics-uk-womens,asics,ASICS,UK,womens,16,,hip,116.5,125.5
asics-uk-womens,asics,ASICS,UK,womens,18,,bust,122,132
asics-uk-womens,asics,ASICS,UK,womens,18,,waist,102,112
asics-uk-womens,asics,ASICS,UK,womens,18,,hip,125.5,134.5
mizuno-int-womens-g0,mizuno,Mizuno,INT,womens,XS,,bust,75,81
mizuno-int-womens-g0,mizuno,Mizuno,INT,womens,XS,,waist,55,61
mizuno-int-womens-g0,mizuno,Mizuno,INT,womens,XS,,hip,78,84
mizuno-int-womens-g0,mizuno,Mizuno,INT,womens,S,,bust,82,88
mizuno-int-womens-g0,mizuno,Mizuno,INT,womens,S,,waist,61,67
mizuno-int-womens-g0,mizuno,Mizuno,INT,womens,S,,hip,85,91
mizuno-int-womens-g0,mizuno,Mizuno,INT,womens,M,,bust,89,95
mizuno-int-womens-g0,mizuno,Mizuno,INT,womens,M,,waist,67,73
mizuno-int-womens-g0,mizuno,Mizuno,INT,womens,M,,hip,92,98
mizuno-int-womens-g0,mizuno,Mizuno,INT,womens,L,,bust,96,102
mizuno-int-womens-g0,mizuno,Mizuno,INT,womens,L,,waist,73,79
mizuno-int-womens-g0,mizuno,Mizuno,INT,womens,L,,hip,99,105
mizuno-int-womens-g0,mizuno,Mizuno,INT,womens,XL,,bust,103,109
mizuno-int-womens-g0,mizuno,Mizuno,INT,womens,XL,,waist,79,85
mizuno-int-womens-g0,mizuno,Mizuno,INT,womens,XL,,hip,106,112
mizuno-int-mens-g1,mizuno,Mizuno,INT,mens,S,,bust,89,96
mizuno-int-mens-g1,mizuno,Mizuno,INT,mens,S,,waist,73,80
mizuno-int-mens-g1,mizuno,Mizuno,INT,mens,S,,hip,89,96
mizuno-int-mens-g1,mizuno,Mizuno,INT,mens,M,,bust,97,104
mizuno-int-mens-g1,mizuno,Mizuno,INT,mens,M,,waist,81,87
mizuno-int-mens-g1,mizuno,Mizuno,INT,mens,M,,hip,97,104
mizuno-int-mens-g1,mizuno,Mizuno,INT,mens,L,,bust,105,112
mizuno-int-mens-g1,mizuno,Mizuno,INT,mens,L,,waist,88,96
mizuno-int-mens-g1,mizuno,Mizuno,INT,mens,L,,hip,105,112
mizuno-int-mens-g1,mizuno,Mizuno,INT,mens,XL,,bust,113,120
mizuno-int-mens-g1,mizuno,Mizuno,INT,mens,XL,,waist,97,104
mizuno-int-mens-g1,mizuno,Mizuno,INT,mens,XL,,hip,113,120
mizuno-int-mens-g1,mizuno,Mizuno,INT,mens,XXL,,bust,121,127
mizuno-int-mens-g1,mizuno,Mizuno,INT,mens,XXL,,waist,105,111
mizuno-int-mens-g1,mizuno,Mizuno,INT,mens,XXL,,hip,121,127
8seconds-eu-womens-g2,8seconds,8seconds,EU,womens,32,,bust,80,85
8seconds-eu-womens-g2,8seconds,8seconds,EU,womens,32,,waist,61,64
8seconds-eu-womens-g2,8seconds,8seconds,EU,womens,32,,hip,84,86.5
8seconds-eu-womens-g2,8seconds,8seconds,EU,womens,34,,bust,85,90
8seconds-eu-womens-g2,8seconds,8seconds,EU,womens,34,,waist,66,69
8seconds-eu-womens-g2,8seconds,8seconds,EU,womens,34,,hip,89,91.5
8seconds-eu-womens-g2,8seconds,8seconds,EU,womens,36,,bust,90,95
8seconds-eu-womens-g2,8seconds,8seconds,EU,womens,36,,waist,71,74
8seconds-eu-womens-g2,8seconds,8seconds,EU,womens,36,,hip,94,96.5
8seconds-eu-womens-g2,8seconds,8seconds,EU,womens,38,,bust,95,100
8seconds-eu-womens-g2,8seconds,8seconds,EU,womens,38,,waist,76,79
8seconds-eu-womens-g2,8seconds,8seconds,EU,womens,38,,hip,99,101.5
8seconds-eu-mens-g5,8seconds,8seconds,EU,mens,50,,bust,90.5,95.5
8seconds-eu-mens-g5,8seconds,8seconds,EU,mens,50,,waist,74.5,79.5
8seconds-eu-mens-g5,8seconds,8seconds,EU,mens,50,,hip,89.5,94.5
8seconds-eu-mens-g5,8seconds,8seconds,EU,mens,54,,bust,95.5,100.5
8seconds-eu-mens-g5,8seconds,8seconds,EU,mens,54,,waist,79.5,84.5
8seconds-eu-mens-g5,8seconds,8seconds,EU,mens,54,,hip,94.5,99.5
8seconds-eu-mens-g5,8seconds,8seconds,EU,mens,58,,bust,100.5,105.5
8seconds-eu-mens-g5,8seconds,8seconds,EU,mens,58,,waist,84.5,89.5
8seconds-eu-mens-g5,8seconds,8seconds,EU,mens,58,,hip,99.5,104.5
8seconds-int-womens-g0,8seconds,8seconds,INT,womens,XS,,bust,80,85
8seconds-int-womens-g0,8seconds,8seconds,INT,womens,XS,,waist,61,64
8seconds-int-womens-g0,8seconds,8seconds,INT,womens,XS,,hip,84,86.5
8seconds-int-womens-g0,8seconds,8seconds,INT,womens,S,,bust,85,90
8seconds-int-womens-g0,8seconds,8seconds,INT,womens,S,,waist,66,69
8seconds-int-womens-g0,8seconds,8seconds,INT,womens,S,,hip,89,91.5
8seconds-int-womens-g0,8seconds,8seconds,INT,womens,M,,bust,90,95
8seconds-int-womens-g0,8seconds,8seconds,INT,womens,M,,waist,71,74
8seconds-int-womens-g0,8seconds,8seconds,INT,womens,M,,hip,94,96.5
8seconds-int-womens-g0,8seconds,8seconds,INT,womens,L,,bust,95,100
8seconds-int-womens-g0,8seconds,8seconds,INT,womens,L,,waist,76,79
8seconds-int-womens-g0,8seconds,8seconds,INT,womens,L,,hip,99,101.5
8seconds-int-mens-g4,8seconds,8seconds,INT,mens,M,,bust,90.5,95.5
8seconds-int-mens-g4,8seconds,8seconds,INT,mens,M,,waist,74.5,79.5
8seconds-int-mens-g4,8seconds,8seconds,INT,mens,M,,hip,89.5,94.5
8seconds-int-mens-g4,8seconds,8seconds,INT,mens,L,,bust,95.5,100.5
8seconds-int-mens-g4,8seconds,8seconds,INT,mens,L,,waist,79.5,84.5
8seconds-int-mens-g4,8seconds,8seconds,INT,mens,L,,hip,94.5,99.5
8seconds-int-mens-g4,8seconds,8seconds,INT,mens,XL,,bust,100.5,105.5
8seconds-int-mens-g4,8seconds,8seconds,INT,mens,XL,,waist,84.5,89.5
8seconds-int-mens-g4,8seconds,8seconds,INT,mens,XL,,hip,99.5,104.5
8seconds-us-womens-g1,8seconds,8seconds,US,womens,2,,bust,80,85
8seconds-us-womens-g1,8seconds,8seconds,US,womens,2,,waist,61,64
8seconds-us-womens-g1,8seconds,8seconds,US,womens,2,,hip,84,86.5
8seconds-us-womens-g1,8seconds,8seconds,US,womens,4,,bust,85,90
8seconds-us-womens-g1,8seconds,8seconds,US,womens,4,,waist,66,69
8seconds-us-womens-g1,8seconds,8seconds,US,womens,4,,hip,89,91.5
8seconds-us-womens-g1,8seconds,8seconds,US,womens,6,,bust,90,95
8seconds-us-womens-g1,8seconds,8seconds,US,womens,6,,waist,71,74
8seconds-us-womens-g1,8seconds,8seconds,US,womens,6,,hip,94,96.5
8seconds-us-womens-g1,8seconds,8seconds,US,womens,8,,bust,95,100
8seconds-us-womens-g1,8seconds,8seconds,US,womens,8,,waist,76,79
8seconds-us-womens-g1,8seconds,8seconds,US,womens,8,,hip,99,101.5
8seconds-us-mens-g7,8seconds,8seconds,US,mens,36,,waist,77.5,79
8seconds-us-mens-g7,8seconds,8seconds,US,mens,36,,hip,94,95
8seconds-us-mens-g7,8seconds,8seconds,US,mens,38,,waist,82,84
8seconds-us-mens-g7,8seconds,8seconds,US,mens,38,,hip,98,100
8seconds-us-mens-g7,8seconds,8seconds,US,mens,40,,waist,86,87.5
8seconds-us-mens-g7,8seconds,8seconds,US,mens,40,,hip,103,105
8seconds-uk-womens-g3,8seconds,8seconds,UK,womens,4,,bust,80,85
8seconds-uk-womens-g3,8seconds,8seconds,UK,womens,4,,waist,61,64
8seconds-uk-womens-g3,8seconds,8seconds,UK,womens,4,,hip,84,86.5
8seconds-uk-womens-g3,8seconds,8seconds,UK,womens,6,,bust,85,90
8seconds-uk-womens-g3,8seconds,8seconds,UK,womens,6,,waist,66,69
8seconds-uk-womens-g3,8seconds,8seconds,UK,womens,6,,hip,89,91.5
8seconds-uk-womens-g3,8seconds,8seconds,UK,womens,8,,bust,90,95
8seconds-uk-womens-g3,8seconds,8seconds,UK,womens,8,,waist,71,74
8seconds-uk-womens-g3,8seconds,8seconds,UK,womens,8,,hip,94,96.5
8seconds-uk-womens-g3,8seconds,8seconds,UK,womens,10,,bust,95,100
8seconds-uk-womens-g3,8seconds,8seconds,UK,womens,10,,waist,76,79
8seconds-uk-womens-g3,8seconds,8seconds,UK,womens,10,,hip,99,101.5
8seconds-uk-mens-g6,8seconds,8seconds,UK,mens,40,,bust,90.5,95.5
8seconds-uk-mens-g6,8seconds,8seconds,UK,mens,40,,waist,74.5,79.5
8seconds-uk-mens-g6,8seconds,8seconds,UK,mens,40,,hip,89.5,94.5
8seconds-uk-mens-g6,8seconds,8seconds,UK,mens,44,,bust,95.5,100.5
8seconds-uk-mens-g6,8seconds,8seconds,UK,mens,44,,waist,79.5,84.5
8seconds-uk-mens-g6,8seconds,8seconds,UK,mens,44,,hip,94.5,99.5
8seconds-uk-mens-g6,8seconds,8seconds,UK,mens,48,,bust,100.5,105.5
8seconds-uk-mens-g6,8seconds,8seconds,UK,mens,48,,waist,84.5,89.5
8seconds-uk-mens-g6,8seconds,8seconds,UK,mens,48,,hip,99.5,104.5
urban-revivo-int-womens-g0,urban-revivo,Urban Revivo,INT,womens,XS,,bust,80,84
urban-revivo-int-womens-g0,urban-revivo,Urban Revivo,INT,womens,XS,,waist,62,66
urban-revivo-int-womens-g0,urban-revivo,Urban Revivo,INT,womens,XS,,hip,86,90
urban-revivo-int-womens-g0,urban-revivo,Urban Revivo,INT,womens,S,,bust,84,88
urban-revivo-int-womens-g0,urban-revivo,Urban Revivo,INT,womens,S,,waist,66,70
urban-revivo-int-womens-g0,urban-revivo,Urban Revivo,INT,womens,S,,hip,90,94
urban-revivo-int-womens-g0,urban-revivo,Urban Revivo,INT,womens,M,,bust,88,92
urban-revivo-int-womens-g0,urban-revivo,Urban Revivo,INT,womens,M,,waist,70,73
urban-revivo-int-womens-g0,urban-revivo,Urban Revivo,INT,womens,M,,hip,94,98
urban-revivo-int-womens-g0,urban-revivo,Urban Revivo,INT,womens,L,,bust,92,96
urban-revivo-int-womens-g0,urban-revivo,Urban Revivo,INT,womens,L,,waist,73,77
urban-revivo-int-womens-g0,urban-revivo,Urban Revivo,INT,womens,L,,hip,98,102
urban-revivo-int-womens-g0,urban-revivo,Urban Revivo,INT,womens,XL,,bust,96,100
urban-revivo-int-womens-g0,urban-revivo,Urban Revivo,INT,womens,XL,,waist,77,83
urban-revivo-int-womens-g0,urban-revivo,Urban Revivo,INT,womens,XL,,hip,102,106
urban-revivo-int-mens-g0,urban-revivo,Urban Revivo,INT,mens,XS,,bust,92,96
urban-revivo-int-mens-g0,urban-revivo,Urban Revivo,INT,mens,XS,,waist,76,80
urban-revivo-int-mens-g0,urban-revivo,Urban Revivo,INT,mens,XS,,hip,94,98
urban-revivo-int-mens-g0,urban-revivo,Urban Revivo,INT,mens,S,,bust,96,100
urban-revivo-int-mens-g0,urban-revivo,Urban Revivo,INT,mens,S,,waist,80,84
urban-revivo-int-mens-g0,urban-revivo,Urban Revivo,INT,mens,S,,hip,98,102
urban-revivo-int-mens-g0,urban-revivo,Urban Revivo,INT,mens,M,,bust,100,104
urban-revivo-int-mens-g0,urban-revivo,Urban Revivo,INT,mens,M,,waist,84,88
urban-revivo-int-mens-g0,urban-revivo,Urban Revivo,INT,mens,M,,hip,102,106
urban-revivo-int-mens-g0,urban-revivo,Urban Revivo,INT,mens,L,,bust,104,108
urban-revivo-int-mens-g0,urban-revivo,Urban Revivo,INT,mens,L,,waist,88,92
urban-revivo-int-mens-g0,urban-revivo,Urban Revivo,INT,mens,L,,hip,106,110
urban-revivo-int-mens-g0,urban-revivo,Urban Revivo,INT,mens,XL,,bust,108,112
urban-revivo-int-mens-g0,urban-revivo,Urban Revivo,INT,mens,XL,,waist,92,96
urban-revivo-int-mens-g0,urban-revivo,Urban Revivo,INT,mens,XL,,hip,110,114
urban-revivo-int-mens-g0,urban-revivo,Urban Revivo,INT,mens,XXL,,bust,112,116
urban-revivo-int-mens-g0,urban-revivo,Urban Revivo,INT,mens,XXL,,waist,96,100
urban-revivo-int-mens-g0,urban-revivo,Urban Revivo,INT,mens,XXL,,hip,114,118
urban-revivo-eu-womens-g0,urban-revivo,Urban Revivo,EU,womens,34,,bust,80,84
urban-revivo-eu-womens-g0,urban-revivo,Urban Revivo,EU,womens,34,,waist,62,66
urban-revivo-eu-womens-g0,urban-revivo,Urban Revivo,EU,womens,34,,hip,86,90
urban-revivo-eu-womens-g0,urban-revivo,Urban Revivo,EU,womens,36,,bust,84,88
urban-revivo-eu-womens-g0,urban-revivo,Urban Revivo,EU,womens,36,,waist,66,70
urban-revivo-eu-womens-g0,urban-revivo,Urban Revivo,EU,womens,36,,hip,90,94
urban-revivo-eu-womens-g0,urban-revivo,Urban Revivo,EU,womens,38,,bust,88,92
urban-revivo-eu-womens-g0,urban-revivo,Urban Revivo,EU,womens,38,,waist,70,73
urban-revivo-eu-womens-g0,urban-revivo,Urban Revivo,EU,womens,38,,hip,94,98
urban-revivo-eu-womens-g0,urban-revivo,Urban Revivo,EU,womens,40,,bust,92,96
urban-revivo-eu-womens-g0,urban-revivo,Urban Revivo,EU,womens,40,,waist,73,77
urban-revivo-eu-womens-g0,urban-revivo,Urban Revivo,EU,womens,40,,hip,98,102
urban-revivo-eu-womens-g0,urban-revivo,Urban Revivo,EU,womens,42,,bust,96,100
urban-revivo-eu-womens-g0,urban-revivo,Urban Revivo,EU,womens,42,,waist,77,83
urban-revivo-eu-womens-g0,urban-revivo,Urban Revivo,EU,womens,42,,hip,102,106
urban-revivo-eu-mens-g0,urban-revivo,Urban Revivo,EU,mens,42,,bust,92,96
urban-revivo-eu-mens-g0,urban-revivo,Urban Revivo,EU,mens,42,,waist,76,80
urban-revivo-eu-mens-g0,urban-revivo,Urban Revivo,EU,mens,42,,hip,94,98
urban-revivo-eu-mens-g0,urban-revivo,Urban Revivo,EU,mens,44,,bust,96,100
urban-revivo-eu-mens-g0,urban-revivo,Urban Revivo,EU,mens,44,,waist,80,84
urban-revivo-eu-mens-g0,urban-revivo,Urban Revivo,EU,mens,44,,hip,98,102
urban-revivo-eu-mens-g0,urban-revivo,Urban Revivo,EU,mens,46,,bust,100,104
urban-revivo-eu-mens-g0,urban-revivo,Urban Revivo,EU,mens,46,,waist,84,88
urban-revivo-eu-mens-g0,urban-revivo,Urban Revivo,EU,mens,46,,hip,102,106
urban-revivo-eu-mens-g0,urban-revivo,Urban Revivo,EU,mens,48,,bust,104,108
urban-revivo-eu-mens-g0,urban-revivo,Urban Revivo,EU,mens,48,,waist,88,92
urban-revivo-eu-mens-g0,urban-revivo,Urban Revivo,EU,mens,48,,hip,106,110
urban-revivo-eu-mens-g0,urban-revivo,Urban Revivo,EU,mens,50,,bust,108,112
urban-revivo-eu-mens-g0,urban-revivo,Urban Revivo,EU,mens,50,,waist,92,96
urban-revivo-eu-mens-g0,urban-revivo,Urban Revivo,EU,mens,50,,hip,110,114
urban-revivo-eu-mens-g0,urban-revivo,Urban Revivo,EU,mens,52,,bust,112,116
urban-revivo-eu-mens-g0,urban-revivo,Urban Revivo,EU,mens,52,,waist,96,100
urban-revivo-eu-mens-g0,urban-revivo,Urban Revivo,EU,mens,52,,hip,114,118
urban-revivo-us-womens-g0,urban-revivo,Urban Revivo,US,womens,2,,bust,80,84
urban-revivo-us-womens-g0,urban-revivo,Urban Revivo,US,womens,2,,waist,62,66
urban-revivo-us-womens-g0,urban-revivo,Urban Revivo,US,womens,2,,hip,86,90
urban-revivo-us-womens-g0,urban-revivo,Urban Revivo,US,womens,4,,bust,84,88
urban-revivo-us-womens-g0,urban-revivo,Urban Revivo,US,womens,4,,waist,66,70
urban-revivo-us-womens-g0,urban-revivo,Urban Revivo,US,womens,4,,hip,90,94
urban-revivo-us-womens-g0,urban-revivo,Urban Revivo,US,womens,6,,bust,88,92
urban-revivo-us-womens-g0,urban-revivo,Urban Revivo,US,womens,6,,waist,70,73
urban-revivo-us-womens-g0,urban-revivo,Urban Revivo,US,womens,6,,hip,94,98
urban-revivo-us-womens-g0,urban-revivo,Urban Revivo,US,womens,8,,bust,92,96
urban-revivo-us-womens-g0,urban-revivo,Urban Revivo,US,womens,8,,waist,73,77
urban-revivo-us-womens-g0,urban-revivo,Urban Revivo,US,womens,8,,hip,98,102
urban-revivo-us-womens-g0,urban-revivo,Urban Revivo,US,womens,10,,bust,96,100
urban-revivo-us-womens-g0,urban-revivo,Urban Revivo,US,womens,10,,waist,77,83
urban-revivo-us-womens-g0,urban-revivo,Urban Revivo,US,womens,10,,hip,102,106
urban-revivo-us-mens-g0,urban-revivo,Urban Revivo,US,mens,32,,bust,92,96
urban-revivo-us-mens-g0,urban-revivo,Urban Revivo,US,mens,32,,waist,76,80
urban-revivo-us-mens-g0,urban-revivo,Urban Revivo,US,mens,32,,hip,94,98
urban-revivo-us-mens-g0,urban-revivo,Urban Revivo,US,mens,34,,bust,96,100
urban-revivo-us-mens-g0,urban-revivo,Urban Revivo,US,mens,34,,waist,80,84
urban-revivo-us-mens-g0,urban-revivo,Urban Revivo,US,mens,34,,hip,98,102
urban-revivo-us-mens-g0,urban-revivo,Urban Revivo,US,mens,36,,bust,100,104
urban-revivo-us-mens-g0,urban-revivo,Urban Revivo,US,mens,36,,waist,84,88
urban-revivo-us-mens-g0,urban-revivo,Urban Revivo,US,mens,36,,hip,102,106
urban-revivo-us-mens-g0,urban-revivo,Urban Revivo,US,mens,38,,bust,104,108
urban-revivo-us-mens-g0,urban-revivo,Urban Revivo,US,mens,38,,waist,88,92
urban-revivo-us-mens-g0,urban-revivo,Urban Revivo,US,mens,38,,hip,106,110
urban-revivo-us-mens-g0,urban-revivo,Urban Revivo,US,mens,40,,bust,108,112
urban-revivo-us-mens-g0,urban-revivo,Urban Revivo,US,mens,40,,waist,92,96
urban-revivo-us-mens-g0,urban-revivo,Urban Revivo,US,mens,40,,hip,110,114
urban-revivo-us-mens-g0,urban-revivo,Urban Revivo,US,mens,42,,bust,112,116
urban-revivo-us-mens-g0,urban-revivo,Urban Revivo,US,mens,42,,waist,96,100
urban-revivo-us-mens-g0,urban-revivo,Urban Revivo,US,mens,42,,hip,114,118
urban-revivo-uk-womens-g0,urban-revivo,Urban Revivo,UK,womens,6,,bust,80,84
urban-revivo-uk-womens-g0,urban-revivo,Urban Revivo,UK,womens,6,,waist,62,66
urban-revivo-uk-womens-g0,urban-revivo,Urban Revivo,UK,womens,6,,hip,86,90
urban-revivo-uk-womens-g0,urban-revivo,Urban Revivo,UK,womens,8,,bust,84,88
urban-revivo-uk-womens-g0,urban-revivo,Urban Revivo,UK,womens,8,,waist,66,70
urban-revivo-uk-womens-g0,urban-revivo,Urban Revivo,UK,womens,8,,hip,90,94
urban-revivo-uk-womens-g0,urban-revivo,Urban Revivo,UK,womens,10,,bust,88,92
urban-revivo-uk-womens-g0,urban-revivo,Urban Revivo,UK,womens,10,,waist,70,73
urban-revivo-uk-womens-g0,urban-revivo,Urban Revivo,UK,womens,10,,hip,94,98
urban-revivo-uk-womens-g0,urban-revivo,Urban Revivo,UK,womens,12,,bust,92,96
urban-revivo-uk-womens-g0,urban-revivo,Urban Revivo,UK,womens,12,,waist,73,77
urban-revivo-uk-womens-g0,urban-revivo,Urban Revivo,UK,womens,12,,hip,98,102
urban-revivo-uk-womens-g0,urban-revivo,Urban Revivo,UK,womens,14,,bust,96,100
urban-revivo-uk-womens-g0,urban-revivo,Urban Revivo,UK,womens,14,,waist,77,83
urban-revivo-uk-womens-g0,urban-revivo,Urban Revivo,UK,womens,14,,hip,102,106
urban-revivo-uk-mens-g0,urban-revivo,Urban Revivo,UK,mens,34,,bust,92,96
urban-revivo-uk-mens-g0,urban-revivo,Urban Revivo,UK,mens,34,,waist,76,80
urban-revivo-uk-mens-g0,urban-revivo,Urban Revivo,UK,mens,34,,hip,94,98
urban-revivo-uk-mens-g0,urban-revivo,Urban Revivo,UK,mens,36,,bust,96,100
urban-revivo-uk-mens-g0,urban-revivo,Urban Revivo,UK,mens,36,,waist,80,84
urban-revivo-uk-mens-g0,urban-revivo,Urban Revivo,UK,mens,36,,hip,98,102
urban-revivo-uk-mens-g0,urban-revivo,Urban Revivo,UK,mens,38,,bust,100,104
urban-revivo-uk-mens-g0,urban-revivo,Urban Revivo,UK,mens,38,,waist,84,88
urban-revivo-uk-mens-g0,urban-revivo,Urban Revivo,UK,mens,38,,hip,102,106
urban-revivo-uk-mens-g0,urban-revivo,Urban Revivo,UK,mens,40,,bust,104,108
urban-revivo-uk-mens-g0,urban-revivo,Urban Revivo,UK,mens,40,,waist,88,92
urban-revivo-uk-mens-g0,urban-revivo,Urban Revivo,UK,mens,40,,hip,106,110
urban-revivo-uk-mens-g0,urban-revivo,Urban Revivo,UK,mens,42,,bust,108,112
urban-revivo-uk-mens-g0,urban-revivo,Urban Revivo,UK,mens,42,,waist,92,96
urban-revivo-uk-mens-g0,urban-revivo,Urban Revivo,UK,mens,42,,hip,110,114
urban-revivo-uk-mens-g0,urban-revivo,Urban Revivo,UK,mens,44,,bust,112,116
urban-revivo-uk-mens-g0,urban-revivo,Urban Revivo,UK,mens,44,,waist,96,100
urban-revivo-uk-mens-g0,urban-revivo,Urban Revivo,UK,mens,44,,hip,114,118
urban-revivo-it-womens-g0,urban-revivo,Urban Revivo,IT,womens,38,,bust,80,84
urban-revivo-it-womens-g0,urban-revivo,Urban Revivo,IT,womens,38,,waist,62,66
urban-revivo-it-womens-g0,urban-revivo,Urban Revivo,IT,womens,38,,hip,86,90
urban-revivo-it-womens-g0,urban-revivo,Urban Revivo,IT,womens,40,,bust,84,88
urban-revivo-it-womens-g0,urban-revivo,Urban Revivo,IT,womens,40,,waist,66,70
urban-revivo-it-womens-g0,urban-revivo,Urban Revivo,IT,womens,40,,hip,90,94
urban-revivo-it-womens-g0,urban-revivo,Urban Revivo,IT,womens,42,,bust,88,92
urban-revivo-it-womens-g0,urban-revivo,Urban Revivo,IT,womens,42,,waist,70,73
urban-revivo-it-womens-g0,urban-revivo,Urban Revivo,IT,womens,42,,hip,94,98
urban-revivo-it-womens-g0,urban-revivo,Urban Revivo,IT,womens,44,,bust,92,96
urban-revivo-it-womens-g0,urban-revivo,Urban Revivo,IT,womens,44,,waist,73,77
urban-revivo-it-womens-g0,urban-revivo,Urban Revivo,IT,womens,44,,hip,98,102
urban-revivo-it-womens-g0,urban-revivo,Urban Revivo,IT,womens,46,,bust,96,100
urban-revivo-it-womens-g0,urban-revivo,Urban Revivo,IT,womens,46,,waist,77,83
urban-revivo-it-womens-g0,urban-revivo,Urban Revivo,IT,womens,46,,hip,102,106
urban-revivo-fr-womens-g0,urban-revivo,Urban Revivo,FR,womens,34,,bust,80,84
urban-revivo-fr-womens-g0,urban-revivo,Urban Revivo,FR,womens,34,,waist,62,66
urban-revivo-fr-womens-g0,urban-revivo,Urban Revivo,FR,womens,34,,hip,86,90
urban-revivo-fr-womens-g0,urban-revivo,Urban Revivo,FR,womens,36,,bust,84,88
urban-revivo-fr-womens-g0,urban-revivo,Urban Revivo,FR,womens,36,,waist,66,70
urban-revivo-fr-womens-g0,urban-revivo,Urban Revivo,FR,womens,36,,hip,90,94
urban-revivo-fr-womens-g0,urban-revivo,Urban Revivo,FR,womens,38,,bust,88,92
urban-revivo-fr-womens-g0,urban-revivo,Urban Revivo,FR,womens,38,,waist,70,73
urban-revivo-fr-womens-g0,urban-revivo,Urban Revivo,FR,womens,38,,hip,94,98
urban-revivo-fr-womens-g0,urban-revivo,Urban Revivo,FR,womens,40,,bust,92,96
urban-revivo-fr-womens-g0,urban-revivo,Urban Revivo,FR,womens,40,,waist,73,77
urban-revivo-fr-womens-g0,urban-revivo,Urban Revivo,FR,womens,40,,hip,98,102
urban-revivo-fr-womens-g0,urban-revivo,Urban Revivo,FR,womens,42,,bust,96,100
urban-revivo-fr-womens-g0,urban-revivo,Urban Revivo,FR,womens,42,,waist,77,83
urban-revivo-fr-womens-g0,urban-revivo,Urban Revivo,FR,womens,42,,hip,102,106
anta-int-mens-g0,anta,ANTA,INT,mens,2XS,,bust,72,80
anta-int-mens-g0,anta,ANTA,INT,mens,2XS,,waist,57,65
anta-int-mens-g0,anta,ANTA,INT,mens,2XS,,hip,72,80
anta-int-mens-g0,anta,ANTA,INT,mens,XS,,bust,80,88
anta-int-mens-g0,anta,ANTA,INT,mens,XS,,waist,65,73
anta-int-mens-g0,anta,ANTA,INT,mens,XS,,hip,80,88
anta-int-mens-g0,anta,ANTA,INT,mens,S,,bust,88,96
anta-int-mens-g0,anta,ANTA,INT,mens,S,,waist,73,81
anta-int-mens-g0,anta,ANTA,INT,mens,S,,hip,88,96
anta-int-mens-g0,anta,ANTA,INT,mens,M,,bust,96,104
anta-int-mens-g0,anta,ANTA,INT,mens,M,,waist,81,89
anta-int-mens-g0,anta,ANTA,INT,mens,M,,hip,96,104
anta-int-mens-g0,anta,ANTA,INT,mens,L,,bust,104,112
anta-int-mens-g0,anta,ANTA,INT,mens,L,,waist,89,97
anta-int-mens-g0,anta,ANTA,INT,mens,L,,hip,104,112
anta-int-mens-g0,anta,ANTA,INT,mens,XL,,bust,112,124
anta-int-mens-g0,anta,ANTA,INT,mens,XL,,waist,97,109
anta-int-mens-g0,anta,ANTA,INT,mens,XL,,hip,112,120
anta-int-mens-g0,anta,ANTA,INT,mens,2XL,,bust,124,136
anta-int-mens-g0,anta,ANTA,INT,mens,2XL,,waist,109,121
anta-int-mens-g0,anta,ANTA,INT,mens,2XL,,hip,120,128
anta-int-mens-g0,anta,ANTA,INT,mens,3XL,,bust,136,148
anta-int-mens-g0,anta,ANTA,INT,mens,3XL,,waist,121,133
anta-int-mens-g0,anta,ANTA,INT,mens,3XL,,hip,128,136
anta-int-mens-g0,anta,ANTA,INT,mens,4XL,,bust,148,160
anta-int-mens-g0,anta,ANTA,INT,mens,4XL,,waist,133,145
anta-int-mens-g0,anta,ANTA,INT,mens,4XL,,hip,136,148
anta-int-mens-g1,anta,ANTA,INT,mens,2XS,,waist,57,65
anta-int-mens-g1,anta,ANTA,INT,mens,2XS,,hip,72,80
anta-int-mens-g1,anta,ANTA,INT,mens,XS,,waist,65,73
anta-int-mens-g1,anta,ANTA,INT,mens,XS,,hip,80,88
anta-int-mens-g1,anta,ANTA,INT,mens,S,,waist,73,81
anta-int-mens-g1,anta,ANTA,INT,mens,S,,hip,88,96
anta-int-mens-g1,anta,ANTA,INT,mens,M,,waist,81,89
anta-int-mens-g1,anta,ANTA,INT,mens,M,,hip,96,104
anta-int-mens-g1,anta,ANTA,INT,mens,L,,waist,89,97
anta-int-mens-g1,anta,ANTA,INT,mens,L,,hip,104,112
anta-int-mens-g1,anta,ANTA,INT,mens,XL,,waist,97,109
anta-int-mens-g1,anta,ANTA,INT,mens,XL,,hip,112,120
anta-int-mens-g1,anta,ANTA,INT,mens,2XL,,waist,109,121
anta-int-mens-g1,anta,ANTA,INT,mens,2XL,,hip,120,128
anta-int-mens-g1,anta,ANTA,INT,mens,3XL,,waist,121,133
anta-int-mens-g1,anta,ANTA,INT,mens,3XL,,hip,128,136
anta-int-mens-g1,anta,ANTA,INT,mens,4XL,,waist,133,145
anta-int-mens-g1,anta,ANTA,INT,mens,4XL,,hip,136,148
anta-int-womens-g2,anta,ANTA,INT,womens,2XS,,bust,70,76
anta-int-womens-g2,anta,ANTA,INT,womens,2XS,,waist,54,60
anta-int-womens-g2,anta,ANTA,INT,womens,2XS,,hip,78,84
anta-int-womens-g2,anta,ANTA,INT,womens,XS,,bust,76,83
anta-int-womens-g2,anta,ANTA,INT,womens,XS,,waist,60,67
anta-int-womens-g2,anta,ANTA,INT,womens,XS,,hip,84,91
anta-int-womens-g2,anta,ANTA,INT,womens,S,,bust,83,90
anta-int-womens-g2,anta,ANTA,INT,womens,S,,waist,67,74
anta-int-womens-g2,anta,ANTA,INT,womens,S,,hip,91,98
anta-int-womens-g2,anta,ANTA,INT,womens,M,,bust,90,97
anta-int-womens-g2,anta,ANTA,INT,womens,M,,waist,74,81
anta-int-womens-g2,anta,ANTA,INT,womens,M,,hip,98,105
anta-int-womens-g2,anta,ANTA,INT,womens,L,,bust,97,104
anta-int-womens-g2,anta,ANTA,INT,womens,L,,waist,81,88
anta-int-womens-g2,anta,ANTA,INT,womens,L,,hip,105,112
anta-int-womens-g2,anta,ANTA,INT,womens,XL,,bust,104,114
anta-int-womens-g2,anta,ANTA,INT,womens,XL,,waist,88,98
anta-int-womens-g2,anta,ANTA,INT,womens,XL,,hip,112,120
anta-int-womens-g2,anta,ANTA,INT,womens,2XL,,bust,114,124
anta-int-womens-g2,anta,ANTA,INT,womens,2XL,,waist,98,108
anta-int-womens-g2,anta,ANTA,INT,womens,2XL,,hip,120,128
kappa-eu-mens-g0,kappa,Kappa,EU,mens,42,XS,bust,82,88
kappa-eu-mens-g0,kappa,Kappa,EU,mens,42,XS,waist,63,69
kappa-eu-mens-g0,kappa,Kappa,EU,mens,42,XS,hip,78,84
kappa-eu-mens-g0,kappa,Kappa,EU,mens,44,S,bust,88,94
kappa-eu-mens-g0,kappa,Kappa,EU,mens,44,S,waist,69,75
kappa-eu-mens-g0,kappa,Kappa,EU,mens,44,S,hip,84,90
kappa-eu-mens-g0,kappa,Kappa,EU,mens,46,M,bust,94,100
kappa-eu-mens-g0,kappa,Kappa,EU,mens,46,M,waist,75,81
kappa-eu-mens-g0,kappa,Kappa,EU,mens,46,M,hip,90,96
kappa-eu-mens-g0,kappa,Kappa,EU,mens,48,L,bust,100,106
kappa-eu-mens-g0,kappa,Kappa,EU,mens,48,L,waist,81,87
kappa-eu-mens-g0,kappa,Kappa,EU,mens,48,L,hip,96,102
kappa-eu-mens-g0,kappa,Kappa,EU,mens,50/52,XL,bust,106,112
kappa-eu-mens-g0,kappa,Kappa,EU,mens,50/52,XL,waist,87,93
kappa-eu-mens-g0,kappa,Kappa,EU,mens,50/52,XL,hip,102,108
kappa-eu-mens-g0,kappa,Kappa,EU,mens,54/56,2XL,bust,112,118
kappa-eu-mens-g0,kappa,Kappa,EU,mens,54/56,2XL,waist,93,99
kappa-eu-mens-g0,kappa,Kappa,EU,mens,54/56,2XL,hip,108,114
kappa-eu-mens-g0,kappa,Kappa,EU,mens,58/60,3XL,bust,118,124
kappa-eu-mens-g0,kappa,Kappa,EU,mens,58/60,3XL,waist,99,105
kappa-eu-mens-g0,kappa,Kappa,EU,mens,58/60,3XL,hip,114,120
kappa-eu-mens-g0,kappa,Kappa,EU,mens,62,4XL,bust,124,130
kappa-eu-mens-g0,kappa,Kappa,EU,mens,62,4XL,waist,105,111
kappa-eu-mens-g0,kappa,Kappa,EU,mens,62,4XL,hip,120,126
kappa-eu-mens-g0,kappa,Kappa,EU,mens,64,5XL,bust,130,136
kappa-eu-mens-g0,kappa,Kappa,EU,mens,64,5XL,waist,111,117
kappa-eu-mens-g0,kappa,Kappa,EU,mens,64,5XL,hip,126,132
kappa-eu-mens-g0,kappa,Kappa,EU,mens,66,6XL,bust,136,142
kappa-eu-mens-g0,kappa,Kappa,EU,mens,66,6XL,waist,117,123
kappa-eu-mens-g0,kappa,Kappa,EU,mens,66,6XL,hip,132,138
kappa-eu-mens-g3,kappa,Kappa,EU,mens,42,XS,waist,71,75
kappa-eu-mens-g3,kappa,Kappa,EU,mens,42,XS,hip,79.5,85.5
kappa-eu-mens-g3,kappa,Kappa,EU,mens,44,S,waist,75,79
kappa-eu-mens-g3,kappa,Kappa,EU,mens,44,S,hip,85.5,91.5
kappa-eu-mens-g3,kappa,Kappa,EU,mens,46,M,waist,79,82.5
kappa-eu-mens-g3,kappa,Kappa,EU,mens,46,M,hip,91.5,96.8
kappa-eu-mens-g3,kappa,Kappa,EU,mens,48,L,waist,82.5,86
kappa-eu-mens-g3,kappa,Kappa,EU,mens,48,L,hip,96.8,100.5
kappa-eu-mens-g3,kappa,Kappa,EU,mens,50,XL,waist,86,90
kappa-eu-mens-g3,kappa,Kappa,EU,mens,50,XL,hip,100.5,103.5
kappa-eu-mens-g3,kappa,Kappa,EU,mens,52,XL,waist,90,94
kappa-eu-mens-g3,kappa,Kappa,EU,mens,52,XL,hip,103.5,106.5
kappa-eu-mens-g3,kappa,Kappa,EU,mens,54,2XL,waist,94,98
kappa-eu-mens-g3,kappa,Kappa,EU,mens,54,2XL,hip,106.5,109.5
kappa-eu-mens-g3,kappa,Kappa,EU,mens,56,2XL,waist,98,102
kappa-eu-mens-g3,kappa,Kappa,EU,mens,56,2XL,hip,109.5,112.5
kappa-eu-mens-g3,kappa,Kappa,EU,mens,58,3XL,waist,102,106
kappa-eu-mens-g3,kappa,Kappa,EU,mens,58,3XL,hip,112.5,115.5
kappa-eu-mens-g3,kappa,Kappa,EU,mens,60,3XL,waist,106,110
kappa-eu-mens-g3,kappa,Kappa,EU,mens,60,3XL,hip,115.5,120
kappa-eu-mens-g3,kappa,Kappa,EU,mens,62,4XL,waist,110,113
kappa-eu-mens-g3,kappa,Kappa,EU,mens,62,4XL,hip,120,126
kappa-eu-mens-g3,kappa,Kappa,EU,mens,64,5XL,waist,113,115
kappa-eu-mens-g3,kappa,Kappa,EU,mens,64,5XL,hip,126,132
kappa-fr-mens-g1,kappa,Kappa,FR,mens,42,XS,bust,82,88
kappa-fr-mens-g1,kappa,Kappa,FR,mens,42,XS,waist,63,69
kappa-fr-mens-g1,kappa,Kappa,FR,mens,42,XS,hip,78,84
kappa-fr-mens-g1,kappa,Kappa,FR,mens,44,S,bust,88,94
kappa-fr-mens-g1,kappa,Kappa,FR,mens,44,S,waist,69,75
kappa-fr-mens-g1,kappa,Kappa,FR,mens,44,S,hip,84,90
kappa-fr-mens-g1,kappa,Kappa,FR,mens,46,M,bust,94,100
kappa-fr-mens-g1,kappa,Kappa,FR,mens,46,M,waist,75,81
kappa-fr-mens-g1,kappa,Kappa,FR,mens,46,M,hip,90,96
kappa-fr-mens-g1,kappa,Kappa,FR,mens,48,L,bust,100,106
kappa-fr-mens-g1,kappa,Kappa,FR,mens,48,L,waist,81,87
kappa-fr-mens-g1,kappa,Kappa,FR,mens,48,L,hip,96,102
kappa-fr-mens-g1,kappa,Kappa,FR,mens,50/52,XL,bust,106,112
kappa-fr-mens-g1,kappa,Kappa,FR,mens,50/52,XL,waist,87,93
kappa-fr-mens-g1,kappa,Kappa,FR,mens,50/52,XL,hip,102,108
kappa-fr-mens-g1,kappa,Kappa,FR,mens,54/56,2XL,bust,112,118
kappa-fr-mens-g1,kappa,Kappa,FR,mens,54/56,2XL,waist,93,99
kappa-fr-mens-g1,kappa,Kappa,FR,mens,54/56,2XL,hip,108,114
kappa-fr-mens-g1,kappa,Kappa,FR,mens,58/60,3XL,bust,118,124
kappa-fr-mens-g1,kappa,Kappa,FR,mens,58/60,3XL,waist,99,105
kappa-fr-mens-g1,kappa,Kappa,FR,mens,58/60,3XL,hip,114,120
kappa-fr-mens-g1,kappa,Kappa,FR,mens,62,4XL,bust,124,130
kappa-fr-mens-g1,kappa,Kappa,FR,mens,62,4XL,waist,105,111
kappa-fr-mens-g1,kappa,Kappa,FR,mens,62,4XL,hip,120,126
kappa-fr-mens-g1,kappa,Kappa,FR,mens,64,5XL,bust,130,136
kappa-fr-mens-g1,kappa,Kappa,FR,mens,64,5XL,waist,111,117
kappa-fr-mens-g1,kappa,Kappa,FR,mens,64,5XL,hip,126,132
kappa-fr-mens-g1,kappa,Kappa,FR,mens,66,6XL,bust,136,142
kappa-fr-mens-g1,kappa,Kappa,FR,mens,66,6XL,waist,117,123
kappa-fr-mens-g1,kappa,Kappa,FR,mens,66,6XL,hip,132,138
kappa-fr-mens-g4,kappa,Kappa,FR,mens,42,XS,waist,71,75
kappa-fr-mens-g4,kappa,Kappa,FR,mens,42,XS,hip,79.5,85.5
kappa-fr-mens-g4,kappa,Kappa,FR,mens,44,S,waist,75,79
kappa-fr-mens-g4,kappa,Kappa,FR,mens,44,S,hip,85.5,91.5
kappa-fr-mens-g4,kappa,Kappa,FR,mens,46,M,waist,79,82.5
kappa-fr-mens-g4,kappa,Kappa,FR,mens,46,M,hip,91.5,96.8
kappa-fr-mens-g4,kappa,Kappa,FR,mens,48,L,waist,82.5,86
kappa-fr-mens-g4,kappa,Kappa,FR,mens,48,L,hip,96.8,100.5
kappa-fr-mens-g4,kappa,Kappa,FR,mens,50,XL,waist,86,90
kappa-fr-mens-g4,kappa,Kappa,FR,mens,50,XL,hip,100.5,103.5
kappa-fr-mens-g4,kappa,Kappa,FR,mens,52,XL,waist,90,94
kappa-fr-mens-g4,kappa,Kappa,FR,mens,52,XL,hip,103.5,106.5
kappa-fr-mens-g4,kappa,Kappa,FR,mens,54,2XL,waist,94,98
kappa-fr-mens-g4,kappa,Kappa,FR,mens,54,2XL,hip,106.5,109.5
kappa-fr-mens-g4,kappa,Kappa,FR,mens,56,2XL,waist,98,102
kappa-fr-mens-g4,kappa,Kappa,FR,mens,56,2XL,hip,109.5,112.5
kappa-fr-mens-g4,kappa,Kappa,FR,mens,58,3XL,waist,102,106
kappa-fr-mens-g4,kappa,Kappa,FR,mens,58,3XL,hip,112.5,115.5
kappa-fr-mens-g4,kappa,Kappa,FR,mens,60,3XL,waist,106,110
kappa-fr-mens-g4,kappa,Kappa,FR,mens,60,3XL,hip,115.5,120
kappa-fr-mens-g4,kappa,Kappa,FR,mens,62,4XL,waist,110,113
kappa-fr-mens-g4,kappa,Kappa,FR,mens,62,4XL,hip,120,126
kappa-fr-mens-g4,kappa,Kappa,FR,mens,64,5XL,waist,113,115
kappa-fr-mens-g4,kappa,Kappa,FR,mens,64,5XL,hip,126,132
kappa-it-mens-g2,kappa,Kappa,IT,mens,42,XS,bust,82,88
kappa-it-mens-g2,kappa,Kappa,IT,mens,42,XS,waist,63,69
kappa-it-mens-g2,kappa,Kappa,IT,mens,42,XS,hip,78,84
kappa-it-mens-g2,kappa,Kappa,IT,mens,44,S,bust,88,94
kappa-it-mens-g2,kappa,Kappa,IT,mens,44,S,waist,69,75
kappa-it-mens-g2,kappa,Kappa,IT,mens,44,S,hip,84,90
kappa-it-mens-g2,kappa,Kappa,IT,mens,46,M,bust,94,100
kappa-it-mens-g2,kappa,Kappa,IT,mens,46,M,waist,75,81
kappa-it-mens-g2,kappa,Kappa,IT,mens,46,M,hip,90,96
kappa-it-mens-g2,kappa,Kappa,IT,mens,48,L,bust,100,106
kappa-it-mens-g2,kappa,Kappa,IT,mens,48,L,waist,81,87
kappa-it-mens-g2,kappa,Kappa,IT,mens,48,L,hip,96,102
kappa-it-mens-g2,kappa,Kappa,IT,mens,50/52,XL,bust,106,112
kappa-it-mens-g2,kappa,Kappa,IT,mens,50/52,XL,waist,87,93
kappa-it-mens-g2,kappa,Kappa,IT,mens,50/52,XL,hip,102,108
kappa-it-mens-g2,kappa,Kappa,IT,mens,54/56,2XL,bust,112,118
kappa-it-mens-g2,kappa,Kappa,IT,mens,54/56,2XL,waist,93,99
kappa-it-mens-g2,kappa,Kappa,IT,mens,54/56,2XL,hip,108,114
kappa-it-mens-g2,kappa,Kappa,IT,mens,58/60,3XL,bust,118,124
kappa-it-mens-g2,kappa,Kappa,IT,mens,58/60,3XL,waist,99,105
kappa-it-mens-g2,kappa,Kappa,IT,mens,58/60,3XL,hip,114,120
kappa-it-mens-g2,kappa,Kappa,IT,mens,62,4XL,bust,124,130
kappa-it-mens-g2,kappa,Kappa,IT,mens,62,4XL,waist,105,111
kappa-it-mens-g2,kappa,Kappa,IT,mens,62,4XL,hip,120,126
kappa-it-mens-g2,kappa,Kappa,IT,mens,64,5XL,bust,130,136
kappa-it-mens-g2,kappa,Kappa,IT,mens,64,5XL,waist,111,117
kappa-it-mens-g2,kappa,Kappa,IT,mens,64,5XL,hip,126,132
kappa-it-mens-g2,kappa,Kappa,IT,mens,66,6XL,bust,136,142
kappa-it-mens-g2,kappa,Kappa,IT,mens,66,6XL,waist,117,123
kappa-it-mens-g2,kappa,Kappa,IT,mens,66,6XL,hip,132,138
kappa-it-mens-g5,kappa,Kappa,IT,mens,42,XS,waist,71,75
kappa-it-mens-g5,kappa,Kappa,IT,mens,42,XS,hip,79.5,85.5
kappa-it-mens-g5,kappa,Kappa,IT,mens,44,S,waist,75,79
kappa-it-mens-g5,kappa,Kappa,IT,mens,44,S,hip,85.5,91.5
kappa-it-mens-g5,kappa,Kappa,IT,mens,46,M,waist,79,82.5
kappa-it-mens-g5,kappa,Kappa,IT,mens,46,M,hip,91.5,96.8
kappa-it-mens-g5,kappa,Kappa,IT,mens,48,L,waist,82.5,86
kappa-it-mens-g5,kappa,Kappa,IT,mens,48,L,hip,96.8,100.5
kappa-it-mens-g5,kappa,Kappa,IT,mens,50,XL,waist,86,90
kappa-it-mens-g5,kappa,Kappa,IT,mens,50,XL,hip,100.5,103.5
kappa-it-mens-g5,kappa,Kappa,IT,mens,52,XL,waist,90,94
kappa-it-mens-g5,kappa,Kappa,IT,mens,52,XL,hip,103.5,106.5
kappa-it-mens-g5,kappa,Kappa,IT,mens,54,2XL,waist,94,98
kappa-it-mens-g5,kappa,Kappa,IT,mens,54,2XL,hip,106.5,109.5
kappa-it-mens-g5,kappa,Kappa,IT,mens,56,2XL,waist,98,102
kappa-it-mens-g5,kappa,Kappa,IT,mens,56,2XL,hip,109.5,112.5
kappa-it-mens-g5,kappa,Kappa,IT,mens,58,3XL,waist,102,106
kappa-it-mens-g5,kappa,Kappa,IT,mens,58,3XL,hip,112.5,115.5
kappa-it-mens-g5,kappa,Kappa,IT,mens,60,3XL,waist,106,110
kappa-it-mens-g5,kappa,Kappa,IT,mens,60,3XL,hip,115.5,120
kappa-it-mens-g5,kappa,Kappa,IT,mens,62,4XL,waist,110,113
kappa-it-mens-g5,kappa,Kappa,IT,mens,62,4XL,hip,120,126
kappa-it-mens-g5,kappa,Kappa,IT,mens,64,5XL,waist,113,115
kappa-it-mens-g5,kappa,Kappa,IT,mens,64,5XL,hip,126,132
fila-int-mens-g0,fila,FILA,INT,mens,XS,,bust,89.5,94.5
fila-int-mens-g0,fila,FILA,INT,mens,XS,,waist,74.5,79.5
fila-int-mens-g0,fila,FILA,INT,mens,XS,,hip,90.5,95.5
fila-int-mens-g0,fila,FILA,INT,mens,S,,bust,94.5,99.5
fila-int-mens-g0,fila,FILA,INT,mens,S,,waist,79.5,84.5
fila-int-mens-g0,fila,FILA,INT,mens,S,,hip,95.5,100.5
fila-int-mens-g0,fila,FILA,INT,mens,M,,bust,99.5,104.5
fila-int-mens-g0,fila,FILA,INT,mens,M,,waist,84.5,89.5
fila-int-mens-g0,fila,FILA,INT,mens,M,,hip,100.5,105.5
fila-int-mens-g0,fila,FILA,INT,mens,L,,bust,104.5,109.5
fila-int-mens-g0,fila,FILA,INT,mens,L,,waist,89.5,94.5
fila-int-mens-g0,fila,FILA,INT,mens,L,,hip,105.5,110.5
fila-int-mens-g0,fila,FILA,INT,mens,XL,,bust,109.5,114.5
fila-int-mens-g0,fila,FILA,INT,mens,XL,,waist,94.5,99.5
fila-int-mens-g0,fila,FILA,INT,mens,XL,,hip,110.5,115.5
fila-int-womens-g1,fila,FILA,INT,womens,XS,,bust,77.5,82.5
fila-int-womens-g1,fila,FILA,INT,womens,XS,,waist,59.5,64.5
fila-int-womens-g1,fila,FILA,INT,womens,XS,,hip,85.5,90.5
fila-int-womens-g1,fila,FILA,INT,womens,S,,bust,82.5,87.5
fila-int-womens-g1,fila,FILA,INT,womens,S,,waist,64.5,69.5
fila-int-womens-g1,fila,FILA,INT,womens,S,,hip,90.5,95.5
fila-int-womens-g1,fila,FILA,INT,womens,M,,bust,87.5,92.5
fila-int-womens-g1,fila,FILA,INT,womens,M,,waist,69.5,74.5
fila-int-womens-g1,fila,FILA,INT,womens,M,,hip,95.5,100.5
fila-int-womens-g1,fila,FILA,INT,womens,L,,bust,92.5,97.5
fila-int-womens-g1,fila,FILA,INT,womens,L,,waist,74.5,79.5
fila-int-womens-g1,fila,FILA,INT,womens,L,,hip,100.5,105.5
fila-int-womens-g1,fila,FILA,INT,womens,XL,,bust,97.5,102.5
fila-int-womens-g1,fila,FILA,INT,womens,XL,,waist,79.5,84.5
fila-int-womens-g1,fila,FILA,INT,womens,XL,,hip,105.5,110.5
reebok-int-womens,reebok,Reebok,INT,womens,2XS,,bust,73.5,79
reebok-int-womens,reebok,Reebok,INT,womens,2XS,,waist,57,63.5
reebok-int-womens,reebok,Reebok,INT,womens,2XS,,hip,81,87.5
reebok-int-womens,reebok,Reebok,INT,womens,XS,,bust,79,85
reebok-int-womens,reebok,Reebok,INT,womens,XS,,waist,63.5,68.5
reebok-int-womens,reebok,Reebok,INT,womens,XS,,hip,87.5,94
reebok-int-womens,reebok,Reebok,INT,womens,S,,bust,85,91.5
reebok-int-womens,reebok,Reebok,INT,womens,S,,waist,68.5,75
reebok-int-womens,reebok,Reebok,INT,womens,S,,hip,94,100.5
reebok-int-womens,reebok,Reebok,INT,womens,M,,bust,91.5,98
reebok-int-womens,reebok,Reebok,INT,womens,M,,waist,75,81
reebok-int-womens,reebok,Reebok,INT,womens,M,,hip,100.5,106.5
reebok-int-womens,reebok,Reebok,INT,womens,L,,bust,98,105.5
reebok-int-womens,reebok,Reebok,INT,womens,L,,waist,81,89
reebok-int-womens,reebok,Reebok,INT,womens,L,,hip,106.5,114.5
reebok-int-womens,reebok,Reebok,INT,womens,XL,,bust,105.5,113
reebok-int-womens,reebok,Reebok,INT,womens,XL,,waist,89,99
reebok-int-womens,reebok,Reebok,INT,womens,XL,,hip,114.5,120.5
reebok-int-womens,reebok,Reebok,INT,womens,2XL,,bust,113,122
reebok-int-womens,reebok,Reebok,INT,womens,2XL,,waist,99,109
reebok-int-womens,reebok,Reebok,INT,womens,2XL,,hip,120.5,129.5
triumph-eu-womens,triumph,Triumph,EU,womens,32,,waist,56,59
triumph-eu-womens,triumph,Triumph,EU,womens,32,,hip,82,85
triumph-eu-womens,triumph,Triumph,EU,womens,34,,waist,60,63
triumph-eu-womens,triumph,Triumph,EU,womens,34,,hip,86,89
triumph-eu-womens,triumph,Triumph,EU,womens,36,,waist,64,67
triumph-eu-womens,triumph,Triumph,EU,womens,36,,hip,90,93
triumph-eu-womens,triumph,Triumph,EU,womens,38,,waist,68,72
triumph-eu-womens,triumph,Triumph,EU,womens,38,,hip,94,98
triumph-eu-womens,triumph,Triumph,EU,womens,40,,waist,73,77
triumph-eu-womens,triumph,Triumph,EU,womens,40,,hip,99,103
triumph-eu-womens,triumph,Triumph,EU,womens,42,,waist,78,82
triumph-eu-womens,triumph,Triumph,EU,womens,42,,hip,104,108
triumph-eu-womens,triumph,Triumph,EU,womens,44,,waist,83,87
triumph-eu-womens,triumph,Triumph,EU,womens,44,,hip,109,113
triumph-eu-womens,triumph,Triumph,EU,womens,46,,waist,88,92
triumph-eu-womens,triumph,Triumph,EU,womens,46,,hip,114,118
triumph-eu-womens,triumph,Triumph,EU,womens,48,,waist,93,97
triumph-eu-womens,triumph,Triumph,EU,womens,48,,hip,119,123
triumph-eu-womens,triumph,Triumph,EU,womens,50,,waist,98,102
triumph-eu-womens,triumph,Triumph,EU,womens,50,,hip,124,128
triumph-eu-womens,triumph,Triumph,EU,womens,52,,waist,103,107
triumph-eu-womens,triumph,Triumph,EU,womens,52,,hip,129,133
triumph-eu-womens,triumph,Triumph,EU,womens,54,,waist,108,112
triumph-eu-womens,triumph,Triumph,EU,womens,54,,hip,134,138
triumph-int-womens,triumph,Triumph,INT,womens,S,,bust,99.5,104.5
triumph-int-womens,triumph,Triumph,INT,womens,S,,waist,74,78
triumph-int-womens,triumph,Triumph,INT,womens,M,,bust,104.5,109
triumph-int-womens,triumph,Triumph,INT,womens,M,,waist,78,82
triumph-int-womens,triumph,Triumph,INT,womens,L,,bust,109,113
triumph-int-womens,triumph,Triumph,INT,womens,L,,waist,82,86
triumph-int-womens,triumph,Triumph,INT,womens,XL,,bust,113,117
triumph-int-womens,triumph,Triumph,INT,womens,XL,,waist,86,90
triumph-uk-womens,triumph,Triumph,UK,womens,8,,bust,85,85
triumph-uk-womens,triumph,Triumph,UK,womens,8,,waist,63,67
triumph-uk-womens,triumph,Triumph,UK,womens,8,,hip,88,92
triumph-uk-womens,triumph,Triumph,UK,womens,10,,bust,90,90
triumph-uk-womens,triumph,Triumph,UK,womens,10,,waist,68,72
triumph-uk-womens,triumph,Triumph,UK,womens,10,,hip,93,97
triumph-uk-womens,triumph,Triumph,UK,womens,12,,bust,95,95
triumph-uk-womens,triumph,Triumph,UK,womens,12,,waist,73,77
triumph-uk-womens,triumph,Triumph,UK,womens,12,,hip,98,102
triumph-uk-womens,triumph,Triumph,UK,womens,14,,bust,100,100
triumph-uk-womens,triumph,Triumph,UK,womens,14,,waist,78,82
triumph-uk-womens,triumph,Triumph,UK,womens,14,,hip,103,107
triumph-uk-womens,triumph,Triumph,UK,womens,16,,bust,105,105
triumph-uk-womens,triumph,Triumph,UK,womens,16,,waist,83,87
triumph-uk-womens,triumph,Triumph,UK,womens,16,,hip,108,112
triumph-uk-womens,triumph,Triumph,UK,womens,18,,bust,110,110
triumph-uk-womens,triumph,Triumph,UK,womens,18,,waist,88,92
triumph-uk-womens,triumph,Triumph,UK,womens,18,,hip,113,117
triumph-uk-womens,triumph,Triumph,UK,womens,20,,bust,115,115
triumph-uk-womens,triumph,Triumph,UK,womens,20,,waist,93,97
triumph-uk-womens,triumph,Triumph,UK,womens,20,,hip,118,122
triumph-uk-womens,triumph,Triumph,UK,womens,22,,bust,120,120
triumph-uk-womens,triumph,Triumph,UK,womens,22,,waist,98,102
triumph-uk-womens,triumph,Triumph,UK,womens,22,,hip,123,127
triumph-uk-womens,triumph,Triumph,UK,womens,24,,bust,125,125
triumph-uk-womens,triumph,Triumph,UK,womens,24,,waist,103,107
triumph-uk-womens,triumph,Triumph,UK,womens,24,,hip,128,132
